particle,energy_MeV,detector_material,detector_thickness_mm,mean_eDep_MeV,std_eDep_MeV,stderr_eDep_MeV,n_events
deuteron,0.1,Si,0.5,0.0625737,0.00270838,2.70838e-05,10000
deuteron,0.1,Si,0.75,0.062494,0.00303301,3.03301e-05,10000
deuteron,0.1,Si,1.0,0.0625287,0.00291071,2.91071e-05,10000
deuteron,0.1,Si,1.25,0.0625286,0.00278044,2.78044e-05,10000
deuteron,0.1,Si,1.5,0.0625629,0.00262878,2.62878e-05,10000
deuteron,0.1,Si,1.75,0.0625414,0.00302644,3.02644e-05,10000
deuteron,0.1,Si,2.0,0.0625158,0.00278732,2.78732e-05,10000
deuteron,0.2,Si,0.5,0.163107,0.00294028,2.94028e-05,10000
deuteron,0.2,Si,0.75,0.163093,0.00295708,2.95708e-05,10000
deuteron,0.2,Si,1.0,0.163129,0.00340668,3.40668e-05,10000
deuteron,0.2,Si,1.25,0.163093,0.00294472,2.94472e-05,10000
deuteron,0.2,Si,1.5,0.163085,0.00295205,2.95205e-05,10000
deuteron,0.2,Si,1.75,0.163147,0.00248119,2.48119e-05,10000
deuteron,0.2,Si,2.0,0.163074,0.00296711,2.96711e-05,10000
deuteron,0.3,Si,0.5,0.266706,0.00365636,3.65636e-05,10000
deuteron,0.3,Si,0.75,0.266702,0.00363973,3.63973e-05,10000
deuteron,0.3,Si,1.0,0.266746,0.00247193,2.47193e-05,10000
deuteron,0.3,Si,1.25,0.266732,0.00248303,2.48303e-05,10000
deuteron,0.3,Si,1.5,0.266665,0.00365117,3.65117e-05,10000
deuteron,0.3,Si,1.75,0.26671,0.00248954,2.48954e-05,10000
deuteron,0.3,Si,2.0,0.266657,0.0045027,4.5027e-05,10000
deuteron,0.4,Si,0.5,0.369591,0.00248065,2.48065e-05,10000
deuteron,0.4,Si,0.75,0.36954,0.00249246,2.49246e-05,10000
deuteron,0.4,Si,1.0,0.369588,0.00248986,2.48986e-05,10000
deuteron,0.4,Si,1.25,0.369532,0.00445506,4.45506e-05,10000
deuteron,0.4,Si,1.5,0.36954,0.00244318,2.44318e-05,10000
deuteron,0.4,Si,1.75,0.369604,0.00248801,2.48801e-05,10000
deuteron,0.4,Si,2.0,0.369583,0.00249582,2.49582e-05,10000
deuteron,0.5,Si,0.5,0.471831,0.00532222,5.32222e-05,10000
deuteron,0.5,Si,0.75,0.471816,0.00532852,5.32852e-05,10000
deuteron,0.5,Si,1.0,0.471868,0.00246055,2.46055e-05,10000
deuteron,0.5,Si,1.25,0.471893,0.00246882,2.46882e-05,10000
deuteron,0.5,Si,1.5,0.471854,0.00247388,2.47388e-05,10000
deuteron,0.5,Si,1.75,0.471904,0.00249406,2.49406e-05,10000
deuteron,0.5,Si,2.0,0.471861,0.00246622,2.46622e-05,10000
deuteron,0.6,Si,0.5,0.573774,0.00245648,2.45648e-05,10000
deuteron,0.6,Si,0.75,0.5738,0.00245357,2.45357e-05,10000
deuteron,0.6,Si,1.0,0.573744,0.00242357,2.42357e-05,10000
deuteron,0.6,Si,1.25,0.573738,0.00244384,2.44384e-05,10000
deuteron,0.6,Si,1.5,0.573728,0.00624709,6.24709e-05,10000
deuteron,0.6,Si,1.75,0.573795,0.00245772,2.45772e-05,10000
deuteron,0.6,Si,2.0,0.573766,0.00249383,2.49383e-05,10000
deuteron,0.7,Si,0.5,0.67541,0.00246303,2.46303e-05,10000
deuteron,0.7,Si,0.75,0.675347,0.0072033,7.2033e-05,10000
deuteron,0.7,Si,1.0,0.675418,0.00245638,2.45638e-05,10000
deuteron,0.7,Si,1.25,0.675361,0.00718742,7.18742e-05,10000
deuteron,0.7,Si,1.5,0.675418,0.00244821,2.44821e-05,10000
deuteron,0.7,Si,1.75,0.675387,0.00250015,2.50015e-05,10000
deuteron,0.7,Si,2.0,0.675349,0.0024739,2.4739e-05,10000
deuteron,0.7999999999999999,Si,0.5,0.776865,0.00249335,2.49335e-05,10000
deuteron,0.7999999999999999,Si,0.75,0.776801,0.00246581,2.46581e-05,10000
deuteron,0.7999999999999999,Si,1.0,0.776879,0.0024702,2.4702e-05,10000
deuteron,0.7999999999999999,Si,1.25,0.776873,0.00245819,2.45819e-05,10000
deuteron,0.7999999999999999,Si,1.5,0.776813,0.00250513,2.50513e-05,10000
deuteron,0.7999999999999999,Si,1.75,0.776832,0.00247641,2.47641e-05,10000
deuteron,0.7999999999999999,Si,2.0,0.776877,0.0024812,2.4812e-05,10000
deuteron,0.8999999999999999,Si,0.5,0.878158,0.00245867,2.45867e-05,10000
deuteron,0.8999999999999999,Si,0.75,0.878175,0.00249025,2.49025e-05,10000
deuteron,0.8999999999999999,Si,1.0,0.878167,0.00248926,2.48926e-05,10000
deuteron,0.8999999999999999,Si,1.25,0.87815,0.00248906,2.48906e-05,10000
deuteron,0.8999999999999999,Si,1.5,0.878201,0.00248268,2.48268e-05,10000
deuteron,0.8999999999999999,Si,1.75,0.878129,0.00248893,2.48893e-05,10000
deuteron,0.8999999999999999,Si,2.0,0.878179,0.0024977,2.4977e-05,10000
deuteron,0.9999999999999999,Si,0.5,0.979336,0.0024687,2.4687e-05,10000
deuteron,0.9999999999999999,Si,0.75,0.979285,0.00249388,2.49388e-05,10000
deuteron,0.9999999999999999,Si,1.0,0.979237,0.00246026,2.46026e-05,10000
deuteron,0.9999999999999999,Si,1.25,0.979266,0.00247163,2.47163e-05,10000
deuteron,0.9999999999999999,Si,1.5,0.979271,0.00248487,2.48487e-05,10000
deuteron,0.9999999999999999,Si,1.75,0.979263,0.00245963,2.45963e-05,10000
deuteron,0.9999999999999999,Si,2.0,0.97922,0.00248164,2.48164e-05,10000
deuteron,1.0999999999999999,Si,0.5,1.08031,0.00245759,2.45759e-05,10000
deuteron,1.0999999999999999,Si,0.75,1.08032,0.0024796,2.4796e-05,10000
deuteron,1.0999999999999999,Si,1.0,1.08033,0.00246359,2.46359e-05,10000
deuteron,1.0999999999999999,Si,1.25,1.08032,0.00247795,2.47795e-05,10000
deuteron,1.0999999999999999,Si,1.5,1.08026,0.00246747,2.46747e-05,10000
deuteron,1.0999999999999999,Si,1.75,1.08025,0.0024533,2.4533e-05,10000
deuteron,1.0999999999999999,Si,2.0,1.08031,0.00245928,2.45928e-05,10000
deuteron,1.2,Si,0.5,1.18138,0.00248499,2.48499e-05,10000
deuteron,1.2,Si,0.75,1.18133,0.00248573,2.48573e-05,10000
deuteron,1.2,Si,1.0,1.18133,0.00248015,2.48015e-05,10000
deuteron,1.2,Si,1.25,1.18129,0.00247928,2.47928e-05,10000
deuteron,1.2,Si,1.5,1.18128,0.00245315,2.45315e-05,10000
deuteron,1.2,Si,1.75,1.1813,0.00246406,2.46406e-05,10000
deuteron,1.2,Si,2.0,1.18132,0.00246012,2.46012e-05,10000
deuteron,1.3,Si,0.5,1.28212,0.00246445,2.46445e-05,10000
deuteron,1.3,Si,0.75,1.28213,0.00246477,2.46477e-05,10000
deuteron,1.3,Si,1.0,1.28209,0.00246411,2.46411e-05,10000
deuteron,1.3,Si,1.25,1.28215,0.00244441,2.44441e-05,10000
deuteron,1.3,Si,1.5,1.28217,0.00246171,2.46171e-05,10000
deuteron,1.3,Si,1.75,1.28212,0.00248588,2.48588e-05,10000
deuteron,1.3,Si,2.0,1.28214,0.0024635,2.4635e-05,10000
deuteron,1.4,Si,0.5,1.38284,0.00245398,2.45398e-05,10000
deuteron,1.4,Si,0.75,1.38279,0.00247094,2.47094e-05,10000
deuteron,1.4,Si,1.0,1.38276,0.00247024,2.47024e-05,10000
deuteron,1.4,Si,1.25,1.38278,0.00248036,2.48036e-05,10000
deuteron,1.4,Si,1.5,1.38276,0.00248537,2.48537e-05,10000
deuteron,1.4,Si,1.75,1.38283,0.00249579,2.49579e-05,10000
deuteron,1.4,Si,2.0,1.38282,0.00246032,2.46032e-05,10000
deuteron,1.5,Si,0.5,1.48343,0.00244665,2.44665e-05,10000
deuteron,1.5,Si,0.75,1.48345,0.00249432,2.49432e-05,10000
deuteron,1.5,Si,1.0,1.48339,0.00249315,2.49315e-05,10000
deuteron,1.5,Si,1.25,1.48349,0.00249132,2.49132e-05,10000
deuteron,1.5,Si,1.5,1.4834,0.00250291,2.50291e-05,10000
deuteron,1.5,Si,1.75,1.48344,0.00245698,2.45698e-05,10000
deuteron,1.5,Si,2.0,1.48341,0.00247198,2.47198e-05,10000
deuteron,1.5999999999999999,Si,0.5,1.58407,0.00277671,2.77671e-05,10000
deuteron,1.5999999999999999,Si,0.75,1.58408,0.00277141,2.77141e-05,10000
deuteron,1.5999999999999999,Si,1.0,1.58406,0.00275697,2.75697e-05,10000
deuteron,1.5999999999999999,Si,1.25,1.58394,0.0160727,0.000160727,10000
deuteron,1.5999999999999999,Si,1.5,1.5841,0.00275033,2.75033e-05,10000
deuteron,1.5999999999999999,Si,1.75,1.58412,0.00273428,2.73428e-05,10000
deuteron,1.5999999999999999,Si,2.0,1.58408,0.00275704,2.75704e-05,10000
deuteron,1.7,Si,0.5,1.68462,0.00272214,2.72214e-05,10000
deuteron,1.7,Si,0.75,1.68468,0.00270618,2.70618e-05,10000
deuteron,1.7,Si,1.0,1.68467,0.00274156,2.74156e-05,10000
deuteron,1.7,Si,1.25,1.68465,0.00275057,2.75057e-05,10000
deuteron,1.7,Si,1.5,1.68467,0.00273349,2.73349e-05,10000
deuteron,1.7,Si,1.75,1.68463,0.00274872,2.74872e-05,10000
deuteron,1.7,Si,2.0,1.68463,0.00271516,2.71516e-05,10000
deuteron,1.8,Si,0.5,1.78516,0.00272342,2.72342e-05,10000
deuteron,1.8,Si,0.75,1.78517,0.00270655,2.70655e-05,10000
deuteron,1.8,Si,1.0,1.78516,0.00273093,2.73093e-05,10000
deuteron,1.8,Si,1.25,1.78512,0.00269193,2.69193e-05,10000
deuteron,1.8,Si,1.5,1.78516,0.00274149,2.74149e-05,10000
deuteron,1.8,Si,1.75,1.78516,0.0027068,2.7068e-05,10000
deuteron,1.8,Si,2.0,1.78519,0.00272193,2.72193e-05,10000
deuteron,1.9,Si,0.5,1.88564,0.00266104,2.66104e-05,10000
deuteron,1.9,Si,0.75,1.8856,0.00269114,2.69114e-05,10000
deuteron,1.9,Si,1.0,1.88567,0.00265633,2.65633e-05,10000
deuteron,1.9,Si,1.25,1.88562,0.00268705,2.68705e-05,10000
deuteron,1.9,Si,1.5,1.88562,0.00270538,2.70538e-05,10000
deuteron,1.9,Si,1.75,1.88565,0.00265805,2.65805e-05,10000
deuteron,1.9,Si,2.0,1.88567,0.00271958,2.71958e-05,10000
deuteron,2.0,Si,0.5,1.9861,0.00265245,2.65245e-05,10000
deuteron,2.0,Si,0.75,1.98608,0.00270365,2.70365e-05,10000
deuteron,2.0,Si,1.0,1.98611,0.00267183,2.67183e-05,10000
deuteron,2.0,Si,1.25,1.98607,0.00267861,2.67861e-05,10000
deuteron,2.0,Si,1.5,1.98616,0.00265768,2.65768e-05,10000
deuteron,2.0,Si,1.75,1.98606,0.00267714,2.67714e-05,10000
deuteron,2.0,Si,2.0,1.98603,0.00269018,2.69018e-05,10000
deuteron,2.0999999999999996,Si,0.5,2.0865,0.00261402,2.61402e-05,10000
deuteron,2.0999999999999996,Si,0.75,2.0865,0.00262671,2.62671e-05,10000
deuteron,2.0999999999999996,Si,1.0,2.0865,0.00269122,2.69122e-05,10000
deuteron,2.0999999999999996,Si,1.25,2.08656,0.00266745,2.66745e-05,10000
deuteron,2.0999999999999996,Si,1.5,2.08654,0.00268153,2.68153e-05,10000
deuteron,2.0999999999999996,Si,1.75,2.08652,0.00267935,2.67935e-05,10000
deuteron,2.0999999999999996,Si,2.0,2.0865,0.00267949,2.67949e-05,10000
deuteron,2.1999999999999997,Si,0.5,2.18686,0.00261884,2.61884e-05,10000
deuteron,2.1999999999999997,Si,0.75,2.18689,0.00263532,2.63532e-05,10000
deuteron,2.1999999999999997,Si,1.0,2.18688,0.00264765,2.64765e-05,10000
deuteron,2.1999999999999997,Si,1.25,2.1869,0.00266682,2.66682e-05,10000
deuteron,2.1999999999999997,Si,1.5,2.18687,0.00263838,2.63838e-05,10000
deuteron,2.1999999999999997,Si,1.75,2.18688,0.00264752,2.64752e-05,10000
deuteron,2.1999999999999997,Si,2.0,2.18688,0.00264067,2.64067e-05,10000
deuteron,2.3,Si,0.5,2.28726,0.00261297,2.61297e-05,10000
deuteron,2.3,Si,0.75,2.28728,0.00263562,2.63562e-05,10000
deuteron,2.3,Si,1.0,2.28729,0.00263312,2.63312e-05,10000
deuteron,2.3,Si,1.25,2.28723,0.00262763,2.62763e-05,10000
deuteron,2.3,Si,1.5,2.28728,0.0026458,2.6458e-05,10000
deuteron,2.3,Si,1.75,2.2873,0.00265523,2.65523e-05,10000
deuteron,2.3,Si,2.0,2.28763,0.0362825,0.000362825,10000
deuteron,2.4,Si,0.5,2.3876,0.0026035,2.6035e-05,10000
deuteron,2.4,Si,0.75,2.38755,0.00261862,2.61862e-05,10000
deuteron,2.4,Si,1.0,2.38763,0.00262065,2.62065e-05,10000
deuteron,2.4,Si,1.25,2.3876,0.00261211,2.61211e-05,10000
deuteron,2.4,Si,1.5,2.38758,0.00260877,2.60877e-05,10000
deuteron,2.4,Si,1.75,2.38759,0.00261005,2.61005e-05,10000
deuteron,2.4,Si,2.0,2.38762,0.00259412,2.59412e-05,10000
deuteron,2.5,Si,0.5,2.48793,0.0025791,2.5791e-05,10000
deuteron,2.5,Si,0.75,2.48788,0.00256755,2.56755e-05,10000
deuteron,2.5,Si,1.0,2.48789,0.00262241,2.62241e-05,10000
deuteron,2.5,Si,1.25,2.48786,0.00262591,2.62591e-05,10000
deuteron,2.5,Si,1.5,2.48793,0.00259295,2.59295e-05,10000
deuteron,2.5,Si,1.75,2.48796,0.00259805,2.59805e-05,10000
deuteron,2.5,Si,2.0,2.48794,0.0025873,2.5873e-05,10000
deuteron,2.6,Si,0.5,2.58803,0.0183965,0.000183965,10000
deuteron,2.6,Si,0.75,2.5882,0.0026077,2.6077e-05,10000
deuteron,2.6,Si,1.0,2.58824,0.00258254,2.58254e-05,10000
deuteron,2.6,Si,1.25,2.5882,0.00258239,2.58239e-05,10000
deuteron,2.6,Si,1.5,2.58828,0.00909521,9.09521e-05,10000
deuteron,2.6,Si,1.75,2.58817,0.00254264,2.54264e-05,10000
deuteron,2.6,Si,2.0,2.58823,0.00256304,2.56304e-05,10000
deuteron,2.6999999999999997,Si,0.5,2.68838,0.00991445,9.91445e-05,10000
deuteron,2.6999999999999997,Si,0.75,2.68848,0.00256804,2.56804e-05,10000
deuteron,2.6999999999999997,Si,1.0,2.68851,0.00255341,2.55341e-05,10000
deuteron,2.6999999999999997,Si,1.25,2.6883,0.0124785,0.000124785,10000
deuteron,2.6999999999999997,Si,1.5,2.68849,0.00255585,2.55585e-05,10000
deuteron,2.6999999999999997,Si,1.75,2.6885,0.00255647,2.55647e-05,10000
deuteron,2.6999999999999997,Si,2.0,2.6885,0.00255095,2.55095e-05,10000
deuteron,2.8,Si,0.5,2.78886,0.00722521,7.22521e-05,10000
deuteron,2.8,Si,0.75,2.78873,0.0025575,2.5575e-05,10000
deuteron,2.8,Si,1.0,2.78871,0.00256831,2.56831e-05,10000
deuteron,2.8,Si,1.25,2.78875,0.00257418,2.57418e-05,10000
deuteron,2.8,Si,1.5,2.78874,0.00253743,2.53743e-05,10000
deuteron,2.8,Si,1.75,2.78862,0.0146709,0.000146709,10000
deuteron,2.8,Si,2.0,2.78879,0.00256424,2.56424e-05,10000
deuteron,2.9,Si,0.5,2.88902,0.0025486,2.5486e-05,10000
deuteron,2.9,Si,0.75,2.88905,0.00251637,2.51637e-05,10000
deuteron,2.9,Si,1.0,2.88903,0.00253472,2.53472e-05,10000
deuteron,2.9,Si,1.25,2.88901,0.00257661,2.57661e-05,10000
deuteron,2.9,Si,1.5,2.88906,0.00250168,2.50168e-05,10000
deuteron,2.9,Si,1.75,2.88902,0.00252684,2.52684e-05,10000
deuteron,2.9,Si,2.0,2.889,0.00254341,2.54341e-05,10000
deuteron,3.0,Si,0.5,2.98928,0.00252418,2.52418e-05,10000
deuteron,3.0,Si,0.75,2.98926,0.00252224,2.52224e-05,10000
deuteron,3.0,Si,1.0,2.98924,0.00253539,2.53539e-05,10000
deuteron,3.0,Si,1.25,2.98923,0.00250439,2.50439e-05,10000
deuteron,3.0,Si,1.5,2.98925,0.00252227,2.52227e-05,10000
deuteron,3.0,Si,1.75,2.98925,0.00250095,2.50095e-05,10000
deuteron,3.0,Si,2.0,2.98902,0.0249086,0.000249086,10000
deuteron,3.0999999999999996,Si,0.5,3.08947,0.00248845,2.48845e-05,10000
deuteron,3.0999999999999996,Si,0.75,3.0895,0.00248613,2.48613e-05,10000
deuteron,3.0999999999999996,Si,1.0,3.08952,0.00250266,2.50266e-05,10000
deuteron,3.0999999999999996,Si,1.25,3.08947,0.00251054,2.51054e-05,10000
deuteron,3.0999999999999996,Si,1.5,3.08944,0.00252206,2.52206e-05,10000
deuteron,3.0999999999999996,Si,1.75,3.08948,0.00251,2.51e-05,10000
deuteron,3.0999999999999996,Si,2.0,3.08933,0.0176561,0.000176561,10000
deuteron,3.1999999999999997,Si,0.5,3.18969,0.00250793,2.50793e-05,10000
deuteron,3.1999999999999997,Si,0.75,3.18973,0.00246824,2.46824e-05,10000
deuteron,3.1999999999999997,Si,1.0,3.18968,0.00248857,2.48857e-05,10000
deuteron,3.1999999999999997,Si,1.25,3.18971,0.00247209,2.47209e-05,10000
deuteron,3.1999999999999997,Si,1.5,3.18969,0.0025415,2.5415e-05,10000
deuteron,3.1999999999999997,Si,1.75,3.18947,0.0242998,0.000242998,10000
deuteron,3.1999999999999997,Si,2.0,3.19015,0.0457643,0.000457643,10000
deuteron,3.3,Si,0.5,3.28971,0.0198072,0.000198072,10000
deuteron,3.3,Si,0.75,3.28989,0.00249358,2.49358e-05,10000
deuteron,3.3,Si,1.0,3.29022,0.0301155,0.000301155,10000
deuteron,3.3,Si,1.25,3.28978,0.0128114,0.000128114,10000
deuteron,3.3,Si,1.5,3.28991,0.00249646,2.49646e-05,10000
deuteron,3.3,Si,1.75,3.28991,0.00250281,2.50281e-05,10000
deuteron,3.3,Si,2.0,3.28978,0.0119098,0.000119098,10000
deuteron,3.4,Si,0.5,3.39017,0.00833225,8.33225e-05,10000
deuteron,3.4,Si,0.75,3.38992,0.0236818,0.000236818,10000
deuteron,3.4,Si,1.0,3.38986,0.0243333,0.000243333,10000
deuteron,3.4,Si,1.25,3.39042,0.027427,0.00027427,10000
deuteron,3.4,Si,1.5,3.39006,0.0279314,0.000279314,10000
deuteron,3.4,Si,1.75,3.38994,0.0252009,0.000252009,10000
deuteron,3.4,Si,2.0,3.38996,0.032579,0.00032579,10000
deuteron,3.5,Si,0.5,3.4903,0.00245542,2.45542e-05,10000
deuteron,3.5,Si,0.75,3.49011,0.0189433,0.000189433,10000
deuteron,3.5,Si,1.0,3.49048,0.0142538,0.000142538,10000
deuteron,3.5,Si,1.25,3.49013,0.0275644,0.000275644,10000
deuteron,3.5,Si,1.5,3.49038,0.00533771,5.33771e-05,10000
deuteron,3.5,Si,1.75,3.49035,0.00245922,2.45922e-05,10000
deuteron,3.5,Si,2.0,3.4901,0.0197538,0.000197538,10000
deuteron,3.5999999999999996,Si,0.5,3.59072,0.0239954,0.000239954,10000
deuteron,3.5999999999999996,Si,0.75,3.59039,0.0252315,0.000252315,10000
deuteron,3.5999999999999996,Si,1.0,3.59047,0.0024401,2.4401e-05,10000
deuteron,3.5999999999999996,Si,1.25,3.59032,0.0196081,0.000196081,10000
deuteron,3.5999999999999996,Si,1.5,3.59025,0.024061,0.00024061,10000
deuteron,3.5999999999999996,Si,1.75,3.59043,0.0261241,0.000261241,10000
deuteron,3.5999999999999996,Si,2.0,3.58977,0.0413321,0.000413321,10000
deuteron,3.6999999999999997,Si,0.5,3.69067,0.0340914,0.000340914,10000
deuteron,3.6999999999999997,Si,0.75,3.69039,0.0322648,0.000322648,10000
deuteron,3.6999999999999997,Si,1.0,3.69062,0.00533066,5.33066e-05,10000
deuteron,3.6999999999999997,Si,1.25,3.69078,0.0147095,0.000147095,10000
deuteron,3.6999999999999997,Si,1.5,3.69083,0.0283782,0.000283782,10000
deuteron,3.6999999999999997,Si,1.75,3.6907,0.0037934,3.7934e-05,10000
deuteron,3.6999999999999997,Si,2.0,3.69064,0.00244615,2.44615e-05,10000
deuteron,3.8,Si,0.5,3.7912,0.0347797,0.000347797,10000
deuteron,3.8,Si,0.75,3.79065,0.033065,0.00033065,10000
deuteron,3.8,Si,1.0,3.79088,0.0243751,0.000243751,10000
deuteron,3.8,Si,1.25,3.79082,0.00245862,2.45862e-05,10000
deuteron,3.8,Si,1.5,3.79083,0.0356531,0.000356531,10000
deuteron,3.8,Si,1.75,3.79097,0.0125918,0.000125918,10000
deuteron,3.8,Si,2.0,3.79081,0.00346847,3.46847e-05,10000
deuteron,3.9,Si,0.5,3.89058,0.0298372,0.000298372,10000
deuteron,3.9,Si,0.75,3.89089,0.0138453,0.000138453,10000
deuteron,3.9,Si,1.0,3.89089,0.0136702,0.000136702,10000
deuteron,3.9,Si,1.25,3.891,0.0341861,0.000341861,10000
deuteron,3.9,Si,1.5,3.89099,0.00508278,5.08278e-05,10000
deuteron,3.9,Si,1.75,3.8911,0.0102105,0.000102105,10000
deuteron,3.9,Si,2.0,3.89104,0.00458737,4.58737e-05,10000
deuteron,3.9999999999999996,Si,0.5,3.99111,0.00238886,2.38886e-05,10000
deuteron,3.9999999999999996,Si,0.75,3.99085,0.0229957,0.000229957,10000
deuteron,3.9999999999999996,Si,1.0,3.99113,0.00240999,2.40999e-05,10000
deuteron,3.9999999999999996,Si,1.25,3.99041,0.0419284,0.000419284,10000
deuteron,3.9999999999999996,Si,1.5,3.99166,0.0627859,0.000627859,10000
deuteron,3.9999999999999996,Si,1.75,3.99114,0.00248178,2.48178e-05,10000
deuteron,3.9999999999999996,Si,2.0,3.99049,0.045963,0.00045963,10000
deuteron,4.1,Si,0.5,4.09125,0.00244992,2.44992e-05,10000
deuteron,4.1,Si,0.75,4.09092,0.0243336,0.000243336,10000
deuteron,4.1,Si,1.0,4.09127,0.00241898,2.41898e-05,10000
deuteron,4.1,Si,1.25,4.09157,0.020134,0.00020134,10000
deuteron,4.1,Si,1.5,4.09132,0.00275335,2.75335e-05,10000
deuteron,4.1,Si,1.75,4.09116,0.0104886,0.000104886,10000
deuteron,4.1,Si,2.0,4.09122,0.00621856,6.21856e-05,10000
deuteron,4.199999999999999,Si,0.5,4.19135,0.009153,9.153e-05,10000
deuteron,4.199999999999999,Si,0.75,4.19144,0.00240642,2.40642e-05,10000
deuteron,4.199999999999999,Si,1.0,4.19168,0.0304858,0.000304858,10000
deuteron,4.199999999999999,Si,1.25,4.19118,0.0357271,0.000357271,10000
deuteron,4.199999999999999,Si,1.5,4.19125,0.0107407,0.000107407,10000
deuteron,4.199999999999999,Si,1.75,4.19185,0.0320306,0.000320306,10000
deuteron,4.199999999999999,Si,2.0,4.1915,0.00604552,6.04552e-05,10000
deuteron,4.299999999999999,Si,0.5,4.29159,0.00239345,2.39345e-05,10000
deuteron,4.299999999999999,Si,0.75,4.29168,0.0125643,0.000125643,10000
deuteron,4.299999999999999,Si,1.0,4.29189,0.0255969,0.000255969,10000
deuteron,4.299999999999999,Si,1.25,4.29148,0.00687855,6.87855e-05,10000
deuteron,4.299999999999999,Si,1.5,4.29169,0.0120948,0.000120948,10000
deuteron,4.299999999999999,Si,1.75,4.29162,0.00238862,2.38862e-05,10000
deuteron,4.299999999999999,Si,2.0,4.29158,0.00422704,4.22704e-05,10000
deuteron,4.3999999999999995,Si,0.5,4.39201,0.0253052,0.000253052,10000
deuteron,4.3999999999999995,Si,0.75,4.3917,0.00240317,2.40317e-05,10000
deuteron,4.3999999999999995,Si,1.0,4.39137,0.0441838,0.000441838,10000
deuteron,4.3999999999999995,Si,1.25,4.39178,0.0251709,0.000251709,10000
deuteron,4.3999999999999995,Si,1.5,4.39127,0.0301427,0.000301427,10000
deuteron,4.3999999999999995,Si,1.75,4.39238,0.0497354,0.000497354,10000
deuteron,4.3999999999999995,Si,2.0,4.39146,0.0321453,0.000321453,10000
deuteron,4.499999999999999,Si,0.5,4.49168,0.0133145,0.000133145,10000
deuteron,4.499999999999999,Si,0.75,4.49192,0.0440762,0.000440762,10000
deuteron,4.499999999999999,Si,1.0,4.49141,0.0450835,0.000450835,10000
deuteron,4.499999999999999,Si,1.25,4.49209,0.0233527,0.000233527,10000
deuteron,4.499999999999999,Si,1.5,4.49136,0.0346856,0.000346856,10000
deuteron,4.499999999999999,Si,1.75,4.49124,0.0359366,0.000359366,10000
deuteron,4.499999999999999,Si,2.0,4.49162,0.0206449,0.000206449,10000
deuteron,4.6,Si,0.5,4.59159,0.0475108,0.000475108,10000
deuteron,4.6,Si,0.75,4.59116,0.0554684,0.000554684,10000
deuteron,4.6,Si,1.0,4.59101,0.0545903,0.000545903,10000
deuteron,4.6,Si,1.25,4.59186,0.0432102,0.000432102,10000
deuteron,4.6,Si,1.5,4.59279,0.0635759,0.000635759,10000
deuteron,4.6,Si,1.75,4.59172,0.0379762,0.000379762,10000
deuteron,4.6,Si,2.0,4.5917,0.048438,0.00048438,10000
deuteron,4.699999999999999,Si,0.5,4.69176,0.0298602,0.000298602,10000
deuteron,4.699999999999999,Si,0.75,4.69182,0.0528713,0.000528713,10000
deuteron,4.699999999999999,Si,1.0,4.69194,0.0591497,0.000591497,10000
deuteron,4.699999999999999,Si,1.25,4.69205,0.0124705,0.000124705,10000
deuteron,4.699999999999999,Si,1.5,4.69173,0.0298568,0.000298568,10000
deuteron,4.699999999999999,Si,1.75,4.69236,0.0343199,0.000343199,10000
deuteron,4.699999999999999,Si,2.0,4.69177,0.0385277,0.000385277,10000
deuteron,4.799999999999999,Si,0.5,4.79248,0.0192167,0.000192167,10000
deuteron,4.799999999999999,Si,0.75,4.79189,0.0254536,0.000254536,10000
deuteron,4.799999999999999,Si,1.0,4.79171,0.0394983,0.000394983,10000
deuteron,4.799999999999999,Si,1.25,4.79164,0.0318177,0.000318177,10000
deuteron,4.799999999999999,Si,1.5,4.79271,0.0529429,0.000529429,10000
deuteron,4.799999999999999,Si,1.75,4.79214,0.0748213,0.000748213,10000
deuteron,4.799999999999999,Si,2.0,4.7924,0.0116788,0.000116788,10000
deuteron,4.8999999999999995,Si,0.5,4.89328,0.080184,0.00080184,10000
deuteron,4.8999999999999995,Si,0.75,4.89218,0.0253696,0.000253696,10000
deuteron,4.8999999999999995,Si,1.0,4.89196,0.0336956,0.000336956,10000
deuteron,4.8999999999999995,Si,1.25,4.89254,0.0166382,0.000166382,10000
deuteron,4.8999999999999995,Si,1.5,4.89232,0.00324449,3.24449e-05,10000
deuteron,4.8999999999999995,Si,1.75,4.89407,0.0872764,0.000872764,10000
deuteron,4.8999999999999995,Si,2.0,4.89234,0.0546249,0.000546249,10000
deuteron,4.999999999999999,Si,0.5,4.99216,0.0563192,0.000563192,10000
deuteron,4.999999999999999,Si,0.75,4.99269,0.0364613,0.000364613,10000
deuteron,4.999999999999999,Si,1.0,4.99227,0.0268281,0.000268281,10000
deuteron,4.999999999999999,Si,1.25,4.99189,0.0541655,0.000541655,10000
deuteron,4.999999999999999,Si,1.5,4.99212,0.0678671,0.000678671,10000
deuteron,4.999999999999999,Si,1.75,4.99244,0.038601,0.00038601,10000
deuteron,4.999999999999999,Si,2.0,4.99231,0.0152536,0.000152536,10000
deuteron,5.1,Si,0.5,5.09297,0.0415742,0.000415742,10000
deuteron,5.1,Si,0.75,5.09288,0.0391125,0.000391125,10000
deuteron,5.1,Si,1.0,5.09259,0.0394849,0.000394849,10000
deuteron,5.1,Si,1.25,5.09202,0.0490836,0.000490836,10000
deuteron,5.1,Si,1.5,5.09255,0.0669259,0.000669259,10000
deuteron,5.1,Si,1.75,5.0929,0.0539264,0.000539264,10000
deuteron,5.1,Si,2.0,5.0922,0.0266679,0.000266679,10000
deuteron,5.199999999999999,Si,0.5,5.19245,0.0425914,0.000425914,10000
deuteron,5.199999999999999,Si,0.75,5.19299,0.0904534,0.000904534,10000
deuteron,5.199999999999999,Si,1.0,5.19208,0.0504069,0.000504069,10000
deuteron,5.199999999999999,Si,1.25,5.1927,0.00956483,9.56483e-05,10000
deuteron,5.199999999999999,Si,1.5,5.19216,0.0485333,0.000485333,10000
deuteron,5.199999999999999,Si,1.75,5.19222,0.0499257,0.000499257,10000
deuteron,5.199999999999999,Si,2.0,5.19191,0.0651268,0.000651268,10000
deuteron,5.299999999999999,Si,0.5,5.29264,0.00731729,7.31729e-05,10000
deuteron,5.299999999999999,Si,0.75,5.29223,0.0733188,0.000733188,10000
deuteron,5.299999999999999,Si,1.0,5.29227,0.0448223,0.000448223,10000
deuteron,5.299999999999999,Si,1.25,5.29214,0.0544562,0.000544562,10000
deuteron,5.299999999999999,Si,1.5,5.29257,0.0865826,0.000865826,10000
deuteron,5.299999999999999,Si,1.75,5.29314,0.0357186,0.000357186,10000
deuteron,5.299999999999999,Si,2.0,5.29298,0.0733135,0.000733135,10000
deuteron,5.3999999999999995,Si,0.5,5.3925,0.0420563,0.000420563,10000
deuteron,5.3999999999999995,Si,0.75,5.39235,0.0660163,0.000660163,10000
deuteron,5.3999999999999995,Si,1.0,5.39248,0.0414011,0.000414011,10000
deuteron,5.3999999999999995,Si,1.25,5.39146,0.0691529,0.000691529,10000
deuteron,5.3999999999999995,Si,1.5,5.39265,0.0759955,0.000759955,10000
deuteron,5.3999999999999995,Si,1.75,5.39334,0.0588975,0.000588975,10000
deuteron,5.3999999999999995,Si,2.0,5.39275,0.0466177,0.000466177,10000
deuteron,5.499999999999999,Si,0.5,5.49282,0.0350594,0.000350594,10000
deuteron,5.499999999999999,Si,0.75,5.49232,0.0530745,0.000530745,10000
deuteron,5.499999999999999,Si,1.0,5.49261,0.0895541,0.000895541,10000
deuteron,5.499999999999999,Si,1.25,5.49162,0.0612501,0.000612501,10000
deuteron,5.499999999999999,Si,1.5,5.49291,0.0663756,0.000663756,10000
deuteron,5.499999999999999,Si,1.75,5.49241,0.0440427,0.000440427,10000
deuteron,5.499999999999999,Si,2.0,5.49292,0.0394793,0.000394793,10000
deuteron,5.599999999999999,Si,0.5,5.59361,0.0429542,0.000429542,10000
deuteron,5.599999999999999,Si,0.75,5.59319,0.0306296,0.000306296,10000
deuteron,5.599999999999999,Si,1.0,5.59341,0.0833038,0.000833038,10000
deuteron,5.599999999999999,Si,1.25,5.59237,0.0717363,0.000717363,10000
deuteron,5.599999999999999,Si,1.5,5.59281,0.0101231,0.000101231,10000
deuteron,5.599999999999999,Si,1.75,5.59257,0.0823567,0.000823567,10000
deuteron,5.599999999999999,Si,2.0,5.59176,0.0766071,0.000766071,10000
deuteron,5.699999999999999,Si,0.5,5.69238,0.0800743,0.000800743,10000
deuteron,5.699999999999999,Si,0.75,5.69229,0.0561129,0.000561129,10000
deuteron,5.699999999999999,Si,1.0,5.6934,0.0295649,0.000295649,10000
deuteron,5.699999999999999,Si,1.25,5.69297,0.0345515,0.000345515,10000
deuteron,5.699999999999999,Si,1.5,5.69224,0.0648314,0.000648314,10000
deuteron,5.699999999999999,Si,1.75,5.6925,0.0550606,0.000550606,10000
deuteron,5.699999999999999,Si,2.0,5.69276,0.0733167,0.000733167,10000
deuteron,5.799999999999999,Si,0.5,5.79359,0.0534366,0.000534366,10000
deuteron,5.799999999999999,Si,0.75,5.79245,0.0719916,0.000719916,10000
deuteron,5.799999999999999,Si,1.0,5.79236,0.0567832,0.000567832,10000
deuteron,5.799999999999999,Si,1.25,5.79386,0.0959258,0.000959258,10000
deuteron,5.799999999999999,Si,1.5,5.79251,0.0497867,0.000497867,10000
deuteron,5.799999999999999,Si,1.75,5.79177,0.0690274,0.000690274,10000
deuteron,5.799999999999999,Si,2.0,5.79277,0.0253524,0.000253524,10000
deuteron,5.8999999999999995,Si,0.5,5.89263,0.0614202,0.000614202,10000
deuteron,5.8999999999999995,Si,0.75,5.89357,0.0648394,0.000648394,10000
deuteron,5.8999999999999995,Si,1.0,5.89171,0.0788603,0.000788603,10000
deuteron,5.8999999999999995,Si,1.25,5.89276,0.0585799,0.000585799,10000
deuteron,5.8999999999999995,Si,1.5,5.89199,0.0674967,0.000674967,10000
deuteron,5.8999999999999995,Si,1.75,5.89309,0.106577,0.00106577,10000
deuteron,5.8999999999999995,Si,2.0,5.8939,0.0909761,0.000909761,10000
deuteron,5.999999999999999,Si,0.5,5.99285,0.0538908,0.000538908,10000
deuteron,5.999999999999999,Si,0.75,5.9922,0.0724473,0.000724473,10000
deuteron,5.999999999999999,Si,1.0,5.99342,0.0142488,0.000142488,10000
deuteron,5.999999999999999,Si,1.25,5.99219,0.0830905,0.000830905,10000
deuteron,5.999999999999999,Si,1.5,5.99221,0.0750048,0.000750048,10000
deuteron,5.999999999999999,Si,1.75,5.99214,0.0719774,0.000719774,10000
deuteron,5.999999999999999,Si,2.0,5.99395,0.0790456,0.000790456,10000
deuteron,6.099999999999999,Si,0.5,6.09298,0.0551915,0.000551915,10000
deuteron,6.099999999999999,Si,0.75,6.09271,0.0486296,0.000486296,10000
deuteron,6.099999999999999,Si,1.0,6.09227,0.0659869,0.000659869,10000
deuteron,6.099999999999999,Si,1.25,6.09313,0.0299588,0.000299588,10000
deuteron,6.099999999999999,Si,1.5,6.09301,0.0839305,0.000839305,10000
deuteron,6.099999999999999,Si,1.75,6.09312,0.0764657,0.000764657,10000
deuteron,6.099999999999999,Si,2.0,6.09147,0.080703,0.00080703,10000
deuteron,6.199999999999999,Si,0.5,6.19311,0.0812665,0.000812665,10000
deuteron,6.199999999999999,Si,0.75,6.19231,0.070181,0.00070181,10000
deuteron,6.199999999999999,Si,1.0,6.19244,0.086796,0.00086796,10000
deuteron,6.199999999999999,Si,1.25,6.19271,0.0615271,0.000615271,10000
deuteron,6.199999999999999,Si,1.5,6.19289,0.0873453,0.000873453,10000
deuteron,6.199999999999999,Si,1.75,6.19391,0.0808482,0.000808482,10000
deuteron,6.199999999999999,Si,2.0,6.19436,0.0813251,0.000813251,10000
deuteron,6.299999999999999,Si,0.5,6.29228,0.07151,0.0007151,10000
deuteron,6.299999999999999,Si,0.75,6.2922,0.080295,0.00080295,10000
deuteron,6.299999999999999,Si,1.0,6.29166,0.0947405,0.000947405,10000
deuteron,6.299999999999999,Si,1.25,6.29242,0.0699258,0.000699258,10000
deuteron,6.299999999999999,Si,1.5,6.29313,0.0656387,0.000656387,10000
deuteron,6.299999999999999,Si,1.75,6.29375,0.0421092,0.000421092,10000
deuteron,6.299999999999999,Si,2.0,6.29305,0.0677953,0.000677953,10000
deuteron,6.3999999999999995,Si,0.5,6.39312,0.0463969,0.000463969,10000
deuteron,6.3999999999999995,Si,0.75,6.39344,0.0518829,0.000518829,10000
deuteron,6.3999999999999995,Si,1.0,6.39402,0.0902716,0.000902716,10000
deuteron,6.3999999999999995,Si,1.25,6.3927,0.0517355,0.000517355,10000
deuteron,6.3999999999999995,Si,1.5,6.39153,0.0942591,0.000942591,10000
deuteron,6.3999999999999995,Si,1.75,6.39347,0.0655116,0.000655116,10000
deuteron,6.3999999999999995,Si,2.0,6.39144,0.109446,0.00109446,10000
deuteron,6.499999999999999,Si,0.5,6.49366,0.0579762,0.000579762,10000
deuteron,6.499999999999999,Si,0.75,6.49294,0.0563417,0.000563417,10000
deuteron,6.499999999999999,Si,1.0,6.49223,0.0701411,0.000701411,10000
deuteron,6.499999999999999,Si,1.25,6.49287,0.0582591,0.000582591,10000
deuteron,6.499999999999999,Si,1.5,6.49305,0.0618528,0.000618528,10000
deuteron,6.499999999999999,Si,1.75,6.49181,0.100449,0.00100449,10000
deuteron,6.499999999999999,Si,2.0,6.49216,0.112436,0.00112436,10000
deuteron,6.599999999999999,Si,0.5,6.59291,0.0890293,0.000890293,10000
deuteron,6.599999999999999,Si,0.75,6.59154,0.101168,0.00101168,10000
deuteron,6.599999999999999,Si,1.0,6.59331,0.0370844,0.000370844,10000
deuteron,6.599999999999999,Si,1.25,6.59408,0.0741495,0.000741495,10000
deuteron,6.599999999999999,Si,1.5,6.59287,0.0667047,0.000667047,10000
deuteron,6.599999999999999,Si,1.75,6.59286,0.0755336,0.000755336,10000
deuteron,6.599999999999999,Si,2.0,6.59303,0.0939458,0.000939458,10000
deuteron,6.699999999999999,Si,0.5,6.69353,0.0441603,0.000441603,10000
deuteron,6.699999999999999,Si,0.75,6.69255,0.0957593,0.000957593,10000
deuteron,6.699999999999999,Si,1.0,6.69321,0.0499095,0.000499095,10000
deuteron,6.699999999999999,Si,1.25,6.69108,0.0961612,0.000961612,10000
deuteron,6.699999999999999,Si,1.5,6.69218,0.0948921,0.000948921,10000
deuteron,6.699999999999999,Si,1.75,6.69347,0.143955,0.00143955,10000
deuteron,6.699999999999999,Si,2.0,6.69277,0.100483,0.00100483,10000
deuteron,6.799999999999999,Si,0.5,6.79252,0.0687143,0.000687143,10000
deuteron,6.799999999999999,Si,0.75,6.79263,0.138386,0.00138386,10000
deuteron,6.799999999999999,Si,1.0,6.79273,0.0919492,0.000919492,10000
deuteron,6.799999999999999,Si,1.25,6.7937,0.0825205,0.000825205,10000
deuteron,6.799999999999999,Si,1.5,6.79436,0.0785453,0.000785453,10000
deuteron,6.799999999999999,Si,1.75,6.79318,0.0891431,0.000891431,10000
deuteron,6.799999999999999,Si,2.0,6.79484,0.097068,0.00097068,10000
deuteron,6.8999999999999995,Si,0.5,6.89352,0.0712866,0.000712866,10000
deuteron,6.8999999999999995,Si,0.75,6.89277,0.0856501,0.000856501,10000
deuteron,6.8999999999999995,Si,1.0,6.89357,0.0553256,0.000553256,10000
deuteron,6.8999999999999995,Si,1.25,6.8939,0.0427035,0.000427035,10000
deuteron,6.8999999999999995,Si,1.5,6.89252,0.0825688,0.000825688,10000
deuteron,6.8999999999999995,Si,1.75,6.89303,0.113823,0.00113823,10000
deuteron,6.8999999999999995,Si,2.0,6.89171,0.0828673,0.000828673,10000
deuteron,6.999999999999999,Si,0.5,6.99168,0.121433,0.00121433,10000
deuteron,6.999999999999999,Si,0.75,6.99324,0.0784676,0.000784676,10000
deuteron,6.999999999999999,Si,1.0,6.99346,0.0927472,0.000927472,10000
deuteron,6.999999999999999,Si,1.25,6.99151,0.0923,0.000923,10000
deuteron,6.999999999999999,Si,1.5,6.99354,0.0731518,0.000731518,10000
deuteron,6.999999999999999,Si,1.75,6.99399,0.0612036,0.000612036,10000
deuteron,6.999999999999999,Si,2.0,6.99296,0.0823374,0.000823374,10000
deuteron,7.099999999999999,Si,0.5,7.092,0.104741,0.00104741,10000
deuteron,7.099999999999999,Si,0.75,7.09042,0.146763,0.00146763,10000
deuteron,7.099999999999999,Si,1.0,7.09306,0.0894823,0.000894823,10000
deuteron,7.099999999999999,Si,1.25,7.09247,0.0907345,0.000907345,10000
deuteron,7.099999999999999,Si,1.5,7.09339,0.0681703,0.000681703,10000
deuteron,7.099999999999999,Si,1.75,7.09372,0.0747295,0.000747295,10000
deuteron,7.099999999999999,Si,2.0,7.09125,0.111318,0.00111318,10000
deuteron,7.199999999999999,Si,0.5,7.19373,0.0925421,0.000925421,10000
deuteron,7.199999999999999,Si,0.75,7.19295,0.105833,0.00105833,10000
deuteron,7.199999999999999,Si,1.0,7.19186,0.115076,0.00115076,10000
deuteron,7.199999999999999,Si,1.25,7.19369,0.0605957,0.000605957,10000
deuteron,7.199999999999999,Si,1.5,7.19321,0.104711,0.00104711,10000
deuteron,7.199999999999999,Si,1.75,7.19512,0.0962994,0.000962994,10000
deuteron,7.199999999999999,Si,2.0,7.19248,0.130486,0.00130486,10000
deuteron,7.299999999999999,Si,0.5,7.29326,0.0828659,0.000828659,10000
deuteron,7.299999999999999,Si,0.75,7.29268,0.102772,0.00102772,10000
deuteron,7.299999999999999,Si,1.0,7.29399,0.0887996,0.000887996,10000
deuteron,7.299999999999999,Si,1.25,7.29064,0.160576,0.00160576,10000
deuteron,7.299999999999999,Si,1.5,7.29351,0.0342224,0.000342224,10000
deuteron,7.299999999999999,Si,1.75,7.29297,0.0777853,0.000777853,10000
deuteron,7.299999999999999,Si,2.0,7.29341,0.094538,0.00094538,10000
deuteron,7.3999999999999995,Si,0.5,7.39415,0.0713391,0.000713391,10000
deuteron,7.3999999999999995,Si,0.75,7.39193,0.120611,0.00120611,10000
deuteron,7.3999999999999995,Si,1.0,7.3923,0.0969577,0.000969577,10000
deuteron,7.3999999999999995,Si,1.25,7.39442,0.1116,0.001116,10000
deuteron,7.3999999999999995,Si,1.5,7.3941,0.0950185,0.000950185,10000
deuteron,7.3999999999999995,Si,1.75,7.39296,0.0946506,0.000946506,10000
deuteron,7.3999999999999995,Si,2.0,7.39306,0.0676092,0.000676092,10000
deuteron,7.499999999999999,Si,0.5,7.49255,0.0991763,0.000991763,10000
deuteron,7.499999999999999,Si,0.75,7.49346,0.094862,0.00094862,10000
deuteron,7.499999999999999,Si,1.0,7.49322,0.106941,0.00106941,10000
deuteron,7.499999999999999,Si,1.25,7.49371,0.118664,0.00118664,10000
deuteron,7.499999999999999,Si,1.5,7.494,0.123837,0.00123837,10000
deuteron,7.499999999999999,Si,1.75,7.49154,0.150665,0.00150665,10000
deuteron,7.499999999999999,Si,2.0,7.4923,0.119681,0.00119681,10000
deuteron,7.599999999999999,Si,0.5,7.59327,0.0778937,0.000778937,10000
deuteron,7.599999999999999,Si,0.75,7.59138,0.138766,0.00138766,10000
deuteron,7.599999999999999,Si,1.0,7.59184,0.14709,0.0014709,10000
deuteron,7.599999999999999,Si,1.25,7.59268,0.12654,0.0012654,10000
deuteron,7.599999999999999,Si,1.5,7.59226,0.132891,0.00132891,10000
deuteron,7.599999999999999,Si,1.75,7.59228,0.10364,0.0010364,10000
deuteron,7.599999999999999,Si,2.0,7.59187,0.146212,0.00146212,10000
deuteron,7.699999999999999,Si,0.5,7.69134,0.120363,0.00120363,10000
deuteron,7.699999999999999,Si,0.75,7.69272,0.150426,0.00150426,10000
deuteron,7.699999999999999,Si,1.0,7.69453,0.0925388,0.000925388,10000
deuteron,7.699999999999999,Si,1.25,7.69427,0.0801783,0.000801783,10000
deuteron,7.699999999999999,Si,1.5,7.69401,0.148022,0.00148022,10000
deuteron,7.699999999999999,Si,1.75,7.69544,0.080854,0.00080854,10000
deuteron,7.699999999999999,Si,2.0,7.69312,0.101028,0.00101028,10000
deuteron,7.799999999999999,Si,0.5,7.79245,0.112297,0.00112297,10000
deuteron,7.799999999999999,Si,0.75,7.79047,0.130358,0.00130358,10000
deuteron,7.799999999999999,Si,1.0,7.7932,0.0993108,0.000993108,10000
deuteron,7.799999999999999,Si,1.25,7.79202,0.124252,0.00124252,10000
deuteron,7.799999999999999,Si,1.5,7.79169,0.117686,0.00117686,10000
deuteron,7.799999999999999,Si,1.75,7.79266,0.150347,0.00150347,10000
deuteron,7.799999999999999,Si,2.0,7.79158,0.175064,0.00175064,10000
deuteron,7.899999999999999,Si,0.5,7.89206,0.097616,0.00097616,10000
deuteron,7.899999999999999,Si,0.75,7.89277,0.137464,0.00137464,10000
deuteron,7.899999999999999,Si,1.0,7.89242,0.104543,0.00104543,10000
deuteron,7.899999999999999,Si,1.25,7.89353,0.102853,0.00102853,10000
deuteron,7.899999999999999,Si,1.5,7.89206,0.13939,0.0013939,10000
deuteron,7.899999999999999,Si,1.75,7.89227,0.097098,0.00097098,10000
deuteron,7.899999999999999,Si,2.0,7.89309,0.137924,0.00137924,10000
deuteron,7.999999999999999,Si,0.5,7.99315,0.111247,0.00111247,10000
deuteron,7.999999999999999,Si,0.75,7.98993,0.13764,0.0013764,10000
deuteron,7.999999999999999,Si,1.0,7.99265,0.13462,0.0013462,10000
deuteron,7.999999999999999,Si,1.25,7.9924,0.100792,0.00100792,10000
deuteron,7.999999999999999,Si,1.5,7.9942,0.0533499,0.000533499,10000
deuteron,7.999999999999999,Si,1.75,7.99363,0.0755557,0.000755557,10000
deuteron,7.999999999999999,Si,2.0,7.99221,0.150868,0.00150868,10000
deuteron,8.1,Si,0.5,8.09239,0.110598,0.00110598,10000
deuteron,8.1,Si,0.75,8.0931,0.070508,0.00070508,10000
deuteron,8.1,Si,1.0,8.09118,0.1296,0.001296,10000
deuteron,8.1,Si,1.25,8.09335,0.118554,0.00118554,10000
deuteron,8.1,Si,1.5,8.0937,0.131293,0.00131293,10000
deuteron,8.1,Si,1.75,8.09217,0.0877221,0.000877221,10000
deuteron,8.1,Si,2.0,8.09361,0.0848918,0.000848918,10000
deuteron,8.2,Si,0.5,8.1937,0.0699362,0.000699362,10000
deuteron,8.2,Si,0.75,8.19313,0.0624632,0.000624632,10000
deuteron,8.2,Si,1.0,8.19387,0.127434,0.00127434,10000
deuteron,8.2,Si,1.25,8.19139,0.175834,0.00175834,10000
deuteron,8.2,Si,1.5,8.19374,0.0834553,0.000834553,10000
deuteron,8.2,Si,1.75,8.19572,0.103576,0.00103576,10000
deuteron,8.2,Si,2.0,8.19108,0.11931,0.0011931,10000
deuteron,8.299999999999999,Si,0.5,8.29253,0.104196,0.00104196,10000
deuteron,8.299999999999999,Si,0.75,8.29393,0.0965707,0.000965707,10000
deuteron,8.299999999999999,Si,1.0,8.29318,0.120845,0.00120845,10000
deuteron,8.299999999999999,Si,1.25,8.29263,0.109993,0.00109993,10000
deuteron,8.299999999999999,Si,1.5,8.29333,0.152066,0.00152066,10000
deuteron,8.299999999999999,Si,1.75,8.2902,0.165745,0.00165745,10000
deuteron,8.299999999999999,Si,2.0,8.29208,0.103985,0.00103985,10000
deuteron,8.399999999999999,Si,0.5,8.39096,0.153739,0.00153739,10000
deuteron,8.399999999999999,Si,0.75,8.39364,0.0984081,0.000984081,10000
deuteron,8.399999999999999,Si,1.0,8.39262,0.13316,0.0013316,10000
deuteron,8.399999999999999,Si,1.25,8.39091,0.135094,0.00135094,10000
deuteron,8.399999999999999,Si,1.5,8.39147,0.119179,0.00119179,10000
deuteron,8.399999999999999,Si,1.75,8.39311,0.136516,0.00136516,10000
deuteron,8.399999999999999,Si,2.0,8.39235,0.105463,0.00105463,10000
deuteron,8.499999999999998,Si,0.5,8.49246,0.109337,0.00109337,10000
deuteron,8.499999999999998,Si,0.75,8.49134,0.159161,0.00159161,10000
deuteron,8.499999999999998,Si,1.0,8.49277,0.140791,0.00140791,10000
deuteron,8.499999999999998,Si,1.25,8.49043,0.133626,0.00133626,10000
deuteron,8.499999999999998,Si,1.5,8.49337,0.108481,0.00108481,10000
deuteron,8.499999999999998,Si,1.75,8.49325,0.133581,0.00133581,10000
deuteron,8.499999999999998,Si,2.0,8.49286,0.0833653,0.000833653,10000
deuteron,8.6,Si,0.5,8.59234,0.0951955,0.000951955,10000
deuteron,8.6,Si,0.75,8.59069,0.168926,0.00168926,10000
deuteron,8.6,Si,1.0,8.59119,0.1547,0.001547,10000
deuteron,8.6,Si,1.25,8.59286,0.121689,0.00121689,10000
deuteron,8.6,Si,1.5,8.59207,0.135537,0.00135537,10000
deuteron,8.6,Si,1.75,8.5923,0.134654,0.00134654,10000
deuteron,8.6,Si,2.0,8.59421,0.136017,0.00136017,10000
deuteron,8.7,Si,0.5,8.69239,0.123524,0.00123524,10000
deuteron,8.7,Si,0.75,8.69232,0.13487,0.0013487,10000
deuteron,8.7,Si,1.0,8.69257,0.133863,0.00133863,10000
deuteron,8.7,Si,1.25,8.69085,0.166841,0.00166841,10000
deuteron,8.7,Si,1.5,8.69078,0.161836,0.00161836,10000
deuteron,8.7,Si,1.75,8.6956,0.0766375,0.000766375,10000
deuteron,8.7,Si,2.0,8.69209,0.158495,0.00158495,10000
deuteron,8.799999999999999,Si,0.5,8.79019,0.173483,0.00173483,10000
deuteron,8.799999999999999,Si,0.75,8.79138,0.134873,0.00134873,10000
deuteron,8.799999999999999,Si,1.0,8.79281,0.0964783,0.000964783,10000
deuteron,8.799999999999999,Si,1.25,8.79291,0.119041,0.00119041,10000
deuteron,8.799999999999999,Si,1.5,8.79324,0.128488,0.00128488,10000
deuteron,8.799999999999999,Si,1.75,8.79153,0.16977,0.0016977,10000
deuteron,8.799999999999999,Si,2.0,8.78886,0.193555,0.00193555,10000
deuteron,8.899999999999999,Si,0.5,8.89299,0.159257,0.00159257,10000
deuteron,8.899999999999999,Si,0.75,8.89149,0.136478,0.00136478,10000
deuteron,8.899999999999999,Si,1.0,8.89265,0.108725,0.00108725,10000
deuteron,8.899999999999999,Si,1.25,8.89346,0.126803,0.00126803,10000
deuteron,8.899999999999999,Si,1.5,8.89214,0.154768,0.00154768,10000
deuteron,8.899999999999999,Si,1.75,8.89253,0.162034,0.00162034,10000
deuteron,8.899999999999999,Si,2.0,8.89388,0.108045,0.00108045,10000
deuteron,8.999999999999998,Si,0.5,8.99195,0.128376,0.00128376,10000
deuteron,8.999999999999998,Si,0.75,8.99079,0.17337,0.0017337,10000
deuteron,8.999999999999998,Si,1.0,8.99218,0.12594,0.0012594,10000
deuteron,8.999999999999998,Si,1.25,8.99365,0.169137,0.00169137,10000
deuteron,8.999999999999998,Si,1.5,8.98988,0.176692,0.00176692,10000
deuteron,8.999999999999998,Si,1.75,8.99164,0.147122,0.00147122,10000
deuteron,8.999999999999998,Si,2.0,8.99132,0.186225,0.00186225,10000
deuteron,9.1,Si,0.5,9.08829,0.206376,0.00206376,10000
deuteron,9.1,Si,0.75,9.09111,0.163682,0.00163682,10000
deuteron,9.1,Si,1.0,9.09325,0.122455,0.00122455,10000
deuteron,9.1,Si,1.25,9.09055,0.161046,0.00161046,10000
deuteron,9.1,Si,1.5,9.09304,0.132044,0.00132044,10000
deuteron,9.1,Si,1.75,9.09077,0.181684,0.00181684,10000
deuteron,9.1,Si,2.0,9.09273,0.16445,0.0016445,10000
deuteron,9.2,Si,0.5,9.19114,0.139344,0.00139344,10000
deuteron,9.2,Si,0.75,9.19052,0.139353,0.00139353,10000
deuteron,9.2,Si,1.0,9.1915,0.153965,0.00153965,10000
deuteron,9.2,Si,1.25,9.19286,0.151218,0.00151218,10000
deuteron,9.2,Si,1.5,9.19185,0.151013,0.00151013,10000
deuteron,9.2,Si,1.75,9.19397,0.124835,0.00124835,10000
deuteron,9.2,Si,2.0,9.18897,0.171521,0.00171521,10000
deuteron,9.299999999999999,Si,0.5,9.2914,0.143216,0.00143216,10000
deuteron,9.299999999999999,Si,0.75,9.28831,0.179977,0.00179977,10000
deuteron,9.299999999999999,Si,1.0,9.29332,0.126261,0.00126261,10000
deuteron,9.299999999999999,Si,1.25,9.29309,0.163196,0.00163196,10000
deuteron,9.299999999999999,Si,1.5,9.29169,0.151425,0.00151425,10000
deuteron,9.299999999999999,Si,1.75,9.29496,0.114278,0.00114278,10000
deuteron,9.299999999999999,Si,2.0,9.2916,0.159861,0.00159861,10000
deuteron,9.399999999999999,Si,0.5,9.38901,0.184141,0.00184141,10000
deuteron,9.399999999999999,Si,0.75,9.3909,0.144806,0.00144806,10000
deuteron,9.399999999999999,Si,1.0,9.38862,0.202603,0.00202603,10000
deuteron,9.399999999999999,Si,1.25,9.39002,0.173875,0.00173875,10000
deuteron,9.399999999999999,Si,1.5,9.39142,0.171954,0.00171954,10000
deuteron,9.399999999999999,Si,1.75,9.39326,0.150588,0.00150588,10000
deuteron,9.399999999999999,Si,2.0,9.3914,0.154558,0.00154558,10000
deuteron,9.499999999999998,Si,0.5,9.49048,0.149956,0.00149956,10000
deuteron,9.499999999999998,Si,0.75,9.49428,0.0493535,0.000493535,10000
deuteron,9.499999999999998,Si,1.0,9.48952,0.172811,0.00172811,10000
deuteron,9.499999999999998,Si,1.25,9.49102,0.191806,0.00191806,10000
deuteron,9.499999999999998,Si,1.5,9.49043,0.189988,0.00189988,10000
deuteron,9.499999999999998,Si,1.75,9.49011,0.172866,0.00172866,10000
deuteron,9.499999999999998,Si,2.0,9.49222,0.175675,0.00175675,10000
deuteron,9.6,Si,0.5,9.59349,0.107037,0.00107037,10000
deuteron,9.6,Si,0.75,9.58781,0.213044,0.00213044,10000
deuteron,9.6,Si,1.0,9.58944,0.181087,0.00181087,10000
deuteron,9.6,Si,1.25,9.58868,0.219665,0.00219665,10000
deuteron,9.6,Si,1.5,9.59371,0.141453,0.00141453,10000
deuteron,9.6,Si,1.75,9.5924,0.166924,0.00166924,10000
deuteron,9.6,Si,2.0,9.59378,0.154651,0.00154651,10000
deuteron,9.7,Si,0.5,9.68881,0.162311,0.00162311,10000
deuteron,9.7,Si,0.75,9.68594,0.227418,0.00227418,10000
deuteron,9.7,Si,1.0,9.69194,0.164302,0.00164302,10000
deuteron,9.7,Si,1.25,9.693,0.141198,0.00141198,10000
deuteron,9.7,Si,1.5,9.69295,0.183471,0.00183471,10000
deuteron,9.7,Si,1.75,9.68682,0.239217,0.00239217,10000
deuteron,9.7,Si,2.0,9.6888,0.220318,0.00220318,10000
deuteron,9.799999999999999,Si,0.5,9.7915,0.122387,0.00122387,10000
deuteron,9.799999999999999,Si,0.75,9.78814,0.163155,0.00163155,10000
deuteron,9.799999999999999,Si,1.0,9.7903,0.201945,0.00201945,10000
deuteron,9.799999999999999,Si,1.25,9.79392,0.10705,0.0010705,10000
deuteron,9.799999999999999,Si,1.5,9.79279,0.125109,0.00125109,10000
deuteron,9.799999999999999,Si,1.75,9.79378,0.146709,0.00146709,10000
deuteron,9.799999999999999,Si,2.0,9.79435,0.100257,0.00100257,10000
deuteron,9.899999999999999,Si,0.5,9.88893,0.187471,0.00187471,10000
deuteron,9.899999999999999,Si,0.75,9.89087,0.174073,0.00174073,10000
deuteron,9.899999999999999,Si,1.0,9.89231,0.176209,0.00176209,10000
deuteron,9.899999999999999,Si,1.25,9.89217,0.15573,0.0015573,10000
deuteron,9.899999999999999,Si,1.5,9.8894,0.184253,0.00184253,10000
deuteron,9.899999999999999,Si,1.75,9.89169,0.190995,0.00190995,10000
deuteron,9.899999999999999,Si,2.0,9.88927,0.198106,0.00198106,10000
deuteron,9.999999999999998,Si,0.5,9.98908,0.193098,0.00193098,10000
deuteron,9.999999999999998,Si,0.75,9.98813,0.221103,0.00221103,10000
deuteron,9.999999999999998,Si,1.0,9.99039,0.180768,0.00180768,10000
deuteron,9.999999999999998,Si,1.25,9.98839,0.227269,0.00227269,10000
deuteron,9.999999999999998,Si,1.5,9.98838,0.210977,0.00210977,10000
deuteron,9.999999999999998,Si,1.75,9.98893,0.20828,0.0020828,10000
deuteron,9.999999999999998,Si,2.0,9.98922,0.207662,0.00207662,10000
deuteron,10.1,Si,0.5,10.0892,0.192813,0.00192813,10000
deuteron,10.1,Si,0.75,10.0925,0.140873,0.00140873,10000
deuteron,10.1,Si,1.0,10.0907,0.166594,0.00166594,10000
deuteron,10.1,Si,1.25,10.0904,0.188604,0.00188604,10000
deuteron,10.1,Si,1.5,10.0915,0.226553,0.00226553,10000
deuteron,10.1,Si,1.75,10.0921,0.135078,0.00135078,10000
deuteron,10.1,Si,2.0,10.0908,0.182137,0.00182137,10000
deuteron,10.2,Si,0.5,10.1888,0.186559,0.00186559,10000
deuteron,10.2,Si,0.75,10.1942,0.148355,0.00148355,10000
deuteron,10.2,Si,1.0,10.1917,0.186836,0.00186836,10000
deuteron,10.2,Si,1.25,10.1916,0.202609,0.00202609,10000
deuteron,10.2,Si,1.5,10.1886,0.213032,0.00213032,10000
deuteron,10.2,Si,1.75,10.1883,0.21202,0.0021202,10000
deuteron,10.2,Si,2.0,10.1896,0.19692,0.0019692,10000
deuteron,10.299999999999999,Si,0.5,10.2901,0.188362,0.00188362,10000
deuteron,10.299999999999999,Si,0.75,10.2898,0.210457,0.00210457,10000
deuteron,10.299999999999999,Si,1.0,10.2895,0.198695,0.00198695,10000
deuteron,10.299999999999999,Si,1.25,10.2893,0.195502,0.00195502,10000
deuteron,10.299999999999999,Si,1.5,10.2913,0.187877,0.00187877,10000
deuteron,10.299999999999999,Si,1.75,10.29,0.191426,0.00191426,10000
deuteron,10.299999999999999,Si,2.0,10.2912,0.135683,0.00135683,10000
deuteron,10.399999999999999,Si,0.5,10.3912,0.168039,0.00168039,10000
deuteron,10.399999999999999,Si,0.75,10.3859,0.267303,0.00267303,10000
deuteron,10.399999999999999,Si,1.0,10.3902,0.157281,0.00157281,10000
deuteron,10.399999999999999,Si,1.25,10.3872,0.247582,0.00247582,10000
deuteron,10.399999999999999,Si,1.5,10.3848,0.264231,0.00264231,10000
deuteron,10.399999999999999,Si,1.75,10.3902,0.189816,0.00189816,10000
deuteron,10.399999999999999,Si,2.0,10.3912,0.158426,0.00158426,10000
deuteron,10.499999999999998,Si,0.5,10.4858,0.253697,0.00253697,10000
deuteron,10.499999999999998,Si,0.75,10.4885,0.225818,0.00225818,10000
deuteron,10.499999999999998,Si,1.0,10.4886,0.19357,0.0019357,10000
deuteron,10.499999999999998,Si,1.25,10.4879,0.213411,0.00213411,10000
deuteron,10.499999999999998,Si,1.5,10.4913,0.169373,0.00169373,10000
deuteron,10.499999999999998,Si,1.75,10.4856,0.266148,0.00266148,10000
deuteron,10.499999999999998,Si,2.0,10.4926,0.171071,0.00171071,10000
deuteron,10.6,Si,0.5,10.5871,0.211478,0.00211478,10000
deuteron,10.6,Si,0.75,10.5882,0.229722,0.00229722,10000
deuteron,10.6,Si,1.0,10.592,0.137044,0.00137044,10000
deuteron,10.6,Si,1.25,10.5901,0.213096,0.00213096,10000
deuteron,10.6,Si,1.5,10.5913,0.194057,0.00194057,10000
deuteron,10.6,Si,1.75,10.5884,0.235742,0.00235742,10000
deuteron,10.6,Si,2.0,10.5849,0.227648,0.00227648,10000
deuteron,10.7,Si,0.5,10.6869,0.213098,0.00213098,10000
deuteron,10.7,Si,0.75,10.691,0.21093,0.0021093,10000
deuteron,10.7,Si,1.0,10.6904,0.21176,0.0021176,10000
deuteron,10.7,Si,1.25,10.6902,0.198131,0.00198131,10000
deuteron,10.7,Si,1.5,10.6888,0.230308,0.00230308,10000
deuteron,10.7,Si,1.75,10.6888,0.233099,0.00233099,10000
deuteron,10.7,Si,2.0,10.6927,0.192528,0.00192528,10000
deuteron,10.799999999999999,Si,0.5,10.7645,0.212825,0.00212825,10000
deuteron,10.799999999999999,Si,0.75,10.7892,0.193519,0.00193519,10000
deuteron,10.799999999999999,Si,1.0,10.7856,0.256774,0.00256774,10000
deuteron,10.799999999999999,Si,1.25,10.7906,0.189471,0.00189471,10000
deuteron,10.799999999999999,Si,1.5,10.7889,0.220078,0.00220078,10000
deuteron,10.799999999999999,Si,1.75,10.7905,0.201942,0.00201942,10000
deuteron,10.799999999999999,Si,2.0,10.791,0.163065,0.00163065,10000
deuteron,10.899999999999999,Si,0.5,10.5879,0.353806,0.00353806,10000
deuteron,10.899999999999999,Si,0.75,10.8792,0.313243,0.00313243,10000
deuteron,10.899999999999999,Si,1.0,10.8879,0.223148,0.00223148,10000
deuteron,10.899999999999999,Si,1.25,10.8932,0.165026,0.00165026,10000
deuteron,10.899999999999999,Si,1.5,10.8893,0.213651,0.00213651,10000
deuteron,10.899999999999999,Si,1.75,10.8905,0.238177,0.00238177,10000
deuteron,10.899999999999999,Si,2.0,10.8855,0.249231,0.00249231,10000
deuteron,10.999999999999998,Si,0.5,10.1353,0.393162,0.00393162,10000
deuteron,10.999999999999998,Si,0.75,10.9908,0.175407,0.00175407,10000
deuteron,10.999999999999998,Si,1.0,10.986,0.23861,0.0023861,10000
deuteron,10.999999999999998,Si,1.25,10.9896,0.236533,0.00236533,10000
deuteron,10.999999999999998,Si,1.5,10.994,0.179291,0.00179291,10000
deuteron,10.999999999999998,Si,1.75,10.9893,0.222272,0.00222272,10000
deuteron,10.999999999999998,Si,2.0,10.9853,0.265227,0.00265227,10000
deuteron,11.099999999999998,Si,0.5,9.77315,0.336662,0.00336662,10000
deuteron,11.099999999999998,Si,0.75,11.0862,0.214821,0.00214821,10000
deuteron,11.099999999999998,Si,1.0,11.0887,0.207064,0.00207064,10000
deuteron,11.099999999999998,Si,1.25,11.0902,0.211274,0.00211274,10000
deuteron,11.099999999999998,Si,1.5,11.0879,0.20487,0.0020487,10000
deuteron,11.099999999999998,Si,1.75,11.0916,0.168108,0.00168108,10000
deuteron,11.099999999999998,Si,2.0,11.0894,0.222608,0.00222608,10000
deuteron,11.2,Si,0.5,9.48388,0.316097,0.00316097,10000
deuteron,11.2,Si,0.75,11.1905,0.19059,0.0019059,10000
deuteron,11.2,Si,1.0,11.1851,0.260432,0.00260432,10000
deuteron,11.2,Si,1.25,11.1882,0.233943,0.00233943,10000
deuteron,11.2,Si,1.5,11.1872,0.257614,0.00257614,10000
deuteron,11.2,Si,1.75,11.1876,0.245183,0.00245183,10000
deuteron,11.2,Si,2.0,11.1865,0.230225,0.00230225,10000
deuteron,11.299999999999999,Si,0.5,9.24598,0.272874,0.00272874,10000
deuteron,11.299999999999999,Si,0.75,11.2879,0.241971,0.00241971,10000
deuteron,11.299999999999999,Si,1.0,11.2853,0.264728,0.00264728,10000
deuteron,11.299999999999999,Si,1.25,11.2863,0.249512,0.00249512,10000
deuteron,11.299999999999999,Si,1.5,11.2883,0.300404,0.00300404,10000
deuteron,11.299999999999999,Si,1.75,11.2849,0.268948,0.00268948,10000
deuteron,11.299999999999999,Si,2.0,11.2873,0.276332,0.00276332,10000
deuteron,11.399999999999999,Si,0.5,9.03474,0.293579,0.00293579,10000
deuteron,11.399999999999999,Si,0.75,11.3909,0.200965,0.00200965,10000
deuteron,11.399999999999999,Si,1.0,11.3856,0.249707,0.00249707,10000
deuteron,11.399999999999999,Si,1.25,11.3866,0.241462,0.00241462,10000
deuteron,11.399999999999999,Si,1.5,11.39,0.243714,0.00243714,10000
deuteron,11.399999999999999,Si,1.75,11.3871,0.256666,0.00256666,10000
deuteron,11.399999999999999,Si,2.0,11.3902,0.194745,0.00194745,10000
deuteron,11.499999999999998,Si,0.5,8.84305,0.278027,0.00278027,10000
deuteron,11.499999999999998,Si,0.75,11.4895,0.193926,0.00193926,10000
deuteron,11.499999999999998,Si,1.0,11.4901,0.212996,0.00212996,10000
deuteron,11.499999999999998,Si,1.25,11.4866,0.233695,0.00233695,10000
deuteron,11.499999999999998,Si,1.5,11.4873,0.227573,0.00227573,10000
deuteron,11.499999999999998,Si,1.75,11.489,0.240042,0.00240042,10000
deuteron,11.499999999999998,Si,2.0,11.4898,0.261753,0.00261753,10000
deuteron,11.599999999999998,Si,0.5,8.67053,0.242153,0.00242153,10000
deuteron,11.599999999999998,Si,0.75,11.5884,0.220011,0.00220011,10000
deuteron,11.599999999999998,Si,1.0,11.5883,0.263854,0.00263854,10000
deuteron,11.599999999999998,Si,1.25,11.5912,0.208389,0.00208389,10000
deuteron,11.599999999999998,Si,1.5,11.5859,0.268053,0.00268053,10000
deuteron,11.599999999999998,Si,1.75,11.5889,0.207811,0.00207811,10000
deuteron,11.599999999999998,Si,2.0,11.5886,0.238006,0.00238006,10000
deuteron,11.7,Si,0.5,8.51367,0.251869,0.00251869,10000
deuteron,11.7,Si,0.75,11.6872,0.225012,0.00225012,10000
deuteron,11.7,Si,1.0,11.6843,0.289377,0.00289377,10000
deuteron,11.7,Si,1.25,11.6854,0.297244,0.00297244,10000
deuteron,11.7,Si,1.5,11.6862,0.244455,0.00244455,10000
deuteron,11.7,Si,1.75,11.6859,0.245437,0.00245437,10000
deuteron,11.7,Si,2.0,11.6869,0.260377,0.00260377,10000
deuteron,11.799999999999999,Si,0.5,8.36911,0.258922,0.00258922,10000
deuteron,11.799999999999999,Si,0.75,11.7828,0.296312,0.00296312,10000
deuteron,11.799999999999999,Si,1.0,11.7896,0.228304,0.00228304,10000
deuteron,11.799999999999999,Si,1.25,11.7889,0.258123,0.00258123,10000
deuteron,11.799999999999999,Si,1.5,11.7891,0.215502,0.00215502,10000
deuteron,11.799999999999999,Si,1.75,11.7799,0.317122,0.00317122,10000
deuteron,11.799999999999999,Si,2.0,11.7922,0.184212,0.00184212,10000
deuteron,11.899999999999999,Si,0.5,8.22769,0.220477,0.00220477,10000
deuteron,11.899999999999999,Si,0.75,11.8852,0.261897,0.00261897,10000
deuteron,11.899999999999999,Si,1.0,11.8893,0.230356,0.00230356,10000
deuteron,11.899999999999999,Si,1.25,11.8841,0.288205,0.00288205,10000
deuteron,11.899999999999999,Si,1.5,11.8848,0.291423,0.00291423,10000
deuteron,11.899999999999999,Si,1.75,11.8859,0.255428,0.00255428,10000
deuteron,11.899999999999999,Si,2.0,11.8834,0.281216,0.00281216,10000
deuteron,11.999999999999998,Si,0.5,8.10291,0.26077,0.0026077,10000
deuteron,11.999999999999998,Si,0.75,11.9892,0.204055,0.00204055,10000
deuteron,11.999999999999998,Si,1.0,11.9872,0.238383,0.00238383,10000
deuteron,11.999999999999998,Si,1.25,11.9886,0.225015,0.00225015,10000
deuteron,11.999999999999998,Si,1.5,11.9852,0.278584,0.00278584,10000
deuteron,11.999999999999998,Si,1.75,11.9823,0.301183,0.00301183,10000
deuteron,11.999999999999998,Si,2.0,11.9827,0.330752,0.00330752,10000
deuteron,12.099999999999998,Si,0.5,7.98063,0.267689,0.00267689,10000
deuteron,12.099999999999998,Si,0.75,12.0816,0.337483,0.00337483,10000
deuteron,12.099999999999998,Si,1.0,12.0836,0.291248,0.00291248,10000
deuteron,12.099999999999998,Si,1.25,12.0834,0.259749,0.00259749,10000
deuteron,12.099999999999998,Si,1.5,12.0829,0.303155,0.00303155,10000
deuteron,12.099999999999998,Si,1.75,12.0823,0.308781,0.00308781,10000
deuteron,12.099999999999998,Si,2.0,12.0881,0.303406,0.00303406,10000
deuteron,12.2,Si,0.5,7.86639,0.248962,0.00248962,10000
deuteron,12.2,Si,0.75,12.1849,0.249574,0.00249574,10000
deuteron,12.2,Si,1.0,12.1843,0.285662,0.00285662,10000
deuteron,12.2,Si,1.25,12.1886,0.261503,0.00261503,10000
deuteron,12.2,Si,1.5,12.1843,0.282698,0.00282698,10000
deuteron,12.2,Si,1.75,12.1881,0.234614,0.00234614,10000
deuteron,12.2,Si,2.0,12.1869,0.287223,0.00287223,10000
deuteron,12.299999999999999,Si,0.5,7.76213,0.253329,0.00253329,10000
deuteron,12.299999999999999,Si,0.75,12.2835,0.301501,0.00301501,10000
deuteron,12.299999999999999,Si,1.0,12.283,0.292529,0.00292529,10000
deuteron,12.299999999999999,Si,1.25,12.2803,0.352737,0.00352737,10000
deuteron,12.299999999999999,Si,1.5,12.2796,0.344686,0.00344686,10000
deuteron,12.299999999999999,Si,1.75,12.2877,0.309048,0.00309048,10000
deuteron,12.299999999999999,Si,2.0,12.2846,0.301106,0.00301106,10000
deuteron,12.399999999999999,Si,0.5,7.65738,0.247883,0.00247883,10000
deuteron,12.399999999999999,Si,0.75,12.3831,0.301912,0.00301912,10000
deuteron,12.399999999999999,Si,1.0,12.3866,0.305951,0.00305951,10000
deuteron,12.399999999999999,Si,1.25,12.3874,0.23678,0.0023678,10000
deuteron,12.399999999999999,Si,1.5,12.3879,0.229677,0.00229677,10000
deuteron,12.399999999999999,Si,1.75,12.3866,0.234912,0.00234912,10000
deuteron,12.399999999999999,Si,2.0,12.3856,0.289113,0.00289113,10000
deuteron,12.499999999999998,Si,0.5,7.55866,0.231055,0.00231055,10000
deuteron,12.499999999999998,Si,0.75,12.4798,0.33801,0.0033801,10000
deuteron,12.499999999999998,Si,1.0,12.4832,0.279956,0.00279956,10000
deuteron,12.499999999999998,Si,1.25,12.4864,0.262957,0.00262957,10000
deuteron,12.499999999999998,Si,1.5,12.4828,0.346141,0.00346141,10000
deuteron,12.499999999999998,Si,1.75,12.4837,0.321437,0.00321437,10000
deuteron,12.499999999999998,Si,2.0,12.487,0.291886,0.00291886,10000
deuteron,12.599999999999998,Si,0.5,7.46802,0.298947,0.00298947,10000
deuteron,12.599999999999998,Si,0.75,12.583,0.296115,0.00296115,10000
deuteron,12.599999999999998,Si,1.0,12.5861,0.268522,0.00268522,10000
deuteron,12.599999999999998,Si,1.25,12.5854,0.290521,0.00290521,10000
deuteron,12.599999999999998,Si,1.5,12.5843,0.291705,0.00291705,10000
deuteron,12.599999999999998,Si,1.75,12.5858,0.305736,0.00305736,10000
deuteron,12.599999999999998,Si,2.0,12.59,0.240779,0.00240779,10000
deuteron,12.7,Si,0.5,7.37734,0.219732,0.00219732,10000
deuteron,12.7,Si,0.75,12.6732,0.426212,0.00426212,10000
deuteron,12.7,Si,1.0,12.6816,0.317354,0.00317354,10000
deuteron,12.7,Si,1.25,12.6822,0.362801,0.00362801,10000
deuteron,12.7,Si,1.5,12.6812,0.337054,0.00337054,10000
deuteron,12.7,Si,1.75,12.6832,0.301369,0.00301369,10000
deuteron,12.7,Si,2.0,12.6888,0.251186,0.00251186,10000
deuteron,12.799999999999999,Si,0.5,7.29194,0.245048,0.00245048,10000
deuteron,12.799999999999999,Si,0.75,12.7817,0.287466,0.00287466,10000
deuteron,12.799999999999999,Si,1.0,12.7805,0.338386,0.00338386,10000
deuteron,12.799999999999999,Si,1.25,12.7798,0.363764,0.00363764,10000
deuteron,12.799999999999999,Si,1.5,12.7807,0.32018,0.0032018,10000
deuteron,12.799999999999999,Si,1.75,12.7803,0.326306,0.00326306,10000
deuteron,12.799999999999999,Si,2.0,12.7858,0.279827,0.00279827,10000
deuteron,12.899999999999999,Si,0.5,7.2066,0.237273,0.00237273,10000
deuteron,12.899999999999999,Si,0.75,12.8795,0.304986,0.00304986,10000
deuteron,12.899999999999999,Si,1.0,12.8843,0.289207,0.00289207,10000
deuteron,12.899999999999999,Si,1.25,12.8871,0.288233,0.00288233,10000
deuteron,12.899999999999999,Si,1.5,12.8842,0.307542,0.00307542,10000
deuteron,12.899999999999999,Si,1.75,12.8788,0.348767,0.00348767,10000
deuteron,12.899999999999999,Si,2.0,12.8824,0.341982,0.00341982,10000
deuteron,12.999999999999998,Si,0.5,7.12859,0.22329,0.0022329,10000
deuteron,12.999999999999998,Si,0.75,12.9768,0.370564,0.00370564,10000
deuteron,12.999999999999998,Si,1.0,12.9849,0.287309,0.00287309,10000
deuteron,12.999999999999998,Si,1.25,12.9832,0.31509,0.0031509,10000
deuteron,12.999999999999998,Si,1.5,12.9793,0.329407,0.00329407,10000
deuteron,12.999999999999998,Si,1.75,12.98,0.384091,0.00384091,10000
deuteron,12.999999999999998,Si,2.0,12.9837,0.314098,0.00314098,10000
deuteron,13.099999999999998,Si,0.5,7.05079,0.238878,0.00238878,10000
deuteron,13.099999999999998,Si,0.75,13.0815,0.308985,0.00308985,10000
deuteron,13.099999999999998,Si,1.0,13.082,0.33539,0.0033539,10000
deuteron,13.099999999999998,Si,1.25,13.0788,0.370488,0.00370488,10000
deuteron,13.099999999999998,Si,1.5,13.0793,0.349743,0.00349743,10000
deuteron,13.099999999999998,Si,1.75,13.0788,0.369597,0.00369597,10000
deuteron,13.099999999999998,Si,2.0,13.0846,0.29007,0.0029007,10000
deuteron,13.2,Si,0.5,6.97168,0.242898,0.00242898,10000
deuteron,13.2,Si,0.75,13.181,0.302817,0.00302817,10000
deuteron,13.2,Si,1.0,13.1832,0.308193,0.00308193,10000
deuteron,13.2,Si,1.25,13.1786,0.387994,0.00387994,10000
deuteron,13.2,Si,1.5,13.1811,0.320119,0.00320119,10000
deuteron,13.2,Si,1.75,13.1849,0.297149,0.00297149,10000
deuteron,13.2,Si,2.0,13.1833,0.297079,0.00297079,10000
deuteron,13.299999999999999,Si,0.5,6.90136,0.279975,0.00279975,10000
deuteron,13.299999999999999,Si,0.75,13.2831,0.320055,0.00320055,10000
deuteron,13.299999999999999,Si,1.0,13.283,0.333071,0.00333071,10000
deuteron,13.299999999999999,Si,1.25,13.276,0.373462,0.00373462,10000
deuteron,13.299999999999999,Si,1.5,13.2769,0.38808,0.0038808,10000
deuteron,13.299999999999999,Si,1.75,13.2852,0.294099,0.00294099,10000
deuteron,13.299999999999999,Si,2.0,13.279,0.359793,0.00359793,10000
deuteron,13.399999999999999,Si,0.5,6.83171,0.269399,0.00269399,10000
deuteron,13.399999999999999,Si,0.75,13.382,0.302919,0.00302919,10000
deuteron,13.399999999999999,Si,1.0,13.3799,0.36817,0.0036817,10000
deuteron,13.399999999999999,Si,1.25,13.3799,0.370597,0.00370597,10000
deuteron,13.399999999999999,Si,1.5,13.3837,0.348243,0.00348243,10000
deuteron,13.399999999999999,Si,1.75,13.3812,0.382738,0.00382738,10000
deuteron,13.399999999999999,Si,2.0,13.3789,0.371994,0.00371994,10000
deuteron,13.499999999999998,Si,0.5,6.76482,0.26539,0.0026539,10000
deuteron,13.499999999999998,Si,0.75,13.479,0.334961,0.00334961,10000
deuteron,13.499999999999998,Si,1.0,13.4841,0.267912,0.00267912,10000
deuteron,13.499999999999998,Si,1.25,13.4759,0.399846,0.00399846,10000
deuteron,13.499999999999998,Si,1.5,13.4823,0.310103,0.00310103,10000
deuteron,13.499999999999998,Si,1.75,13.4786,0.360434,0.00360434,10000
deuteron,13.499999999999998,Si,2.0,13.4735,0.412605,0.00412605,10000
deuteron,13.599999999999998,Si,0.5,6.70186,0.248995,0.00248995,10000
deuteron,13.599999999999998,Si,0.75,13.5746,0.350646,0.00350646,10000
deuteron,13.599999999999998,Si,1.0,13.5785,0.330959,0.00330959,10000
deuteron,13.599999999999998,Si,1.25,13.5858,0.294312,0.00294312,10000
deuteron,13.599999999999998,Si,1.5,13.579,0.3548,0.003548,10000
deuteron,13.599999999999998,Si,1.75,13.5845,0.319871,0.00319871,10000
deuteron,13.599999999999998,Si,2.0,13.5736,0.420858,0.00420858,10000
deuteron,13.7,Si,0.5,6.63846,0.268412,0.00268412,10000
deuteron,13.7,Si,0.75,13.626,0.459642,0.00459642,10000
deuteron,13.7,Si,1.0,13.6812,0.347407,0.00347407,10000
deuteron,13.7,Si,1.25,13.6824,0.310974,0.00310974,10000
deuteron,13.7,Si,1.5,13.682,0.307281,0.00307281,10000
deuteron,13.7,Si,1.75,13.6801,0.347022,0.00347022,10000
deuteron,13.7,Si,2.0,13.6831,0.311913,0.00311913,10000
deuteron,13.799999999999999,Si,0.5,6.5778,0.279879,0.00279879,10000
deuteron,13.799999999999999,Si,0.75,13.4485,0.513409,0.00513409,10000
deuteron,13.799999999999999,Si,1.0,13.783,0.292243,0.00292243,10000
deuteron,13.799999999999999,Si,1.25,13.7749,0.398318,0.00398318,10000
deuteron,13.799999999999999,Si,1.5,13.7808,0.350175,0.00350175,10000
deuteron,13.799999999999999,Si,1.75,13.7814,0.352043,0.00352043,10000
deuteron,13.799999999999999,Si,2.0,13.7753,0.447888,0.00447888,10000
deuteron,13.899999999999999,Si,0.5,6.51059,0.222933,0.00222933,10000
deuteron,13.899999999999999,Si,0.75,13.0054,0.506315,0.00506315,10000
deuteron,13.899999999999999,Si,1.0,13.8748,0.404035,0.00404035,10000
deuteron,13.899999999999999,Si,1.25,13.88,0.362588,0.00362588,10000
deuteron,13.899999999999999,Si,1.5,13.8824,0.341391,0.00341391,10000
deuteron,13.899999999999999,Si,1.75,13.8763,0.420354,0.00420354,10000
deuteron,13.899999999999999,Si,2.0,13.8755,0.408418,0.00408418,10000
deuteron,13.999999999999998,Si,0.5,6.4564,0.249991,0.00249991,10000
deuteron,13.999999999999998,Si,0.75,12.5551,0.547613,0.00547613,10000
deuteron,13.999999999999998,Si,1.0,13.9725,0.412845,0.00412845,10000
deuteron,13.999999999999998,Si,1.25,13.9838,0.339853,0.00339853,10000
deuteron,13.999999999999998,Si,1.5,13.9767,0.376273,0.00376273,10000
deuteron,13.999999999999998,Si,1.75,13.9797,0.367048,0.00367048,10000
deuteron,13.999999999999998,Si,2.0,13.9808,0.360876,0.00360876,10000
deuteron,14.099999999999998,Si,0.5,6.39607,0.275108,0.00275108,10000
deuteron,14.099999999999998,Si,0.75,12.2181,0.461824,0.00461824,10000
deuteron,14.099999999999998,Si,1.0,14.0739,0.428329,0.00428329,10000
deuteron,14.099999999999998,Si,1.25,14.0772,0.369937,0.00369937,10000
deuteron,14.099999999999998,Si,1.5,14.0855,0.301581,0.00301581,10000
deuteron,14.099999999999998,Si,1.75,14.0819,0.33918,0.0033918,10000
deuteron,14.099999999999998,Si,2.0,14.0785,0.394694,0.00394694,10000
deuteron,14.2,Si,0.5,6.34072,0.246011,0.00246011,10000
deuteron,14.2,Si,0.75,11.9424,0.418164,0.00418164,10000
deuteron,14.2,Si,1.0,14.1761,0.391264,0.00391264,10000
deuteron,14.2,Si,1.25,14.1792,0.353318,0.00353318,10000
deuteron,14.2,Si,1.5,14.1799,0.329311,0.00329311,10000
deuteron,14.2,Si,1.75,14.1824,0.351124,0.00351124,10000
deuteron,14.2,Si,2.0,14.1774,0.374402,0.00374402,10000
deuteron,14.299999999999999,Si,0.5,6.28735,0.272979,0.00272979,10000
deuteron,14.299999999999999,Si,0.75,11.6884,0.385295,0.00385295,10000
deuteron,14.299999999999999,Si,1.0,14.279,0.362102,0.00362102,10000
deuteron,14.299999999999999,Si,1.25,14.2786,0.359358,0.00359358,10000
deuteron,14.299999999999999,Si,1.5,14.2781,0.357115,0.00357115,10000
deuteron,14.299999999999999,Si,1.75,14.2817,0.369994,0.00369994,10000
deuteron,14.299999999999999,Si,2.0,14.2758,0.38832,0.0038832,10000
deuteron,14.399999999999999,Si,0.5,6.2333,0.265818,0.00265818,10000
deuteron,14.399999999999999,Si,0.75,11.4602,0.443455,0.00443455,10000
deuteron,14.399999999999999,Si,1.0,14.3802,0.337673,0.00337673,10000
deuteron,14.399999999999999,Si,1.25,14.3786,0.366373,0.00366373,10000
deuteron,14.399999999999999,Si,1.5,14.3771,0.358473,0.00358473,10000
deuteron,14.399999999999999,Si,1.75,14.3741,0.424578,0.00424578,10000
deuteron,14.399999999999999,Si,2.0,14.3768,0.399314,0.00399314,10000
deuteron,14.499999999999998,Si,0.5,6.17984,0.285833,0.00285833,10000
deuteron,14.499999999999998,Si,0.75,11.2659,0.375158,0.00375158,10000
deuteron,14.499999999999998,Si,1.0,14.4746,0.418135,0.00418135,10000
deuteron,14.499999999999998,Si,1.25,14.4809,0.340137,0.00340137,10000
deuteron,14.499999999999998,Si,1.5,14.4783,0.372721,0.00372721,10000
deuteron,14.499999999999998,Si,1.75,14.4825,0.331742,0.00331742,10000
deuteron,14.499999999999998,Si,2.0,14.4777,0.413366,0.00413366,10000
deuteron,14.599999999999998,Si,0.5,6.13052,0.26841,0.0026841,10000
deuteron,14.599999999999998,Si,0.75,11.0882,0.339786,0.00339786,10000
deuteron,14.599999999999998,Si,1.0,14.5717,0.445634,0.00445634,10000
deuteron,14.599999999999998,Si,1.25,14.5729,0.43182,0.0043182,10000
deuteron,14.599999999999998,Si,1.5,14.5801,0.36714,0.0036714,10000
deuteron,14.599999999999998,Si,1.75,14.5792,0.36308,0.0036308,10000
deuteron,14.599999999999998,Si,2.0,14.577,0.423945,0.00423945,10000
deuteron,14.7,Si,0.5,6.07834,0.235848,0.00235848,10000
deuteron,14.7,Si,0.75,10.9028,0.38164,0.0038164,10000
deuteron,14.7,Si,1.0,14.6732,0.402584,0.00402584,10000
deuteron,14.7,Si,1.25,14.6739,0.404721,0.00404721,10000
deuteron,14.7,Si,1.5,14.6799,0.388762,0.00388762,10000
deuteron,14.7,Si,1.75,14.6814,0.335273,0.00335273,10000
deuteron,14.7,Si,2.0,14.6784,0.395452,0.00395452,10000
deuteron,14.799999999999999,Si,0.5,6.03338,0.273417,0.00273417,10000
deuteron,14.799999999999999,Si,0.75,10.7502,0.368045,0.00368045,10000
deuteron,14.799999999999999,Si,1.0,14.7809,0.341001,0.00341001,10000
deuteron,14.799999999999999,Si,1.25,14.7701,0.437428,0.00437428,10000
deuteron,14.799999999999999,Si,1.5,14.7756,0.382254,0.00382254,10000
deuteron,14.799999999999999,Si,1.75,14.782,0.354298,0.00354298,10000
deuteron,14.799999999999999,Si,2.0,14.7758,0.438888,0.00438888,10000
deuteron,14.899999999999999,Si,0.5,5.98652,0.26178,0.0026178,10000
deuteron,14.899999999999999,Si,0.75,10.592,0.397302,0.00397302,10000
deuteron,14.899999999999999,Si,1.0,14.8785,0.355402,0.00355402,10000
deuteron,14.899999999999999,Si,1.25,14.8795,0.408935,0.00408935,10000
deuteron,14.899999999999999,Si,1.5,14.8798,0.366931,0.00366931,10000
deuteron,14.899999999999999,Si,1.75,14.8742,0.442652,0.00442652,10000
deuteron,14.899999999999999,Si,2.0,14.8779,0.394524,0.00394524,10000
deuteron,14.999999999999998,Si,0.5,5.93885,0.291625,0.00291625,10000
deuteron,14.999999999999998,Si,0.75,10.4577,0.377264,0.00377264,10000
deuteron,14.999999999999998,Si,1.0,14.9708,0.461744,0.00461744,10000
deuteron,14.999999999999998,Si,1.25,14.9782,0.41488,0.0041488,10000
deuteron,14.999999999999998,Si,1.5,14.9764,0.394299,0.00394299,10000
deuteron,14.999999999999998,Si,1.75,14.9749,0.429203,0.00429203,10000
deuteron,14.999999999999998,Si,2.0,14.9702,0.479658,0.00479658,10000
deuteron,15.099999999999998,Si,0.5,5.89266,0.249226,0.00249226,10000
deuteron,15.099999999999998,Si,0.75,10.3166,0.363428,0.00363428,10000
deuteron,15.099999999999998,Si,1.0,15.0735,0.424149,0.00424149,10000
deuteron,15.099999999999998,Si,1.25,15.0777,0.395339,0.00395339,10000
deuteron,15.099999999999998,Si,1.5,15.0737,0.410861,0.00410861,10000
deuteron,15.099999999999998,Si,1.75,15.0799,0.389097,0.00389097,10000
deuteron,15.099999999999998,Si,2.0,15.0816,0.383392,0.00383392,10000
deuteron,15.199999999999998,Si,0.5,5.84868,0.25824,0.0025824,10000
deuteron,15.199999999999998,Si,0.75,10.188,0.340463,0.00340463,10000
deuteron,15.199999999999998,Si,1.0,15.1669,0.487299,0.00487299,10000
deuteron,15.199999999999998,Si,1.25,15.1706,0.453447,0.00453447,10000
deuteron,15.199999999999998,Si,1.5,15.175,0.40166,0.0040166,10000
deuteron,15.199999999999998,Si,1.75,15.1724,0.462303,0.00462303,10000
deuteron,15.199999999999998,Si,2.0,15.1736,0.434097,0.00434097,10000
deuteron,15.299999999999999,Si,0.5,5.80968,0.286386,0.00286386,10000
deuteron,15.299999999999999,Si,0.75,10.0659,0.352223,0.00352223,10000
deuteron,15.299999999999999,Si,1.0,15.2697,0.446979,0.00446979,10000
deuteron,15.299999999999999,Si,1.25,15.2715,0.423912,0.00423912,10000
deuteron,15.299999999999999,Si,1.5,15.2682,0.485292,0.00485292,10000
deuteron,15.299999999999999,Si,1.75,15.2714,0.470301,0.00470301,10000
deuteron,15.299999999999999,Si,2.0,15.2757,0.43855,0.0043855,10000
deuteron,15.399999999999999,Si,0.5,5.76063,0.182242,0.00182242,10000
deuteron,15.399999999999999,Si,0.75,9.95179,0.30472,0.0030472,10000
deuteron,15.399999999999999,Si,1.0,15.3747,0.444025,0.00444025,10000
deuteron,15.399999999999999,Si,1.25,15.3743,0.435071,0.00435071,10000
deuteron,15.399999999999999,Si,1.5,15.3755,0.46444,0.0046444,10000
deuteron,15.399999999999999,Si,1.75,15.3739,0.46582,0.0046582,10000
deuteron,15.399999999999999,Si,2.0,15.3748,0.428902,0.00428902,10000
deuteron,15.499999999999998,Si,0.5,5.72646,0.338252,0.00338252,10000
deuteron,15.499999999999998,Si,0.75,9.8411,0.404897,0.00404897,10000
deuteron,15.499999999999998,Si,1.0,15.469,0.460554,0.00460554,10000
deuteron,15.499999999999998,Si,1.25,15.469,0.468673,0.00468673,10000
deuteron,15.499999999999998,Si,1.5,15.4762,0.410084,0.00410084,10000
deuteron,15.499999999999998,Si,1.75,15.4698,0.491588,0.00491588,10000
deuteron,15.499999999999998,Si,2.0,15.4744,0.449191,0.00449191,10000
deuteron,15.599999999999998,Si,0.5,5.68568,0.334691,0.00334691,10000
deuteron,15.599999999999998,Si,0.75,9.72602,0.350702,0.00350702,10000
deuteron,15.599999999999998,Si,1.0,15.5738,0.411816,0.00411816,10000
deuteron,15.599999999999998,Si,1.25,15.5691,0.42992,0.0042992,10000
deuteron,15.599999999999998,Si,1.5,15.5741,0.426393,0.00426393,10000
deuteron,15.599999999999998,Si,1.75,15.5726,0.42587,0.0042587,10000
deuteron,15.599999999999998,Si,2.0,15.5769,0.404994,0.00404994,10000
deuteron,15.699999999999998,Si,0.5,5.64189,0.281371,0.00281371,10000
deuteron,15.699999999999998,Si,0.75,9.62574,0.334985,0.00334985,10000
deuteron,15.699999999999998,Si,1.0,15.6674,0.466357,0.00466357,10000
deuteron,15.699999999999998,Si,1.25,15.6652,0.51139,0.0051139,10000
deuteron,15.699999999999998,Si,1.5,15.6768,0.433167,0.00433167,10000
deuteron,15.699999999999998,Si,1.75,15.6693,0.490613,0.00490613,10000
deuteron,15.699999999999998,Si,2.0,15.6685,0.513032,0.00513032,10000
deuteron,15.799999999999999,Si,0.5,5.60605,0.342479,0.00342479,10000
deuteron,15.799999999999999,Si,0.75,9.53014,0.372802,0.00372802,10000
deuteron,15.799999999999999,Si,1.0,15.7703,0.446734,0.00446734,10000
deuteron,15.799999999999999,Si,1.25,15.7728,0.447382,0.00447382,10000
deuteron,15.799999999999999,Si,1.5,15.7765,0.382611,0.00382611,10000
deuteron,15.799999999999999,Si,1.75,15.7691,0.496136,0.00496136,10000
deuteron,15.799999999999999,Si,2.0,15.779,0.387833,0.00387833,10000
deuteron,15.899999999999999,Si,0.5,5.56184,0.280624,0.00280624,10000
deuteron,15.899999999999999,Si,0.75,9.42934,0.421446,0.00421446,10000
deuteron,15.899999999999999,Si,1.0,15.8721,0.440187,0.00440187,10000
deuteron,15.899999999999999,Si,1.25,15.864,0.558347,0.00558347,10000
deuteron,15.899999999999999,Si,1.5,15.8729,0.465132,0.00465132,10000
deuteron,15.899999999999999,Si,1.75,15.868,0.495438,0.00495438,10000
deuteron,15.899999999999999,Si,2.0,15.8771,0.445763,0.00445763,10000
deuteron,15.999999999999998,Si,0.5,5.52709,0.28688,0.0028688,10000
deuteron,15.999999999999998,Si,0.75,9.33722,0.276152,0.00276152,10000
deuteron,15.999999999999998,Si,1.0,15.9722,0.472462,0.00472462,10000
deuteron,15.999999999999998,Si,1.25,15.9625,0.540655,0.00540655,10000
deuteron,15.999999999999998,Si,1.5,15.9695,0.483651,0.00483651,10000
deuteron,15.999999999999998,Si,1.75,15.9743,0.427964,0.00427964,10000
deuteron,15.999999999999998,Si,2.0,15.9687,0.477622,0.00477622,10000
deuteron,16.099999999999998,Si,0.5,5.49157,0.291029,0.00291029,10000
deuteron,16.099999999999998,Si,0.75,9.25109,0.368047,0.00368047,10000
deuteron,16.099999999999998,Si,1.0,16.0577,0.505604,0.00505604,10000
deuteron,16.099999999999998,Si,1.25,16.0764,0.413902,0.00413902,10000
deuteron,16.099999999999998,Si,1.5,16.0693,0.456637,0.00456637,10000
deuteron,16.099999999999998,Si,1.75,16.0695,0.479673,0.00479673,10000
deuteron,16.099999999999998,Si,2.0,16.075,0.409047,0.00409047,10000
deuteron,16.2,Si,0.5,5.45429,0.310754,0.00310754,10000
deuteron,16.2,Si,0.75,9.15917,0.330596,0.00330596,10000
deuteron,16.2,Si,1.0,16.0981,0.514835,0.00514835,10000
deuteron,16.2,Si,1.25,16.1727,0.421352,0.00421352,10000
deuteron,16.2,Si,1.5,16.1621,0.551776,0.00551776,10000
deuteron,16.2,Si,1.75,16.1707,0.473001,0.00473001,10000
deuteron,16.2,Si,2.0,16.1735,0.470808,0.00470808,10000
deuteron,16.3,Si,0.5,5.41947,0.285526,0.00285526,10000
deuteron,16.3,Si,0.75,9.07487,0.353597,0.00353597,10000
deuteron,16.3,Si,1.0,15.8854,0.668261,0.00668261,10000
deuteron,16.3,Si,1.25,16.2643,0.530177,0.00530177,10000
deuteron,16.3,Si,1.5,16.266,0.519243,0.00519243,10000
deuteron,16.3,Si,1.75,16.2668,0.528403,0.00528403,10000
deuteron,16.3,Si,2.0,16.2706,0.517626,0.00517626,10000
deuteron,16.4,Si,0.5,5.38431,0.352087,0.00352087,10000
deuteron,16.4,Si,0.75,8.98717,0.340659,0.00340659,10000
deuteron,16.4,Si,1.0,15.419,0.769095,0.00769095,10000
deuteron,16.4,Si,1.25,16.3658,0.478426,0.00478426,10000
deuteron,16.4,Si,1.5,16.3636,0.489233,0.00489233,10000
deuteron,16.4,Si,1.75,16.3632,0.53706,0.0053706,10000
deuteron,16.4,Si,2.0,16.3694,0.483992,0.00483992,10000
deuteron,16.5,Si,0.5,5.34932,0.322303,0.00322303,10000
deuteron,16.5,Si,0.75,8.91388,0.392764,0.00392764,10000
deuteron,16.5,Si,1.0,14.9602,0.652579,0.00652579,10000
deuteron,16.5,Si,1.25,16.464,0.521616,0.00521616,10000
deuteron,16.5,Si,1.5,16.47,0.489427,0.00489427,10000
deuteron,16.5,Si,1.75,16.4635,0.571502,0.00571502,10000
deuteron,16.5,Si,2.0,16.4621,0.548909,0.00548909,10000
deuteron,16.6,Si,0.5,5.31368,0.257504,0.00257504,10000
deuteron,16.6,Si,0.75,8.83901,0.380334,0.00380334,10000
deuteron,16.6,Si,1.0,14.5712,0.597442,0.00597442,10000
deuteron,16.6,Si,1.25,16.561,0.542795,0.00542795,10000
deuteron,16.6,Si,1.5,16.5681,0.476242,0.00476242,10000
deuteron,16.6,Si,1.75,16.5674,0.50481,0.0050481,10000
deuteron,16.6,Si,2.0,16.5666,0.486364,0.00486364,10000
deuteron,16.7,Si,0.5,5.2781,0.334197,0.00334197,10000
deuteron,16.7,Si,0.75,8.75852,0.29865,0.0029865,10000
deuteron,16.7,Si,1.0,14.2528,0.574383,0.00574383,10000
deuteron,16.7,Si,1.25,16.6692,0.483879,0.00483879,10000
deuteron,16.7,Si,1.5,16.6626,0.534718,0.00534718,10000
deuteron,16.7,Si,1.75,16.664,0.510545,0.00510545,10000
deuteron,16.7,Si,2.0,16.6614,0.60541,0.0060541,10000
deuteron,16.8,Si,0.5,5.24312,0.241182,0.00241182,10000
deuteron,16.8,Si,0.75,8.68891,0.384609,0.00384609,10000
deuteron,16.8,Si,1.0,13.9807,0.520258,0.00520258,10000
deuteron,16.8,Si,1.25,16.7597,0.56013,0.0056013,10000
deuteron,16.8,Si,1.5,16.7621,0.557777,0.00557777,10000
deuteron,16.8,Si,1.75,16.7646,0.551477,0.00551477,10000
deuteron,16.8,Si,2.0,16.7623,0.555276,0.00555276,10000
deuteron,16.9,Si,0.5,5.21734,0.345241,0.00345241,10000
deuteron,16.9,Si,0.75,8.62495,0.409995,0.00409995,10000
deuteron,16.9,Si,1.0,13.7219,0.545303,0.00545303,10000
deuteron,16.9,Si,1.25,16.8645,0.496727,0.00496727,10000
deuteron,16.9,Si,1.5,16.8662,0.503911,0.00503911,10000
deuteron,16.9,Si,1.75,16.8618,0.547038,0.00547038,10000
deuteron,16.9,Si,2.0,16.8687,0.526878,0.00526878,10000
deuteron,17.0,Si,0.5,5.18115,0.302501,0.00302501,10000
deuteron,17.0,Si,0.75,8.5423,0.286553,0.00286553,10000
deuteron,17.0,Si,1.0,13.5055,0.563859,0.00563859,10000
deuteron,17.0,Si,1.25,16.9575,0.590095,0.00590095,10000
deuteron,17.0,Si,1.5,16.9546,0.656534,0.00656534,10000
deuteron,17.0,Si,1.75,16.9598,0.560212,0.00560212,10000
deuteron,17.0,Si,2.0,16.9674,0.543979,0.00543979,10000
deuteron,17.1,Si,0.5,5.14712,0.25826,0.0025826,10000
deuteron,17.1,Si,0.75,8.48568,0.381923,0.00381923,10000
deuteron,17.1,Si,1.0,13.3072,0.468849,0.00468849,10000
deuteron,17.1,Si,1.25,17.0577,0.617078,0.00617078,10000
deuteron,17.1,Si,1.5,17.0669,0.526846,0.00526846,10000
deuteron,17.1,Si,1.75,17.064,0.552408,0.00552408,10000
deuteron,17.1,Si,2.0,17.0658,0.539407,0.00539407,10000
deuteron,17.2,Si,0.5,5.11787,0.266459,0.00266459,10000
deuteron,17.2,Si,0.75,8.41573,0.394693,0.00394693,10000
deuteron,17.2,Si,1.0,13.1172,0.5122,0.005122,10000
deuteron,17.2,Si,1.25,17.1632,0.527809,0.00527809,10000
deuteron,17.2,Si,1.5,17.164,0.556711,0.00556711,10000
deuteron,17.2,Si,1.75,17.1638,0.574615,0.00574615,10000
deuteron,17.2,Si,2.0,17.1668,0.501797,0.00501797,10000
deuteron,17.3,Si,0.5,5.08712,0.242988,0.00242988,10000
deuteron,17.3,Si,0.75,8.35035,0.311666,0.00311666,10000
deuteron,17.3,Si,1.0,12.929,0.504272,0.00504272,10000
deuteron,17.3,Si,1.25,17.2549,0.593221,0.00593221,10000
deuteron,17.3,Si,1.5,17.2667,0.500358,0.00500358,10000
deuteron,17.3,Si,1.75,17.2635,0.514968,0.00514968,10000
deuteron,17.3,Si,2.0,17.2672,0.543317,0.00543317,10000
deuteron,17.4,Si,0.5,5.05645,0.283122,0.00283122,10000
deuteron,17.4,Si,0.75,8.28853,0.342831,0.00342831,10000
deuteron,17.4,Si,1.0,12.7744,0.457321,0.00457321,10000
deuteron,17.4,Si,1.25,17.3646,0.543284,0.00543284,10000
deuteron,17.4,Si,1.5,17.3611,0.568268,0.00568268,10000
deuteron,17.4,Si,1.75,17.3523,0.652244,0.00652244,10000
deuteron,17.4,Si,2.0,17.3637,0.578234,0.00578234,10000
deuteron,17.5,Si,0.5,5.03212,0.313499,0.00313499,10000
deuteron,17.5,Si,0.75,8.23413,0.401543,0.00401543,10000
deuteron,17.5,Si,1.0,12.606,0.457522,0.00457522,10000
deuteron,17.5,Si,1.25,17.4562,0.570816,0.00570816,10000
deuteron,17.5,Si,1.5,17.4538,0.607446,0.00607446,10000
deuteron,17.5,Si,1.75,17.4627,0.565651,0.00565651,10000
deuteron,17.5,Si,2.0,17.4606,0.583354,0.00583354,10000
deuteron,17.6,Si,0.5,4.99833,0.218872,0.00218872,10000
deuteron,17.6,Si,0.75,8.16782,0.312088,0.00312088,10000
deuteron,17.6,Si,1.0,12.4622,0.46309,0.0046309,10000
deuteron,17.6,Si,1.25,17.5578,0.57458,0.0057458,10000
deuteron,17.6,Si,1.5,17.5678,0.503927,0.00503927,10000
deuteron,17.6,Si,1.75,17.5591,0.583375,0.00583375,10000
deuteron,17.6,Si,2.0,17.5574,0.634973,0.00634973,10000
deuteron,17.7,Si,0.5,4.97344,0.334062,0.00334062,10000
deuteron,17.7,Si,0.75,8.11325,0.309033,0.00309033,10000
deuteron,17.7,Si,1.0,12.3227,0.507789,0.00507789,10000
deuteron,17.7,Si,1.25,17.6594,0.610847,0.00610847,10000
deuteron,17.7,Si,1.5,17.6564,0.619751,0.00619751,10000
deuteron,17.7,Si,1.75,17.6627,0.578924,0.00578924,10000
deuteron,17.7,Si,2.0,17.6636,0.613936,0.00613936,10000
deuteron,17.8,Si,0.5,4.94499,0.328444,0.00328444,10000
deuteron,17.8,Si,0.75,8.05161,0.32434,0.0032434,10000
deuteron,17.8,Si,1.0,12.1807,0.4866,0.004866,10000
deuteron,17.8,Si,1.25,17.7501,0.633867,0.00633867,10000
deuteron,17.8,Si,1.5,17.7617,0.547745,0.00547745,10000
deuteron,17.8,Si,1.75,17.7634,0.574531,0.00574531,10000
deuteron,17.8,Si,2.0,17.7574,0.58108,0.0058108,10000
deuteron,17.9,Si,0.5,4.91858,0.332599,0.00332599,10000
deuteron,17.9,Si,0.75,8.00006,0.345185,0.00345185,10000
deuteron,17.9,Si,1.0,12.0549,0.453694,0.00453694,10000
deuteron,17.9,Si,1.25,17.8504,0.633825,0.00633825,10000
deuteron,17.9,Si,1.5,17.857,0.592308,0.00592308,10000
deuteron,17.9,Si,1.75,17.8552,0.5918,0.005918,10000
deuteron,17.9,Si,2.0,17.8668,0.532104,0.00532104,10000
deuteron,18.0,Si,0.5,4.90046,0.411721,0.00411721,10000
deuteron,18.0,Si,0.75,7.94053,0.34219,0.0034219,10000
deuteron,18.0,Si,1.0,11.9213,0.444247,0.00444247,10000
deuteron,18.0,Si,1.25,17.9391,0.76504,0.0076504,10000
deuteron,18.0,Si,1.5,17.9552,0.6129,0.006129,10000
deuteron,18.0,Si,1.75,17.9506,0.677813,0.00677813,10000
deuteron,18.0,Si,2.0,17.9575,0.597308,0.00597308,10000
deuteron,18.1,Si,0.5,4.8684,0.354789,0.00354789,10000
deuteron,18.1,Si,0.75,7.89256,0.371482,0.00371482,10000
deuteron,18.1,Si,1.0,11.8032,0.438448,0.00438448,10000
deuteron,18.1,Si,1.25,18.0501,0.661808,0.00661808,10000
deuteron,18.1,Si,1.5,18.0548,0.630136,0.00630136,10000
deuteron,18.1,Si,1.75,18.053,0.662793,0.00662793,10000
deuteron,18.1,Si,2.0,18.0503,0.702811,0.00702811,10000
deuteron,18.2,Si,0.5,4.83658,0.283615,0.00283615,10000
deuteron,18.2,Si,0.75,7.83555,0.410538,0.00410538,10000
deuteron,18.2,Si,1.0,11.6851,0.415749,0.00415749,10000
deuteron,18.2,Si,1.25,18.1429,0.696045,0.00696045,10000
deuteron,18.2,Si,1.5,18.1587,0.61031,0.0061031,10000
deuteron,18.2,Si,1.75,18.1635,0.561047,0.00561047,10000
deuteron,18.2,Si,2.0,18.1606,0.583696,0.00583696,10000
deuteron,18.3,Si,0.5,4.80943,0.282161,0.00282161,10000
deuteron,18.3,Si,0.75,7.7824,0.318855,0.00318855,10000
deuteron,18.3,Si,1.0,11.5697,0.369106,0.00369106,10000
deuteron,18.3,Si,1.25,18.2424,0.654316,0.00654316,10000
deuteron,18.3,Si,1.5,18.2525,0.641786,0.00641786,10000
deuteron,18.3,Si,1.75,18.2541,0.607757,0.00607757,10000
deuteron,18.3,Si,2.0,18.2564,0.642405,0.00642405,10000
deuteron,18.4,Si,0.5,4.78813,0.328789,0.00328789,10000
deuteron,18.4,Si,0.75,7.72516,0.300319,0.00300319,10000
deuteron,18.4,Si,1.0,11.4745,0.479253,0.00479253,10000
deuteron,18.4,Si,1.25,18.3029,0.681811,0.00681811,10000
deuteron,18.4,Si,1.5,18.3446,0.703471,0.00703471,10000
deuteron,18.4,Si,1.75,18.3569,0.644689,0.00644689,10000
deuteron,18.4,Si,2.0,18.3423,0.748107,0.00748107,10000
deuteron,18.5,Si,0.5,4.76018,0.320498,0.00320498,10000
deuteron,18.5,Si,0.75,7.68336,0.398861,0.00398861,10000
deuteron,18.5,Si,1.0,11.3574,0.404907,0.00404907,10000
deuteron,18.5,Si,1.25,18.1831,0.74918,0.0074918,10000
deuteron,18.5,Si,1.5,18.4471,0.695417,0.00695417,10000
deuteron,18.5,Si,1.75,18.4412,0.77024,0.0077024,10000
deuteron,18.5,Si,2.0,18.4454,0.698335,0.00698335,10000
deuteron,18.6,Si,0.5,4.73512,0.312121,0.00312121,10000
deuteron,18.6,Si,0.75,7.62912,0.313743,0.00313743,10000
deuteron,18.6,Si,1.0,11.2556,0.492842,0.00492842,10000
deuteron,18.6,Si,1.25,17.7939,0.894798,0.00894798,10000
deuteron,18.6,Si,1.5,18.542,0.709146,0.00709146,10000
deuteron,18.6,Si,1.75,18.5497,0.657972,0.00657972,10000
deuteron,18.6,Si,2.0,18.5486,0.703368,0.00703368,10000
deuteron,18.7,Si,0.5,4.71406,0.375289,0.00375289,10000
deuteron,18.7,Si,0.75,7.58297,0.388369,0.00388369,10000
deuteron,18.7,Si,1.0,11.163,0.43011,0.0043011,10000
deuteron,18.7,Si,1.25,17.2955,0.863775,0.00863775,10000
deuteron,18.7,Si,1.5,18.6584,0.598708,0.00598708,10000
deuteron,18.7,Si,1.75,18.6546,0.64761,0.0064761,10000
deuteron,18.7,Si,2.0,18.6586,0.627147,0.00627147,10000
deuteron,18.8,Si,0.5,4.68847,0.367777,0.00367777,10000
deuteron,18.8,Si,0.75,7.53116,0.347269,0.00347269,10000
deuteron,18.8,Si,1.0,11.0619,0.495729,0.00495729,10000
deuteron,18.8,Si,1.25,16.8357,0.764155,0.00764155,10000
deuteron,18.8,Si,1.5,18.7386,0.76407,0.0076407,10000
deuteron,18.8,Si,1.75,18.746,0.719424,0.00719424,10000
deuteron,18.8,Si,2.0,18.7508,0.690592,0.00690592,10000
deuteron,18.9,Si,0.5,4.6704,0.449939,0.00449939,10000
deuteron,18.9,Si,0.75,7.47557,0.270999,0.00270999,10000
deuteron,18.9,Si,1.0,10.9668,0.464821,0.00464821,10000
deuteron,18.9,Si,1.25,16.4828,0.680171,0.00680171,10000
deuteron,18.9,Si,1.5,18.8406,0.750899,0.00750899,10000
deuteron,18.9,Si,1.75,18.8486,0.710401,0.00710401,10000
deuteron,18.9,Si,2.0,18.8464,0.700254,0.00700254,10000
deuteron,19.0,Si,0.5,4.63741,0.311456,0.00311456,10000
deuteron,19.0,Si,0.75,7.44107,0.400422,0.00400422,10000
deuteron,19.0,Si,1.0,10.8797,0.440302,0.00440302,10000
deuteron,19.0,Si,1.25,16.1531,0.687265,0.00687265,10000
deuteron,19.0,Si,1.5,18.9547,0.616178,0.00616178,10000
deuteron,19.0,Si,1.75,18.9378,0.783134,0.00783134,10000
deuteron,19.0,Si,2.0,18.9488,0.704188,0.00704188,10000
deuteron,19.1,Si,0.5,4.62056,0.37415,0.0037415,10000
deuteron,19.1,Si,0.75,7.39493,0.343897,0.00343897,10000
deuteron,19.1,Si,1.0,10.7857,0.41666,0.0041666,10000
deuteron,19.1,Si,1.25,15.8712,0.700975,0.00700975,10000
deuteron,19.1,Si,1.5,19.0597,0.568172,0.00568172,10000
deuteron,19.1,Si,1.75,19.043,0.729742,0.00729742,10000
deuteron,19.1,Si,2.0,19.0577,0.660268,0.00660268,10000
deuteron,19.2,Si,0.5,4.58755,0.303346,0.00303346,10000
deuteron,19.2,Si,0.75,7.35297,0.420666,0.00420666,10000
deuteron,19.2,Si,1.0,10.7085,0.422065,0.00422065,10000
deuteron,19.2,Si,1.25,15.6299,0.638038,0.00638038,10000
deuteron,19.2,Si,1.5,19.1442,0.698546,0.00698546,10000
deuteron,19.2,Si,1.75,19.1527,0.663649,0.00663649,10000
deuteron,19.2,Si,2.0,19.1454,0.739539,0.00739539,10000
deuteron,19.3,Si,0.5,4.56983,0.33412,0.0033412,10000
deuteron,19.3,Si,0.75,7.30992,0.375997,0.00375997,10000
deuteron,19.3,Si,1.0,10.6206,0.450934,0.00450934,10000
deuteron,19.3,Si,1.25,15.3886,0.614233,0.00614233,10000
deuteron,19.3,Si,1.5,19.2383,0.780055,0.00780055,10000
deuteron,19.3,Si,1.75,19.2463,0.729661,0.00729661,10000
deuteron,19.3,Si,2.0,19.2473,0.695969,0.00695969,10000
deuteron,19.4,Si,0.5,4.54866,0.39341,0.0039341,10000
deuteron,19.4,Si,0.75,7.26277,0.400714,0.00400714,10000
deuteron,19.4,Si,1.0,10.5394,0.384642,0.00384642,10000
deuteron,19.4,Si,1.25,15.1782,0.618865,0.00618865,10000
deuteron,19.4,Si,1.5,19.3426,0.708101,0.00708101,10000
deuteron,19.4,Si,1.75,19.3499,0.675778,0.00675778,10000
deuteron,19.4,Si,2.0,19.3323,0.810148,0.00810148,10000
deuteron,19.5,Si,0.5,4.51834,0.278649,0.00278649,10000
deuteron,19.5,Si,0.75,7.21748,0.352438,0.00352438,10000
deuteron,19.5,Si,1.0,10.4624,0.449017,0.00449017,10000
deuteron,19.5,Si,1.25,14.9774,0.521596,0.00521596,10000
deuteron,19.5,Si,1.5,19.4424,0.729278,0.00729278,10000
deuteron,19.5,Si,1.75,19.4463,0.679187,0.00679187,10000
deuteron,19.5,Si,2.0,19.4407,0.777979,0.00777979,10000
deuteron,19.6,Si,0.5,4.49985,0.308816,0.00308816,10000
deuteron,19.6,Si,0.75,7.17715,0.410205,0.00410205,10000
deuteron,19.6,Si,1.0,10.377,0.427458,0.00427458,10000
deuteron,19.6,Si,1.25,14.8011,0.574289,0.00574289,10000
deuteron,19.6,Si,1.5,19.5367,0.753972,0.00753972,10000
deuteron,19.6,Si,1.75,19.5384,0.766727,0.00766727,10000
deuteron,19.6,Si,2.0,19.5474,0.737341,0.00737341,10000
deuteron,19.7,Si,0.5,4.47569,0.328124,0.00328124,10000
deuteron,19.7,Si,0.75,7.13691,0.376076,0.00376076,10000
deuteron,19.7,Si,1.0,10.3068,0.383965,0.00383965,10000
deuteron,19.7,Si,1.25,14.6096,0.588614,0.00588614,10000
deuteron,19.7,Si,1.5,19.649,0.659506,0.00659506,10000
deuteron,19.7,Si,1.75,19.6428,0.724655,0.00724655,10000
deuteron,19.7,Si,2.0,19.6372,0.772886,0.00772886,10000
deuteron,19.8,Si,0.5,4.46288,0.413582,0.00413582,10000
deuteron,19.8,Si,0.75,7.09324,0.312583,0.00312583,10000
deuteron,19.8,Si,1.0,10.2394,0.445961,0.00445961,10000
deuteron,19.8,Si,1.25,14.4417,0.541974,0.00541974,10000
deuteron,19.8,Si,1.5,19.7428,0.703723,0.00703723,10000
deuteron,19.8,Si,1.75,19.7407,0.723633,0.00723633,10000
deuteron,19.8,Si,2.0,19.7336,0.797931,0.00797931,10000
deuteron,19.9,Si,0.5,4.43294,0.334673,0.00334673,10000
deuteron,19.9,Si,0.75,7.05735,0.384074,0.00384074,10000
deuteron,19.9,Si,1.0,10.1525,0.432401,0.00432401,10000
deuteron,19.9,Si,1.25,14.2835,0.556328,0.00556328,10000
deuteron,19.9,Si,1.5,19.8323,0.780438,0.00780438,10000
deuteron,19.9,Si,1.75,19.8425,0.719565,0.00719565,10000
deuteron,19.9,Si,2.0,19.8457,0.711656,0.00711656,10000
deuteron,20.0,Si,0.5,4.41016,0.330263,0.00330263,10000
deuteron,20.0,Si,0.75,7.02295,0.422385,0.00422385,10000
deuteron,20.0,Si,1.0,10.0849,0.402008,0.00402008,10000
deuteron,20.0,Si,1.25,14.1399,0.597763,0.00597763,10000
deuteron,20.0,Si,1.5,19.9354,0.761918,0.00761918,10000
deuteron,20.0,Si,1.75,19.942,0.732145,0.00732145,10000
deuteron,20.0,Si,2.0,19.9243,0.846748,0.00846748,10000
e-,0.1,Si,0.5,0.0915091,0.0216391,0.000216391,10000
e-,0.1,Si,0.75,0.0920564,0.0210664,0.000210664,10000
e-,0.1,Si,1.0,0.0914748,0.0217832,0.000217832,10000
e-,0.1,Si,1.25,0.0916174,0.0217483,0.000217483,10000
e-,0.1,Si,1.5,0.0918902,0.0214824,0.000214824,10000
e-,0.1,Si,1.75,0.091214,0.0222277,0.000222277,10000
e-,0.1,Si,2.0,0.0918355,0.0214034,0.000214034,10000
e-,0.2,Si,0.5,0.183468,0.0424898,0.000424898,10000
e-,0.2,Si,0.75,0.184265,0.0417373,0.000417373,10000
e-,0.2,Si,1.0,0.18389,0.0422629,0.000422629,10000
e-,0.2,Si,1.25,0.184159,0.042017,0.00042017,10000
e-,0.2,Si,1.5,0.18436,0.0415158,0.000415158,10000
e-,0.2,Si,1.75,0.184283,0.0415822,0.000415822,10000
e-,0.2,Si,2.0,0.18392,0.0421431,0.000421431,10000
e-,0.3,Si,0.5,0.278098,0.059904,0.00059904,10000
e-,0.3,Si,0.75,0.276543,0.0615208,0.000615208,10000
e-,0.3,Si,1.0,0.276388,0.0616958,0.000616958,10000
e-,0.3,Si,1.25,0.276615,0.0620538,0.000620538,10000
e-,0.3,Si,1.5,0.276915,0.0610199,0.000610199,10000
e-,0.3,Si,1.75,0.276731,0.0613299,0.000613299,10000
e-,0.3,Si,2.0,0.277522,0.0601255,0.000601255,10000
e-,0.4,Si,0.5,0.365313,0.081937,0.00081937,10000
e-,0.4,Si,0.75,0.371334,0.0774241,0.000774241,10000
e-,0.4,Si,1.0,0.370236,0.0791492,0.000791492,10000
e-,0.4,Si,1.25,0.369549,0.0808256,0.000808256,10000
e-,0.4,Si,1.5,0.37114,0.0779904,0.000779904,10000
e-,0.4,Si,1.75,0.370576,0.0791963,0.000791963,10000
e-,0.4,Si,2.0,0.371233,0.0774918,0.000774918,10000
e-,0.5,Si,0.5,0.40484,0.126891,0.00126891,10000
e-,0.5,Si,0.75,0.463813,0.0957038,0.000957038,10000
e-,0.5,Si,1.0,0.464931,0.0949575,0.000949575,10000
e-,0.5,Si,1.25,0.465923,0.0941626,0.000941626,10000
e-,0.5,Si,1.5,0.465174,0.094559,0.00094559,10000
e-,0.5,Si,1.75,0.464276,0.0965055,0.000965055,10000
e-,0.5,Si,2.0,0.46505,0.0957423,0.000957423,10000
e-,0.6,Si,0.5,0.396994,0.173539,0.00173539,10000
e-,0.6,Si,0.75,0.529765,0.126763,0.00126763,10000
e-,0.6,Si,1.0,0.55908,0.111087,0.00111087,10000
e-,0.6,Si,1.25,0.558384,0.113616,0.00113616,10000
e-,0.6,Si,1.5,0.559567,0.110708,0.00110708,10000
e-,0.6,Si,1.75,0.558196,0.112979,0.00112979,10000
e-,0.6,Si,2.0,0.560257,0.110409,0.00110409,10000
e-,0.7,Si,0.5,0.370853,0.201988,0.00201988,10000
e-,0.7,Si,0.75,0.554915,0.176475,0.00176475,10000
e-,0.7,Si,1.0,0.640899,0.12967,0.0012967,10000
e-,0.7,Si,1.25,0.654549,0.125199,0.00125199,10000
e-,0.7,Si,1.5,0.653784,0.127203,0.00127203,10000
e-,0.7,Si,1.75,0.654083,0.125503,0.00125503,10000
e-,0.7,Si,2.0,0.655649,0.124939,0.00124939,10000
e-,0.7999999999999999,Si,0.5,0.337264,0.210833,0.00210833,10000
e-,0.7999999999999999,Si,0.75,0.549612,0.223739,0.00223739,10000
e-,0.7999999999999999,Si,1.0,0.685179,0.175035,0.00175035,10000
e-,0.7999999999999999,Si,1.25,0.740328,0.143677,0.00143677,10000
e-,0.7999999999999999,Si,1.5,0.748965,0.140396,0.00140396,10000
e-,0.7999999999999999,Si,1.75,0.750028,0.139529,0.00139529,10000
e-,0.7999999999999999,Si,2.0,0.751532,0.136977,0.00136977,10000
e-,0.8999999999999999,Si,0.5,0.304,0.207132,0.00207132,10000
e-,0.8999999999999999,Si,0.75,0.529886,0.255393,0.00255393,10000
e-,0.8999999999999999,Si,1.0,0.698728,0.226391,0.00226391,10000
e-,0.8999999999999999,Si,1.25,0.798299,0.178126,0.00178126,10000
e-,0.8999999999999999,Si,1.5,0.839128,0.154597,0.00154597,10000
e-,0.8999999999999999,Si,1.75,0.846048,0.152902,0.00152902,10000
e-,0.8999999999999999,Si,2.0,0.847647,0.149987,0.00149987,10000
e-,0.9999999999999999,Si,0.5,0.279625,0.193594,0.00193594,10000
e-,0.9999999999999999,Si,0.75,0.500871,0.275782,0.00275782,10000
e-,0.9999999999999999,Si,1.0,0.697504,0.27187,0.0027187,10000
e-,0.9999999999999999,Si,1.25,0.828997,0.226256,0.00226256,10000
e-,0.9999999999999999,Si,1.5,0.906932,0.183229,0.00183229,10000
e-,0.9999999999999999,Si,1.75,0.936181,0.167331,0.00167331,10000
e-,0.9999999999999999,Si,2.0,0.945534,0.160457,0.00160457,10000
e-,1.0999999999999999,Si,0.5,0.253398,0.174701,0.00174701,10000
e-,1.0999999999999999,Si,0.75,0.467805,0.278837,0.00278837,10000
e-,1.0999999999999999,Si,1.0,0.676668,0.307413,0.00307413,10000
e-,1.0999999999999999,Si,1.25,0.84038,0.277433,0.00277433,10000
e-,1.0999999999999999,Si,1.5,0.952204,0.225546,0.00225546,10000
e-,1.0999999999999999,Si,1.75,1.01216,0.189288,0.00189288,10000
e-,1.0999999999999999,Si,2.0,1.03862,0.169394,0.00169394,10000
e-,1.2,Si,0.5,0.241859,0.167732,0.00167732,10000
e-,1.2,Si,0.75,0.443129,0.27994,0.0027994,10000
e-,1.2,Si,1.0,0.655702,0.329439,0.00329439,10000
e-,1.2,Si,1.25,0.834319,0.321363,0.00321363,10000
e-,1.2,Si,1.5,0.972856,0.272465,0.00272465,10000
e-,1.2,Si,1.75,1.0665,0.225699,0.00225699,10000
e-,1.2,Si,2.0,1.1145,0.193951,0.00193951,10000
e-,1.3,Si,0.5,0.22749,0.152527,0.00152527,10000
e-,1.3,Si,0.75,0.414472,0.269511,0.00269511,10000
e-,1.3,Si,1.0,0.627686,0.343251,0.00343251,10000
e-,1.3,Si,1.25,0.827641,0.355204,0.00355204,10000
e-,1.3,Si,1.5,0.984622,0.324318,0.00324318,10000
e-,1.3,Si,1.75,1.09111,0.279223,0.00279223,10000
e-,1.3,Si,2.0,1.17413,0.231544,0.00231544,10000
e-,1.4,Si,0.5,0.215113,0.135774,0.00135774,10000
e-,1.4,Si,0.75,0.390762,0.25686,0.0025686,10000
e-,1.4,Si,1.0,0.593262,0.342546,0.00342546,10000
e-,1.4,Si,1.25,0.795005,0.378812,0.00378812,10000
e-,1.4,Si,1.5,0.972554,0.364374,0.00364374,10000
e-,1.4,Si,1.75,1.11029,0.323769,0.00323769,10000
e-,1.4,Si,2.0,1.21556,0.276316,0.00276316,10000
e-,1.5,Si,0.5,0.206169,0.125131,0.00125131,10000
e-,1.5,Si,0.75,0.37238,0.245437,0.00245437,10000
e-,1.5,Si,1.0,0.56913,0.340723,0.00340723,10000
e-,1.5,Si,1.25,0.77081,0.396598,0.00396598,10000
e-,1.5,Si,1.5,0.96212,0.399976,0.00399976,10000
e-,1.5,Si,1.75,1.11784,0.369583,0.00369583,10000
e-,1.5,Si,2.0,1.23941,0.325159,0.00325159,10000
e-,1.5999999999999999,Si,0.5,0.202255,0.125183,0.00125183,10000
e-,1.5999999999999999,Si,0.75,0.352299,0.225733,0.00225733,10000
e-,1.5999999999999999,Si,1.0,0.537616,0.332119,0.00332119,10000
e-,1.5999999999999999,Si,1.25,0.747461,0.408394,0.00408394,10000
e-,1.5999999999999999,Si,1.5,0.940076,0.427253,0.00427253,10000
e-,1.5999999999999999,Si,1.75,1.10798,0.413202,0.00413202,10000
e-,1.5999999999999999,Si,2.0,1.24985,0.376574,0.00376574,10000
e-,1.7,Si,0.5,0.197087,0.112479,0.00112479,10000
e-,1.7,Si,0.75,0.341675,0.214712,0.00214712,10000
e-,1.7,Si,1.0,0.523049,0.328788,0.00328788,10000
e-,1.7,Si,1.25,0.72261,0.408161,0.00408161,10000
e-,1.7,Si,1.5,0.920871,0.450753,0.00450753,10000
e-,1.7,Si,1.75,1.09862,0.448492,0.00448492,10000
e-,1.7,Si,2.0,1.25721,0.418545,0.00418545,10000
e-,1.8,Si,0.5,0.192506,0.102549,0.00102549,10000
e-,1.8,Si,0.75,0.325548,0.195694,0.00195694,10000
e-,1.8,Si,1.0,0.498498,0.313155,0.00313155,10000
e-,1.8,Si,1.25,0.689773,0.403893,0.00403893,10000
e-,1.8,Si,1.5,0.901591,0.465043,0.00465043,10000
e-,1.8,Si,1.75,1.08216,0.475132,0.00475132,10000
e-,1.8,Si,2.0,1.25463,0.457655,0.00457655,10000
e-,1.9,Si,0.5,0.191451,0.105559,0.00105559,10000
e-,1.9,Si,0.75,0.315975,0.184505,0.00184505,10000
e-,1.9,Si,1.0,0.48075,0.300831,0.00300831,10000
e-,1.9,Si,1.25,0.668863,0.397003,0.00397003,10000
e-,1.9,Si,1.5,0.861204,0.459999,0.00459999,10000
e-,1.9,Si,1.75,1.05344,0.492396,0.00492396,10000
e-,1.9,Si,2.0,1.24192,0.492001,0.00492001,10000
e-,2.0,Si,0.5,0.187863,0.0977095,0.000977095,10000
e-,2.0,Si,0.75,0.312292,0.186071,0.00186071,10000
e-,2.0,Si,1.0,0.465379,0.289215,0.00289215,10000
e-,2.0,Si,1.25,0.636955,0.376582,0.00376582,10000
e-,2.0,Si,1.5,0.829748,0.455622,0.00455622,10000
e-,2.0,Si,1.75,1.03052,0.507451,0.00507451,10000
e-,2.0,Si,2.0,1.22057,0.519548,0.00519548,10000
e-,2.0999999999999996,Si,0.5,0.185992,0.0977209,0.000977209,10000
e-,2.0999999999999996,Si,0.75,0.307051,0.174984,0.00174984,10000
e-,2.0999999999999996,Si,1.0,0.455289,0.277151,0.00277151,10000
e-,2.0999999999999996,Si,1.25,0.617306,0.369672,0.00369672,10000
e-,2.0999999999999996,Si,1.5,0.814012,0.463883,0.00463883,10000
e-,2.0999999999999996,Si,1.75,1.00285,0.516116,0.00516116,10000
e-,2.0999999999999996,Si,2.0,1.19195,0.541381,0.00541381,10000
e-,2.1999999999999997,Si,0.5,0.185431,0.0952729,0.000952729,10000
e-,2.1999999999999997,Si,0.75,0.298385,0.159645,0.00159645,10000
e-,2.1999999999999997,Si,1.0,0.430967,0.238762,0.00238762,10000
e-,2.1999999999999997,Si,1.25,0.599514,0.354567,0.00354567,10000
e-,2.1999999999999997,Si,1.5,0.781185,0.447815,0.00447815,10000
e-,2.1999999999999997,Si,1.75,0.97968,0.518577,0.00518577,10000
e-,2.1999999999999997,Si,2.0,1.16719,0.551807,0.00551807,10000
e-,2.3,Si,0.5,0.181958,0.0878444,0.000878444,10000
e-,2.3,Si,0.75,0.296941,0.157443,0.00157443,10000
e-,2.3,Si,1.0,0.426446,0.242808,0.00242808,10000
e-,2.3,Si,1.25,0.582668,0.342425,0.00342425,10000
e-,2.3,Si,1.5,0.764589,0.444001,0.00444001,10000
e-,2.3,Si,1.75,0.954987,0.516625,0.00516625,10000
e-,2.3,Si,2.0,1.14038,0.562175,0.00562175,10000
e-,2.4,Si,0.5,0.180099,0.0857601,0.000857601,10000
e-,2.4,Si,0.75,0.295482,0.160456,0.00160456,10000
e-,2.4,Si,1.0,0.417818,0.231006,0.00231006,10000
e-,2.4,Si,1.25,0.568211,0.32941,0.0032941,10000
e-,2.4,Si,1.5,0.740358,0.428052,0.00428052,10000
e-,2.4,Si,1.75,0.928799,0.508974,0.00508974,10000
e-,2.4,Si,2.0,1.12138,0.569483,0.00569483,10000
e-,2.5,Si,0.5,0.179386,0.0846322,0.000846322,10000
e-,2.5,Si,0.75,0.288876,0.145734,0.00145734,10000
e-,2.5,Si,1.0,0.414201,0.222714,0.00222714,10000
e-,2.5,Si,1.25,0.556386,0.312416,0.00312416,10000
e-,2.5,Si,1.5,0.717897,0.407281,0.00407281,10000
e-,2.5,Si,1.75,0.904869,0.505973,0.00505973,10000
e-,2.5,Si,2.0,1.10018,0.574436,0.00574436,10000
e-,2.6,Si,0.5,0.180872,0.0956577,0.000956577,10000
e-,2.6,Si,0.75,0.285371,0.14439,0.0014439,10000
e-,2.6,Si,1.0,0.405916,0.215925,0.00215925,10000
e-,2.6,Si,1.25,0.544578,0.305471,0.00305471,10000
e-,2.6,Si,1.5,0.706243,0.402544,0.00402544,10000
e-,2.6,Si,1.75,0.888192,0.508993,0.00508993,10000
e-,2.6,Si,2.0,1.06177,0.566163,0.00566163,10000
e-,2.6999999999999997,Si,0.5,0.17832,0.0805364,0.000805364,10000
e-,2.6999999999999997,Si,0.75,0.281949,0.136361,0.00136361,10000
e-,2.6999999999999997,Si,1.0,0.401541,0.207459,0.00207459,10000
e-,2.6999999999999997,Si,1.25,0.535128,0.292584,0.00292584,10000
e-,2.6999999999999997,Si,1.5,0.692549,0.393462,0.00393462,10000
e-,2.6999999999999997,Si,1.75,0.866653,0.488384,0.00488384,10000
e-,2.6999999999999997,Si,2.0,1.04156,0.560273,0.00560273,10000
e-,2.8,Si,0.5,0.178854,0.0876331,0.000876331,10000
e-,2.8,Si,0.75,0.27865,0.126841,0.00126841,10000
e-,2.8,Si,1.0,0.398591,0.21085,0.0021085,10000
e-,2.8,Si,1.25,0.525959,0.280278,0.00280278,10000
e-,2.8,Si,1.5,0.673801,0.374329,0.00374329,10000
e-,2.8,Si,1.75,0.83455,0.462491,0.00462491,10000
e-,2.8,Si,2.0,1.02486,0.560066,0.00560066,10000
e-,2.9,Si,0.5,0.177053,0.0785573,0.000785573,10000
e-,2.9,Si,0.75,0.28045,0.133855,0.00133855,10000
e-,2.9,Si,1.0,0.389801,0.188617,0.00188617,10000
e-,2.9,Si,1.25,0.520977,0.27411,0.0027411,10000
e-,2.9,Si,1.5,0.661716,0.360663,0.00360663,10000
e-,2.9,Si,1.75,0.817022,0.441362,0.00441362,10000
e-,2.9,Si,2.0,0.998006,0.545528,0.00545528,10000
e-,3.0,Si,0.5,0.178231,0.0834711,0.000834711,10000
e-,3.0,Si,0.75,0.279711,0.134869,0.00134869,10000
e-,3.0,Si,1.0,0.394405,0.203518,0.00203518,10000
e-,3.0,Si,1.25,0.50622,0.252123,0.00252123,10000
e-,3.0,Si,1.5,0.644623,0.337911,0.00337911,10000
e-,3.0,Si,1.75,0.801133,0.433223,0.00433223,10000
e-,3.0,Si,2.0,0.977351,0.532471,0.00532471,10000
e-,3.0999999999999996,Si,0.5,0.176105,0.0771295,0.000771295,10000
e-,3.0999999999999996,Si,0.75,0.27755,0.131415,0.00131415,10000
e-,3.0999999999999996,Si,1.0,0.384688,0.187885,0.00187885,10000
e-,3.0999999999999996,Si,1.25,0.50747,0.267023,0.00267023,10000
e-,3.0999999999999996,Si,1.5,0.635752,0.31938,0.0031938,10000
e-,3.0999999999999996,Si,1.75,0.79104,0.431641,0.00431641,10000
e-,3.0999999999999996,Si,2.0,0.956072,0.526765,0.00526765,10000
e-,3.1999999999999997,Si,0.5,0.177649,0.0845281,0.000845281,10000
e-,3.1999999999999997,Si,0.75,0.274586,0.122579,0.00122579,10000
e-,3.1999999999999997,Si,1.0,0.383601,0.175214,0.00175214,10000
e-,3.1999999999999997,Si,1.25,0.501153,0.253202,0.00253202,10000
e-,3.1999999999999997,Si,1.5,0.63983,0.346701,0.00346701,10000
e-,3.1999999999999997,Si,1.75,0.772946,0.417947,0.00417947,10000
e-,3.1999999999999997,Si,2.0,0.934789,0.500676,0.00500676,10000
e-,3.3,Si,0.5,0.175885,0.0795531,0.000795531,10000
e-,3.3,Si,0.75,0.275851,0.125445,0.00125445,10000
e-,3.3,Si,1.0,0.377647,0.17226,0.0017226,10000
e-,3.3,Si,1.25,0.495202,0.238711,0.00238711,10000
e-,3.3,Si,1.5,0.626064,0.319956,0.00319956,10000
e-,3.3,Si,1.75,0.769492,0.413211,0.00413211,10000
e-,3.3,Si,2.0,0.916196,0.486524,0.00486524,10000
e-,3.4,Si,0.5,0.177538,0.0851965,0.000851965,10000
e-,3.4,Si,0.75,0.273291,0.120418,0.00120418,10000
e-,3.4,Si,1.0,0.379493,0.171888,0.00171888,10000
e-,3.4,Si,1.25,0.495639,0.247776,0.00247776,10000
e-,3.4,Si,1.5,0.614652,0.301597,0.00301597,10000
e-,3.4,Si,1.75,0.756146,0.40119,0.0040119,10000
e-,3.4,Si,2.0,0.909051,0.473834,0.00473834,10000
e-,3.5,Si,0.5,0.175875,0.0805722,0.000805722,10000
e-,3.5,Si,0.75,0.273339,0.124048,0.00124048,10000
e-,3.5,Si,1.0,0.378482,0.171966,0.00171966,10000
e-,3.5,Si,1.25,0.489816,0.238179,0.00238179,10000
e-,3.5,Si,1.5,0.612655,0.306434,0.00306434,10000
e-,3.5,Si,1.75,0.741656,0.373009,0.00373009,10000
e-,3.5,Si,2.0,0.890412,0.462823,0.00462823,10000
e-,3.5999999999999996,Si,0.5,0.176915,0.0857735,0.000857735,10000
e-,3.5999999999999996,Si,0.75,0.274468,0.128193,0.00128193,10000
e-,3.5999999999999996,Si,1.0,0.375269,0.166326,0.00166326,10000
e-,3.5999999999999996,Si,1.25,0.488746,0.237335,0.00237335,10000
e-,3.5999999999999996,Si,1.5,0.603908,0.292117,0.00292117,10000
e-,3.5999999999999996,Si,1.75,0.737153,0.362922,0.00362922,10000
e-,3.5999999999999996,Si,2.0,0.874986,0.446779,0.00446779,10000
e-,3.6999999999999997,Si,0.5,0.17639,0.0801188,0.000801188,10000
e-,3.6999999999999997,Si,0.75,0.271034,0.117744,0.00117744,10000
e-,3.6999999999999997,Si,1.0,0.37437,0.175489,0.00175489,10000
e-,3.6999999999999997,Si,1.25,0.482885,0.225397,0.00225397,10000
e-,3.6999999999999997,Si,1.5,0.601285,0.290154,0.00290154,10000
e-,3.6999999999999997,Si,1.75,0.734777,0.367762,0.00367762,10000
e-,3.6999999999999997,Si,2.0,0.865148,0.435763,0.00435763,10000
e-,3.8,Si,0.5,0.174095,0.0737598,0.000737598,10000
e-,3.8,Si,0.75,0.269818,0.108075,0.00108075,10000
e-,3.8,Si,1.0,0.374321,0.166496,0.00166496,10000
e-,3.8,Si,1.25,0.48147,0.21541,0.0021541,10000
e-,3.8,Si,1.5,0.597482,0.278885,0.00278885,10000
e-,3.8,Si,1.75,0.7239,0.352536,0.00352536,10000
e-,3.8,Si,2.0,0.853242,0.418217,0.00418217,10000
e-,3.9,Si,0.5,0.175761,0.0774975,0.000774975,10000
e-,3.9,Si,0.75,0.271609,0.119232,0.00119232,10000
e-,3.9,Si,1.0,0.370831,0.156156,0.00156156,10000
e-,3.9,Si,1.25,0.479532,0.217628,0.00217628,10000
e-,3.9,Si,1.5,0.58517,0.254952,0.00254952,10000
e-,3.9,Si,1.75,0.709975,0.329998,0.00329998,10000
e-,3.9,Si,2.0,0.842294,0.401404,0.00401404,10000
e-,3.9999999999999996,Si,0.5,0.175754,0.0779838,0.000779838,10000
e-,3.9999999999999996,Si,0.75,0.272112,0.123449,0.00123449,10000
e-,3.9999999999999996,Si,1.0,0.371676,0.162465,0.00162465,10000
e-,3.9999999999999996,Si,1.25,0.479744,0.21801,0.0021801,10000
e-,3.9999999999999996,Si,1.5,0.58941,0.262102,0.00262102,10000
e-,3.9999999999999996,Si,1.75,0.707865,0.325868,0.00325868,10000
e-,3.9999999999999996,Si,2.0,0.837418,0.407411,0.00407411,10000
e-,4.1,Si,0.5,0.17456,0.0810221,0.000810221,10000
e-,4.1,Si,0.75,0.268256,0.1133,0.001133,10000
e-,4.1,Si,1.0,0.372511,0.168649,0.00168649,10000
e-,4.1,Si,1.25,0.476141,0.20936,0.0020936,10000
e-,4.1,Si,1.5,0.584847,0.263424,0.00263424,10000
e-,4.1,Si,1.75,0.697969,0.311199,0.00311199,10000
e-,4.1,Si,2.0,0.828256,0.39913,0.0039913,10000
e-,4.199999999999999,Si,0.5,0.174545,0.0736041,0.000736041,10000
e-,4.199999999999999,Si,0.75,0.27027,0.121271,0.00121271,10000
e-,4.199999999999999,Si,1.0,0.371177,0.1646,0.001646,10000
e-,4.199999999999999,Si,1.25,0.475754,0.210648,0.00210648,10000
e-,4.199999999999999,Si,1.5,0.581845,0.258984,0.00258984,10000
e-,4.199999999999999,Si,1.75,0.696893,0.314915,0.00314915,10000
e-,4.199999999999999,Si,2.0,0.82386,0.377491,0.00377491,10000
e-,4.299999999999999,Si,0.5,0.174446,0.0747542,0.000747542,10000
e-,4.299999999999999,Si,0.75,0.270653,0.116698,0.00116698,10000
e-,4.299999999999999,Si,1.0,0.36691,0.146006,0.00146006,10000
e-,4.299999999999999,Si,1.25,0.470732,0.200253,0.00200253,10000
e-,4.299999999999999,Si,1.5,0.579461,0.259679,0.00259679,10000
e-,4.299999999999999,Si,1.75,0.697421,0.317546,0.00317546,10000
e-,4.299999999999999,Si,2.0,0.819913,0.36899,0.0036899,10000
e-,4.3999999999999995,Si,0.5,0.174363,0.0748637,0.000748637,10000
e-,4.3999999999999995,Si,0.75,0.270255,0.118828,0.00118828,10000
e-,4.3999999999999995,Si,1.0,0.369314,0.159558,0.00159558,10000
e-,4.3999999999999995,Si,1.25,0.472143,0.19742,0.0019742,10000
e-,4.3999999999999995,Si,1.5,0.583766,0.273417,0.00273417,10000
e-,4.3999999999999995,Si,1.75,0.698436,0.328155,0.00328155,10000
e-,4.3999999999999995,Si,2.0,0.820467,0.384735,0.00384735,10000
e-,4.499999999999999,Si,0.5,0.175364,0.0785535,0.000785535,10000
e-,4.499999999999999,Si,0.75,0.268864,0.115049,0.00115049,10000
e-,4.499999999999999,Si,1.0,0.37157,0.166327,0.00166327,10000
e-,4.499999999999999,Si,1.25,0.470333,0.194867,0.00194867,10000
e-,4.499999999999999,Si,1.5,0.576783,0.244795,0.00244795,10000
e-,4.499999999999999,Si,1.75,0.687692,0.294536,0.00294536,10000
e-,4.499999999999999,Si,2.0,0.809957,0.366639,0.00366639,10000
e-,4.6,Si,0.5,0.175168,0.0768741,0.000768741,10000
e-,4.6,Si,0.75,0.270852,0.11504,0.0011504,10000
e-,4.6,Si,1.0,0.368232,0.154638,0.00154638,10000
e-,4.6,Si,1.25,0.468633,0.194301,0.00194301,10000
e-,4.6,Si,1.5,0.573258,0.239162,0.00239162,10000
e-,4.6,Si,1.75,0.688708,0.281917,0.00281917,10000
e-,4.6,Si,2.0,0.804687,0.36457,0.0036457,10000
e-,4.699999999999999,Si,0.5,0.173451,0.0758614,0.000758614,10000
e-,4.699999999999999,Si,0.75,0.270563,0.114636,0.00114636,10000
e-,4.699999999999999,Si,1.0,0.366529,0.148452,0.00148452,10000
e-,4.699999999999999,Si,1.25,0.47451,0.211897,0.00211897,10000
e-,4.699999999999999,Si,1.5,0.57331,0.236269,0.00236269,10000
e-,4.699999999999999,Si,1.75,0.686732,0.293711,0.00293711,10000
e-,4.699999999999999,Si,2.0,0.797482,0.359782,0.00359782,10000
e-,4.799999999999999,Si,0.5,0.174343,0.0776743,0.000776743,10000
e-,4.799999999999999,Si,0.75,0.269314,0.114268,0.00114268,10000
e-,4.799999999999999,Si,1.0,0.364809,0.138172,0.00138172,10000
e-,4.799999999999999,Si,1.25,0.468417,0.210207,0.00210207,10000
e-,4.799999999999999,Si,1.5,0.573836,0.242147,0.00242147,10000
e-,4.799999999999999,Si,1.75,0.683081,0.292109,0.00292109,10000
e-,4.799999999999999,Si,2.0,0.798235,0.343062,0.00343062,10000
e-,4.8999999999999995,Si,0.5,0.173215,0.0709646,0.000709646,10000
e-,4.8999999999999995,Si,0.75,0.267014,0.104041,0.00104041,10000
e-,4.8999999999999995,Si,1.0,0.365435,0.140891,0.00140891,10000
e-,4.8999999999999995,Si,1.25,0.464114,0.183953,0.00183953,10000
e-,4.8999999999999995,Si,1.5,0.573095,0.246127,0.00246127,10000
e-,4.8999999999999995,Si,1.75,0.682521,0.292241,0.00292241,10000
e-,4.8999999999999995,Si,2.0,0.797342,0.356259,0.00356259,10000
e-,4.999999999999999,Si,0.5,0.174555,0.0795105,0.000795105,10000
e-,4.999999999999999,Si,0.75,0.270053,0.116214,0.00116214,10000
e-,4.999999999999999,Si,1.0,0.365314,0.151617,0.00151617,10000
e-,4.999999999999999,Si,1.25,0.462141,0.182333,0.00182333,10000
e-,4.999999999999999,Si,1.5,0.574373,0.247602,0.00247602,10000
e-,4.999999999999999,Si,1.75,0.67677,0.293783,0.00293783,10000
e-,4.999999999999999,Si,2.0,0.791507,0.335387,0.00335387,10000
e-,5.1,Si,0.5,0.173597,0.069463,0.00069463,10000
e-,5.1,Si,0.75,0.269002,0.113495,0.00113495,10000
e-,5.1,Si,1.0,0.367264,0.150943,0.00150943,10000
e-,5.1,Si,1.25,0.462699,0.17851,0.0017851,10000
e-,5.1,Si,1.5,0.564401,0.222451,0.00222451,10000
e-,5.1,Si,1.75,0.673992,0.27591,0.0027591,10000
e-,5.1,Si,2.0,0.78762,0.333493,0.00333493,10000
e-,5.199999999999999,Si,0.5,0.173718,0.071239,0.00071239,10000
e-,5.199999999999999,Si,0.75,0.267861,0.10527,0.0010527,10000
e-,5.199999999999999,Si,1.0,0.364062,0.155094,0.00155094,10000
e-,5.199999999999999,Si,1.25,0.459108,0.177788,0.00177788,10000
e-,5.199999999999999,Si,1.5,0.56574,0.225457,0.00225457,10000
e-,5.199999999999999,Si,1.75,0.676209,0.285725,0.00285725,10000
e-,5.199999999999999,Si,2.0,0.789766,0.334125,0.00334125,10000
e-,5.299999999999999,Si,0.5,0.173232,0.0702136,0.000702136,10000
e-,5.299999999999999,Si,0.75,0.266941,0.100565,0.00100565,10000
e-,5.299999999999999,Si,1.0,0.36748,0.163376,0.00163376,10000
e-,5.299999999999999,Si,1.25,0.459324,0.171361,0.00171361,10000
e-,5.299999999999999,Si,1.5,0.568155,0.221936,0.00221936,10000
e-,5.299999999999999,Si,1.75,0.676232,0.286526,0.00286526,10000
e-,5.299999999999999,Si,2.0,0.78856,0.346812,0.00346812,10000
e-,5.3999999999999995,Si,0.5,0.174468,0.0768631,0.000768631,10000
e-,5.3999999999999995,Si,0.75,0.267358,0.108357,0.00108357,10000
e-,5.3999999999999995,Si,1.0,0.362926,0.155803,0.00155803,10000
e-,5.3999999999999995,Si,1.25,0.461812,0.17897,0.0017897,10000
e-,5.3999999999999995,Si,1.5,0.565147,0.215152,0.00215152,10000
e-,5.3999999999999995,Si,1.75,0.675993,0.296912,0.00296912,10000
e-,5.3999999999999995,Si,2.0,0.780164,0.329033,0.00329033,10000
e-,5.499999999999999,Si,0.5,0.174729,0.0728734,0.000728734,10000
e-,5.499999999999999,Si,0.75,0.268485,0.117899,0.00117899,10000
e-,5.499999999999999,Si,1.0,0.362447,0.147648,0.00147648,10000
e-,5.499999999999999,Si,1.25,0.46307,0.176131,0.00176131,10000
e-,5.499999999999999,Si,1.5,0.562576,0.223088,0.00223088,10000
e-,5.499999999999999,Si,1.75,0.671214,0.260113,0.00260113,10000
e-,5.499999999999999,Si,2.0,0.778039,0.3218,0.003218,10000
e-,5.599999999999999,Si,0.5,0.174086,0.0726799,0.000726799,10000
e-,5.599999999999999,Si,0.75,0.266612,0.10964,0.0010964,10000
e-,5.599999999999999,Si,1.0,0.362804,0.142267,0.00142267,10000
e-,5.599999999999999,Si,1.25,0.461785,0.187461,0.00187461,10000
e-,5.599999999999999,Si,1.5,0.565776,0.223188,0.00223188,10000
e-,5.599999999999999,Si,1.75,0.663789,0.247755,0.00247755,10000
e-,5.599999999999999,Si,2.0,0.772095,0.307873,0.00307873,10000
e-,5.699999999999999,Si,0.5,0.174717,0.0713533,0.000713533,10000
e-,5.699999999999999,Si,0.75,0.266454,0.108026,0.00108026,10000
e-,5.699999999999999,Si,1.0,0.361696,0.137577,0.00137577,10000
e-,5.699999999999999,Si,1.25,0.462395,0.180392,0.00180392,10000
e-,5.699999999999999,Si,1.5,0.563597,0.221511,0.00221511,10000
e-,5.699999999999999,Si,1.75,0.670371,0.284699,0.00284699,10000
e-,5.699999999999999,Si,2.0,0.773647,0.307454,0.00307454,10000
e-,5.799999999999999,Si,0.5,0.173997,0.0723537,0.000723537,10000
e-,5.799999999999999,Si,0.75,0.267355,0.103556,0.00103556,10000
e-,5.799999999999999,Si,1.0,0.361645,0.144672,0.00144672,10000
e-,5.799999999999999,Si,1.25,0.460564,0.17652,0.0017652,10000
e-,5.799999999999999,Si,1.5,0.562069,0.222122,0.00222122,10000
e-,5.799999999999999,Si,1.75,0.665351,0.267224,0.00267224,10000
e-,5.799999999999999,Si,2.0,0.771096,0.30508,0.0030508,10000
e-,5.8999999999999995,Si,0.5,0.174345,0.0715582,0.000715582,10000
e-,5.8999999999999995,Si,0.75,0.269247,0.112816,0.00112816,10000
e-,5.8999999999999995,Si,1.0,0.362469,0.145716,0.00145716,10000
e-,5.8999999999999995,Si,1.25,0.459851,0.170896,0.00170896,10000
e-,5.8999999999999995,Si,1.5,0.566004,0.232339,0.00232339,10000
e-,5.8999999999999995,Si,1.75,0.668047,0.2569,0.002569,10000
e-,5.8999999999999995,Si,2.0,0.769602,0.308524,0.00308524,10000
e-,5.999999999999999,Si,0.5,0.175066,0.0750971,0.000750971,10000
e-,5.999999999999999,Si,0.75,0.266794,0.107032,0.00107032,10000
e-,5.999999999999999,Si,1.0,0.362828,0.136487,0.00136487,10000
e-,5.999999999999999,Si,1.25,0.459793,0.175449,0.00175449,10000
e-,5.999999999999999,Si,1.5,0.562332,0.224131,0.00224131,10000
e-,5.999999999999999,Si,1.75,0.662033,0.246521,0.00246521,10000
e-,5.999999999999999,Si,2.0,0.770506,0.2962,0.002962,10000
e-,6.099999999999999,Si,0.5,0.1748,0.0724252,0.000724252,10000
e-,6.099999999999999,Si,0.75,0.270486,0.112214,0.00112214,10000
e-,6.099999999999999,Si,1.0,0.361629,0.141666,0.00141666,10000
e-,6.099999999999999,Si,1.25,0.459804,0.165667,0.00165667,10000
e-,6.099999999999999,Si,1.5,0.55907,0.211875,0.00211875,10000
e-,6.099999999999999,Si,1.75,0.663984,0.262676,0.00262676,10000
e-,6.099999999999999,Si,2.0,0.770632,0.311644,0.00311644,10000
e-,6.199999999999999,Si,0.5,0.174945,0.0727845,0.000727845,10000
e-,6.199999999999999,Si,0.75,0.268183,0.10776,0.0010776,10000
e-,6.199999999999999,Si,1.0,0.363171,0.146418,0.00146418,10000
e-,6.199999999999999,Si,1.25,0.457292,0.174727,0.00174727,10000
e-,6.199999999999999,Si,1.5,0.561652,0.204124,0.00204124,10000
e-,6.199999999999999,Si,1.75,0.664538,0.265279,0.00265279,10000
e-,6.199999999999999,Si,2.0,0.7666,0.303752,0.00303752,10000
e-,6.299999999999999,Si,0.5,0.175484,0.0726841,0.000726841,10000
e-,6.299999999999999,Si,0.75,0.266675,0.0998671,0.000998671,10000
e-,6.299999999999999,Si,1.0,0.364189,0.146549,0.00146549,10000
e-,6.299999999999999,Si,1.25,0.459506,0.17904,0.0017904,10000
e-,6.299999999999999,Si,1.5,0.557847,0.201764,0.00201764,10000
e-,6.299999999999999,Si,1.75,0.661895,0.254156,0.00254156,10000
e-,6.299999999999999,Si,2.0,0.767254,0.30605,0.0030605,10000
e-,6.3999999999999995,Si,0.5,0.17402,0.0720537,0.000720537,10000
e-,6.3999999999999995,Si,0.75,0.265694,0.103814,0.00103814,10000
e-,6.3999999999999995,Si,1.0,0.362975,0.137607,0.00137607,10000
e-,6.3999999999999995,Si,1.25,0.459742,0.178594,0.00178594,10000
e-,6.3999999999999995,Si,1.5,0.560341,0.210633,0.00210633,10000
e-,6.3999999999999995,Si,1.75,0.661133,0.242964,0.00242964,10000
e-,6.3999999999999995,Si,2.0,0.76619,0.28634,0.0028634,10000
e-,6.499999999999999,Si,0.5,0.173941,0.0709289,0.000709289,10000
e-,6.499999999999999,Si,0.75,0.268776,0.107196,0.00107196,10000
e-,6.499999999999999,Si,1.0,0.35953,0.131152,0.00131152,10000
e-,6.499999999999999,Si,1.25,0.457716,0.163555,0.00163555,10000
e-,6.499999999999999,Si,1.5,0.558834,0.204774,0.00204774,10000
e-,6.499999999999999,Si,1.75,0.656647,0.230428,0.00230428,10000
e-,6.499999999999999,Si,2.0,0.761781,0.28216,0.0028216,10000
e-,6.599999999999999,Si,0.5,0.175053,0.0736017,0.000736017,10000
e-,6.599999999999999,Si,0.75,0.266553,0.102069,0.00102069,10000
e-,6.599999999999999,Si,1.0,0.359322,0.128887,0.00128887,10000
e-,6.599999999999999,Si,1.25,0.458307,0.164615,0.00164615,10000
e-,6.599999999999999,Si,1.5,0.556297,0.208917,0.00208917,10000
e-,6.599999999999999,Si,1.75,0.657926,0.232689,0.00232689,10000
e-,6.599999999999999,Si,2.0,0.762002,0.295859,0.00295859,10000
e-,6.699999999999999,Si,0.5,0.174178,0.0693613,0.000693613,10000
e-,6.699999999999999,Si,0.75,0.26525,0.100467,0.00100467,10000
e-,6.699999999999999,Si,1.0,0.361251,0.13228,0.0013228,10000
e-,6.699999999999999,Si,1.25,0.459782,0.170095,0.00170095,10000
e-,6.699999999999999,Si,1.5,0.557708,0.21094,0.0021094,10000
e-,6.699999999999999,Si,1.75,0.659054,0.235544,0.00235544,10000
e-,6.699999999999999,Si,2.0,0.760612,0.282236,0.00282236,10000
e-,6.799999999999999,Si,0.5,0.17446,0.0733686,0.000733686,10000
e-,6.799999999999999,Si,0.75,0.267995,0.101067,0.00101067,10000
e-,6.799999999999999,Si,1.0,0.362323,0.126557,0.00126557,10000
e-,6.799999999999999,Si,1.25,0.458587,0.177538,0.00177538,10000
e-,6.799999999999999,Si,1.5,0.557759,0.200718,0.00200718,10000
e-,6.799999999999999,Si,1.75,0.66182,0.256065,0.00256065,10000
e-,6.799999999999999,Si,2.0,0.761444,0.275229,0.00275229,10000
e-,6.8999999999999995,Si,0.5,0.175632,0.0779213,0.000779213,10000
e-,6.8999999999999995,Si,0.75,0.26585,0.109079,0.00109079,10000
e-,6.8999999999999995,Si,1.0,0.361247,0.129218,0.00129218,10000
e-,6.8999999999999995,Si,1.25,0.459508,0.174344,0.00174344,10000
e-,6.8999999999999995,Si,1.5,0.55363,0.206553,0.00206553,10000
e-,6.8999999999999995,Si,1.75,0.660124,0.256916,0.00256916,10000
e-,6.8999999999999995,Si,2.0,0.757127,0.259953,0.00259953,10000
e-,6.999999999999999,Si,0.5,0.175125,0.0759048,0.000759048,10000
e-,6.999999999999999,Si,0.75,0.265945,0.105308,0.00105308,10000
e-,6.999999999999999,Si,1.0,0.361558,0.139945,0.00139945,10000
e-,6.999999999999999,Si,1.25,0.459914,0.178726,0.00178726,10000
e-,6.999999999999999,Si,1.5,0.555628,0.207926,0.00207926,10000
e-,6.999999999999999,Si,1.75,0.65803,0.235472,0.00235472,10000
e-,6.999999999999999,Si,2.0,0.762322,0.295498,0.00295498,10000
e-,7.099999999999999,Si,0.5,0.174486,0.0721215,0.000721215,10000
e-,7.099999999999999,Si,0.75,0.269102,0.103966,0.00103966,10000
e-,7.099999999999999,Si,1.0,0.361511,0.13494,0.0013494,10000
e-,7.099999999999999,Si,1.25,0.46139,0.164702,0.00164702,10000
e-,7.099999999999999,Si,1.5,0.558324,0.205555,0.00205555,10000
e-,7.099999999999999,Si,1.75,0.653682,0.227733,0.00227733,10000
e-,7.099999999999999,Si,2.0,0.758792,0.280842,0.00280842,10000
e-,7.199999999999999,Si,0.5,0.173899,0.0690496,0.000690496,10000
e-,7.199999999999999,Si,0.75,0.265462,0.0986875,0.000986875,10000
e-,7.199999999999999,Si,1.0,0.360937,0.141413,0.00141413,10000
e-,7.199999999999999,Si,1.25,0.458523,0.176512,0.00176512,10000
e-,7.199999999999999,Si,1.5,0.554907,0.190708,0.00190708,10000
e-,7.199999999999999,Si,1.75,0.652361,0.224408,0.00224408,10000
e-,7.199999999999999,Si,2.0,0.757571,0.283933,0.00283933,10000
e-,7.299999999999999,Si,0.5,0.174575,0.0707398,0.000707398,10000
e-,7.299999999999999,Si,0.75,0.266132,0.100019,0.00100019,10000
e-,7.299999999999999,Si,1.0,0.36051,0.126702,0.00126702,10000
e-,7.299999999999999,Si,1.25,0.459592,0.183114,0.00183114,10000
e-,7.299999999999999,Si,1.5,0.554859,0.208627,0.00208627,10000
e-,7.299999999999999,Si,1.75,0.658552,0.235099,0.00235099,10000
e-,7.299999999999999,Si,2.0,0.75738,0.270089,0.00270089,10000
e-,7.3999999999999995,Si,0.5,0.173531,0.0682642,0.000682642,10000
e-,7.3999999999999995,Si,0.75,0.266387,0.102225,0.00102225,10000
e-,7.3999999999999995,Si,1.0,0.360885,0.13383,0.0013383,10000
e-,7.3999999999999995,Si,1.25,0.458075,0.180595,0.00180595,10000
e-,7.3999999999999995,Si,1.5,0.556282,0.202261,0.00202261,10000
e-,7.3999999999999995,Si,1.75,0.65369,0.226645,0.00226645,10000
e-,7.3999999999999995,Si,2.0,0.757903,0.280896,0.00280896,10000
e-,7.499999999999999,Si,0.5,0.175024,0.0727745,0.000727745,10000
e-,7.499999999999999,Si,0.75,0.266906,0.103915,0.00103915,10000
e-,7.499999999999999,Si,1.0,0.361857,0.129364,0.00129364,10000
e-,7.499999999999999,Si,1.25,0.457761,0.174705,0.00174705,10000
e-,7.499999999999999,Si,1.5,0.556217,0.204965,0.00204965,10000
e-,7.499999999999999,Si,1.75,0.654114,0.238206,0.00238206,10000
e-,7.499999999999999,Si,2.0,0.755438,0.27503,0.0027503,10000
e-,7.599999999999999,Si,0.5,0.174706,0.0699663,0.000699663,10000
e-,7.599999999999999,Si,0.75,0.266843,0.098491,0.00098491,10000
e-,7.599999999999999,Si,1.0,0.359699,0.124548,0.00124548,10000
e-,7.599999999999999,Si,1.25,0.459741,0.169434,0.00169434,10000
e-,7.599999999999999,Si,1.5,0.556103,0.207516,0.00207516,10000
e-,7.599999999999999,Si,1.75,0.655953,0.237189,0.00237189,10000
e-,7.599999999999999,Si,2.0,0.759962,0.282568,0.00282568,10000
e-,7.699999999999999,Si,0.5,0.175,0.0756118,0.000756118,10000
e-,7.699999999999999,Si,0.75,0.268002,0.10067,0.0010067,10000
e-,7.699999999999999,Si,1.0,0.362174,0.137475,0.00137475,10000
e-,7.699999999999999,Si,1.25,0.457372,0.157394,0.00157394,10000
e-,7.699999999999999,Si,1.5,0.554277,0.196831,0.00196831,10000
e-,7.699999999999999,Si,1.75,0.653565,0.240003,0.00240003,10000
e-,7.699999999999999,Si,2.0,0.759754,0.277929,0.00277929,10000
e-,7.799999999999999,Si,0.5,0.175368,0.0726477,0.000726477,10000
e-,7.799999999999999,Si,0.75,0.267936,0.107136,0.00107136,10000
e-,7.799999999999999,Si,1.0,0.362152,0.136345,0.00136345,10000
e-,7.799999999999999,Si,1.25,0.457823,0.179801,0.00179801,10000
e-,7.799999999999999,Si,1.5,0.551117,0.192792,0.00192792,10000
e-,7.799999999999999,Si,1.75,0.654626,0.230375,0.00230375,10000
e-,7.799999999999999,Si,2.0,0.750418,0.247955,0.00247955,10000
e-,7.899999999999999,Si,0.5,0.175452,0.0751477,0.000751477,10000
e-,7.899999999999999,Si,0.75,0.269934,0.10255,0.0010255,10000
e-,7.899999999999999,Si,1.0,0.361728,0.139097,0.00139097,10000
e-,7.899999999999999,Si,1.25,0.458518,0.162477,0.00162477,10000
e-,7.899999999999999,Si,1.5,0.556363,0.202669,0.00202669,10000
e-,7.899999999999999,Si,1.75,0.654199,0.232673,0.00232673,10000
e-,7.899999999999999,Si,2.0,0.754826,0.263806,0.00263806,10000
e-,7.999999999999999,Si,0.5,0.174697,0.0690057,0.000690057,10000
e-,7.999999999999999,Si,0.75,0.266913,0.100341,0.00100341,10000
e-,7.999999999999999,Si,1.0,0.361825,0.132211,0.00132211,10000
e-,7.999999999999999,Si,1.25,0.455067,0.157431,0.00157431,10000
e-,7.999999999999999,Si,1.5,0.55229,0.190459,0.00190459,10000
e-,7.999999999999999,Si,1.75,0.652132,0.235762,0.00235762,10000
e-,7.999999999999999,Si,2.0,0.755562,0.262341,0.00262341,10000
e-,8.1,Si,0.5,0.174299,0.0688178,0.000688178,10000
e-,8.1,Si,0.75,0.267902,0.106629,0.00106629,10000
e-,8.1,Si,1.0,0.362544,0.131232,0.00131232,10000
e-,8.1,Si,1.25,0.456582,0.158436,0.00158436,10000
e-,8.1,Si,1.5,0.553386,0.184121,0.00184121,10000
e-,8.1,Si,1.75,0.650644,0.210817,0.00210817,10000
e-,8.1,Si,2.0,0.752883,0.251816,0.00251816,10000
e-,8.2,Si,0.5,0.175227,0.0710896,0.000710896,10000
e-,8.2,Si,0.75,0.266612,0.100229,0.00100229,10000
e-,8.2,Si,1.0,0.360465,0.127679,0.00127679,10000
e-,8.2,Si,1.25,0.456131,0.17874,0.0017874,10000
e-,8.2,Si,1.5,0.553523,0.184559,0.00184559,10000
e-,8.2,Si,1.75,0.651581,0.218836,0.00218836,10000
e-,8.2,Si,2.0,0.758207,0.277673,0.00277673,10000
e-,8.299999999999999,Si,0.5,0.175127,0.0693017,0.000693017,10000
e-,8.299999999999999,Si,0.75,0.266147,0.0993035,0.000993035,10000
e-,8.299999999999999,Si,1.0,0.360909,0.132742,0.00132742,10000
e-,8.299999999999999,Si,1.25,0.458257,0.171509,0.00171509,10000
e-,8.299999999999999,Si,1.5,0.553908,0.196926,0.00196926,10000
e-,8.299999999999999,Si,1.75,0.649155,0.215712,0.00215712,10000
e-,8.299999999999999,Si,2.0,0.753011,0.255604,0.00255604,10000
e-,8.399999999999999,Si,0.5,0.175788,0.0724202,0.000724202,10000
e-,8.399999999999999,Si,0.75,0.268576,0.10614,0.0010614,10000
e-,8.399999999999999,Si,1.0,0.359174,0.128671,0.00128671,10000
e-,8.399999999999999,Si,1.25,0.45697,0.157832,0.00157832,10000
e-,8.399999999999999,Si,1.5,0.555537,0.198402,0.00198402,10000
e-,8.399999999999999,Si,1.75,0.654629,0.225757,0.00225757,10000
e-,8.399999999999999,Si,2.0,0.750826,0.262637,0.00262637,10000
e-,8.499999999999998,Si,0.5,0.175039,0.0707286,0.000707286,10000
e-,8.499999999999998,Si,0.75,0.266356,0.0990446,0.000990446,10000
e-,8.499999999999998,Si,1.0,0.361373,0.129572,0.00129572,10000
e-,8.499999999999998,Si,1.25,0.456883,0.175135,0.00175135,10000
e-,8.499999999999998,Si,1.5,0.55661,0.206423,0.00206423,10000
e-,8.499999999999998,Si,1.75,0.646619,0.208512,0.00208512,10000
e-,8.499999999999998,Si,2.0,0.752552,0.256126,0.00256126,10000
e-,8.6,Si,0.5,0.17509,0.0735305,0.000735305,10000
e-,8.6,Si,0.75,0.267142,0.106311,0.00106311,10000
e-,8.6,Si,1.0,0.360542,0.131645,0.00131645,10000
e-,8.6,Si,1.25,0.458078,0.165203,0.00165203,10000
e-,8.6,Si,1.5,0.551787,0.189516,0.00189516,10000
e-,8.6,Si,1.75,0.65084,0.220442,0.00220442,10000
e-,8.6,Si,2.0,0.7555,0.274105,0.00274105,10000
e-,8.7,Si,0.5,0.17459,0.0691175,0.000691175,10000
e-,8.7,Si,0.75,0.267805,0.103873,0.00103873,10000
e-,8.7,Si,1.0,0.361742,0.133014,0.00133014,10000
e-,8.7,Si,1.25,0.457906,0.167881,0.00167881,10000
e-,8.7,Si,1.5,0.552765,0.190757,0.00190757,10000
e-,8.7,Si,1.75,0.652259,0.229626,0.00229626,10000
e-,8.7,Si,2.0,0.753568,0.259464,0.00259464,10000
e-,8.799999999999999,Si,0.5,0.175536,0.0703208,0.000703208,10000
e-,8.799999999999999,Si,0.75,0.265811,0.0952914,0.000952914,10000
e-,8.799999999999999,Si,1.0,0.362189,0.132173,0.00132173,10000
e-,8.799999999999999,Si,1.25,0.45883,0.190676,0.00190676,10000
e-,8.799999999999999,Si,1.5,0.554743,0.209458,0.00209458,10000
e-,8.799999999999999,Si,1.75,0.652851,0.225077,0.00225077,10000
e-,8.799999999999999,Si,2.0,0.750767,0.252405,0.00252405,10000
e-,8.899999999999999,Si,0.5,0.175899,0.0725987,0.000725987,10000
e-,8.899999999999999,Si,0.75,0.266322,0.0956487,0.000956487,10000
e-,8.899999999999999,Si,1.0,0.357846,0.122021,0.00122021,10000
e-,8.899999999999999,Si,1.25,0.457205,0.167559,0.00167559,10000
e-,8.899999999999999,Si,1.5,0.552117,0.210871,0.00210871,10000
e-,8.899999999999999,Si,1.75,0.651907,0.222009,0.00222009,10000
e-,8.899999999999999,Si,2.0,0.754868,0.251002,0.00251002,10000
e-,8.999999999999998,Si,0.5,0.174793,0.0686756,0.000686756,10000
e-,8.999999999999998,Si,0.75,0.267925,0.115094,0.00115094,10000
e-,8.999999999999998,Si,1.0,0.361429,0.129684,0.00129684,10000
e-,8.999999999999998,Si,1.25,0.455683,0.162262,0.00162262,10000
e-,8.999999999999998,Si,1.5,0.551715,0.191573,0.00191573,10000
e-,8.999999999999998,Si,1.75,0.654218,0.22884,0.0022884,10000
e-,8.999999999999998,Si,2.0,0.752889,0.26843,0.0026843,10000
e-,9.1,Si,0.5,0.175949,0.0733331,0.000733331,10000
e-,9.1,Si,0.75,0.265937,0.0972563,0.000972563,10000
e-,9.1,Si,1.0,0.360981,0.128192,0.00128192,10000
e-,9.1,Si,1.25,0.453836,0.154594,0.00154594,10000
e-,9.1,Si,1.5,0.553297,0.191596,0.00191596,10000
e-,9.1,Si,1.75,0.649748,0.229084,0.00229084,10000
e-,9.1,Si,2.0,0.751188,0.267971,0.00267971,10000
e-,9.2,Si,0.5,0.174205,0.069404,0.00069404,10000
e-,9.2,Si,0.75,0.267552,0.0993721,0.000993721,10000
e-,9.2,Si,1.0,0.362944,0.129921,0.00129921,10000
e-,9.2,Si,1.25,0.456415,0.157818,0.00157818,10000
e-,9.2,Si,1.5,0.555353,0.202379,0.00202379,10000
e-,9.2,Si,1.75,0.652792,0.228575,0.00228575,10000
e-,9.2,Si,2.0,0.744654,0.237257,0.00237257,10000
e-,9.299999999999999,Si,0.5,0.17621,0.0747026,0.000747026,10000
e-,9.299999999999999,Si,0.75,0.267611,0.106216,0.00106216,10000
e-,9.299999999999999,Si,1.0,0.361151,0.132737,0.00132737,10000
e-,9.299999999999999,Si,1.25,0.455208,0.165935,0.00165935,10000
e-,9.299999999999999,Si,1.5,0.551002,0.189805,0.00189805,10000
e-,9.299999999999999,Si,1.75,0.651504,0.232339,0.00232339,10000
e-,9.299999999999999,Si,2.0,0.750282,0.252589,0.00252589,10000
e-,9.399999999999999,Si,0.5,0.174772,0.0691654,0.000691654,10000
e-,9.399999999999999,Si,0.75,0.268591,0.102073,0.00102073,10000
e-,9.399999999999999,Si,1.0,0.361784,0.129524,0.00129524,10000
e-,9.399999999999999,Si,1.25,0.457408,0.160304,0.00160304,10000
e-,9.399999999999999,Si,1.5,0.553053,0.187945,0.00187945,10000
e-,9.399999999999999,Si,1.75,0.655257,0.229746,0.00229746,10000
e-,9.399999999999999,Si,2.0,0.753671,0.279241,0.00279241,10000
e-,9.499999999999998,Si,0.5,0.174837,0.0735078,0.000735078,10000
e-,9.499999999999998,Si,0.75,0.268161,0.0976408,0.000976408,10000
e-,9.499999999999998,Si,1.0,0.359682,0.122782,0.00122782,10000
e-,9.499999999999998,Si,1.25,0.455964,0.170178,0.00170178,10000
e-,9.499999999999998,Si,1.5,0.553242,0.184924,0.00184924,10000
e-,9.499999999999998,Si,1.75,0.646293,0.225645,0.00225645,10000
e-,9.499999999999998,Si,2.0,0.752918,0.242835,0.00242835,10000
e-,9.6,Si,0.5,0.175523,0.0715612,0.000715612,10000
e-,9.6,Si,0.75,0.267503,0.109879,0.00109879,10000
e-,9.6,Si,1.0,0.36309,0.132309,0.00132309,10000
e-,9.6,Si,1.25,0.455379,0.158101,0.00158101,10000
e-,9.6,Si,1.5,0.551821,0.197917,0.00197917,10000
e-,9.6,Si,1.75,0.649845,0.224154,0.00224154,10000
e-,9.6,Si,2.0,0.754228,0.251906,0.00251906,10000
e-,9.7,Si,0.5,0.174726,0.0669857,0.000669857,10000
e-,9.7,Si,0.75,0.269996,0.103585,0.00103585,10000
e-,9.7,Si,1.0,0.36284,0.131873,0.00131873,10000
e-,9.7,Si,1.25,0.45479,0.153021,0.00153021,10000
e-,9.7,Si,1.5,0.554501,0.186316,0.00186316,10000
e-,9.7,Si,1.75,0.648679,0.220155,0.00220155,10000
e-,9.7,Si,2.0,0.747416,0.237893,0.00237893,10000
e-,9.799999999999999,Si,0.5,0.175082,0.0673957,0.000673957,10000
e-,9.799999999999999,Si,0.75,0.26931,0.104588,0.00104588,10000
e-,9.799999999999999,Si,1.0,0.362215,0.133361,0.00133361,10000
e-,9.799999999999999,Si,1.25,0.45578,0.168587,0.00168587,10000
e-,9.799999999999999,Si,1.5,0.553057,0.187179,0.00187179,10000
e-,9.799999999999999,Si,1.75,0.650405,0.216674,0.00216674,10000
e-,9.799999999999999,Si,2.0,0.75619,0.2711,0.002711,10000
e-,9.899999999999999,Si,0.5,0.175221,0.0706162,0.000706162,10000
e-,9.899999999999999,Si,0.75,0.26842,0.109893,0.00109893,10000
e-,9.899999999999999,Si,1.0,0.362952,0.136992,0.00136992,10000
e-,9.899999999999999,Si,1.25,0.454468,0.155671,0.00155671,10000
e-,9.899999999999999,Si,1.5,0.55456,0.190765,0.00190765,10000
e-,9.899999999999999,Si,1.75,0.651312,0.210901,0.00210901,10000
e-,9.899999999999999,Si,2.0,0.746818,0.248145,0.00248145,10000
e-,9.999999999999998,Si,0.5,0.174008,0.0667181,0.000667181,10000
e-,9.999999999999998,Si,0.75,0.2671,0.0985048,0.000985048,10000
e-,9.999999999999998,Si,1.0,0.361586,0.129969,0.00129969,10000
e-,9.999999999999998,Si,1.25,0.458617,0.160455,0.00160455,10000
e-,9.999999999999998,Si,1.5,0.551537,0.191321,0.00191321,10000
e-,9.999999999999998,Si,1.75,0.651221,0.225777,0.00225777,10000
e-,9.999999999999998,Si,2.0,0.746236,0.253476,0.00253476,10000
e-,10.1,Si,0.5,0.174747,0.0704138,0.000704138,10000
e-,10.1,Si,0.75,0.268991,0.10201,0.0010201,10000
e-,10.1,Si,1.0,0.361102,0.126285,0.00126285,10000
e-,10.1,Si,1.25,0.457956,0.164318,0.00164318,10000
e-,10.1,Si,1.5,0.552282,0.190682,0.00190682,10000
e-,10.1,Si,1.75,0.654186,0.230407,0.00230407,10000
e-,10.1,Si,2.0,0.749728,0.254679,0.00254679,10000
e-,10.2,Si,0.5,0.175512,0.0707228,0.000707228,10000
e-,10.2,Si,0.75,0.268985,0.100324,0.00100324,10000
e-,10.2,Si,1.0,0.362518,0.132512,0.00132512,10000
e-,10.2,Si,1.25,0.45606,0.154274,0.00154274,10000
e-,10.2,Si,1.5,0.552938,0.18906,0.0018906,10000
e-,10.2,Si,1.75,0.652733,0.21845,0.0021845,10000
e-,10.2,Si,2.0,0.749289,0.260299,0.00260299,10000
e-,10.299999999999999,Si,0.5,0.176271,0.0772568,0.000772568,10000
e-,10.299999999999999,Si,0.75,0.268602,0.102582,0.00102582,10000
e-,10.299999999999999,Si,1.0,0.360787,0.124624,0.00124624,10000
e-,10.299999999999999,Si,1.25,0.460022,0.174875,0.00174875,10000
e-,10.299999999999999,Si,1.5,0.552121,0.187698,0.00187698,10000
e-,10.299999999999999,Si,1.75,0.648729,0.218236,0.00218236,10000
e-,10.299999999999999,Si,2.0,0.749692,0.253094,0.00253094,10000
e-,10.399999999999999,Si,0.5,0.176127,0.0727376,0.000727376,10000
e-,10.399999999999999,Si,0.75,0.268174,0.0995039,0.000995039,10000
e-,10.399999999999999,Si,1.0,0.360511,0.126588,0.00126588,10000
e-,10.399999999999999,Si,1.25,0.455964,0.154032,0.00154032,10000
e-,10.399999999999999,Si,1.5,0.553909,0.190792,0.00190792,10000
e-,10.399999999999999,Si,1.75,0.652087,0.225788,0.00225788,10000
e-,10.399999999999999,Si,2.0,0.747774,0.253462,0.00253462,10000
e-,10.499999999999998,Si,0.5,0.174895,0.0661326,0.000661326,10000
e-,10.499999999999998,Si,0.75,0.266749,0.0995474,0.000995474,10000
e-,10.499999999999998,Si,1.0,0.362307,0.133783,0.00133783,10000
e-,10.499999999999998,Si,1.25,0.457553,0.160288,0.00160288,10000
e-,10.499999999999998,Si,1.5,0.552455,0.195778,0.00195778,10000
e-,10.499999999999998,Si,1.75,0.648746,0.208597,0.00208597,10000
e-,10.499999999999998,Si,2.0,0.752885,0.267551,0.00267551,10000
e-,10.6,Si,0.5,0.176584,0.0728384,0.000728384,10000
e-,10.6,Si,0.75,0.268229,0.111832,0.00111832,10000
e-,10.6,Si,1.0,0.363619,0.136975,0.00136975,10000
e-,10.6,Si,1.25,0.456882,0.164588,0.00164588,10000
e-,10.6,Si,1.5,0.55446,0.182939,0.00182939,10000
e-,10.6,Si,1.75,0.654411,0.238459,0.00238459,10000
e-,10.6,Si,2.0,0.743757,0.234515,0.00234515,10000
e-,10.7,Si,0.5,0.175235,0.0701411,0.000701411,10000
e-,10.7,Si,0.75,0.266292,0.10298,0.0010298,10000
e-,10.7,Si,1.0,0.360681,0.125025,0.00125025,10000
e-,10.7,Si,1.25,0.455774,0.155395,0.00155395,10000
e-,10.7,Si,1.5,0.550634,0.188342,0.00188342,10000
e-,10.7,Si,1.75,0.653596,0.227305,0.00227305,10000
e-,10.7,Si,2.0,0.749152,0.262715,0.00262715,10000
e-,10.799999999999999,Si,0.5,0.176207,0.0723259,0.000723259,10000
e-,10.799999999999999,Si,0.75,0.269457,0.102271,0.00102271,10000
e-,10.799999999999999,Si,1.0,0.359983,0.141162,0.00141162,10000
e-,10.799999999999999,Si,1.25,0.457937,0.158709,0.00158709,10000
e-,10.799999999999999,Si,1.5,0.553638,0.218725,0.00218725,10000
e-,10.799999999999999,Si,1.75,0.651095,0.2271,0.002271,10000
e-,10.799999999999999,Si,2.0,0.751493,0.249651,0.00249651,10000
e-,10.899999999999999,Si,0.5,0.175801,0.0724254,0.000724254,10000
e-,10.899999999999999,Si,0.75,0.267195,0.0977608,0.000977608,10000
e-,10.899999999999999,Si,1.0,0.358506,0.125536,0.00125536,10000
e-,10.899999999999999,Si,1.25,0.456772,0.156242,0.00156242,10000
e-,10.899999999999999,Si,1.5,0.552923,0.186308,0.00186308,10000
e-,10.899999999999999,Si,1.75,0.647261,0.210258,0.00210258,10000
e-,10.899999999999999,Si,2.0,0.752923,0.254813,0.00254813,10000
e-,10.999999999999998,Si,0.5,0.176902,0.0745438,0.000745438,10000
e-,10.999999999999998,Si,0.75,0.269908,0.102686,0.00102686,10000
e-,10.999999999999998,Si,1.0,0.362764,0.132352,0.00132352,10000
e-,10.999999999999998,Si,1.25,0.458961,0.160575,0.00160575,10000
e-,10.999999999999998,Si,1.5,0.553931,0.188418,0.00188418,10000
e-,10.999999999999998,Si,1.75,0.651999,0.220842,0.00220842,10000
e-,10.999999999999998,Si,2.0,0.746657,0.236984,0.00236984,10000
e-,11.099999999999998,Si,0.5,0.175823,0.0686788,0.000686788,10000
e-,11.099999999999998,Si,0.75,0.268179,0.103983,0.00103983,10000
e-,11.099999999999998,Si,1.0,0.362852,0.13034,0.0013034,10000
e-,11.099999999999998,Si,1.25,0.458512,0.158217,0.00158217,10000
e-,11.099999999999998,Si,1.5,0.553939,0.202287,0.00202287,10000
e-,11.099999999999998,Si,1.75,0.646564,0.205688,0.00205688,10000
e-,11.099999999999998,Si,2.0,0.752211,0.252608,0.00252608,10000
e-,11.2,Si,0.5,0.176582,0.0779967,0.000779967,10000
e-,11.2,Si,0.75,0.26906,0.100378,0.00100378,10000
e-,11.2,Si,1.0,0.362336,0.134606,0.00134606,10000
e-,11.2,Si,1.25,0.457563,0.15742,0.0015742,10000
e-,11.2,Si,1.5,0.554116,0.196966,0.00196966,10000
e-,11.2,Si,1.75,0.653897,0.230215,0.00230215,10000
e-,11.2,Si,2.0,0.746687,0.244869,0.00244869,10000
e-,11.299999999999999,Si,0.5,0.176358,0.0750725,0.000750725,10000
e-,11.299999999999999,Si,0.75,0.269129,0.0986369,0.000986369,10000
e-,11.299999999999999,Si,1.0,0.361668,0.12145,0.0012145,10000
e-,11.299999999999999,Si,1.25,0.458925,0.162239,0.00162239,10000
e-,11.299999999999999,Si,1.5,0.550498,0.1786,0.001786,10000
e-,11.299999999999999,Si,1.75,0.651215,0.222861,0.00222861,10000
e-,11.299999999999999,Si,2.0,0.753562,0.257727,0.00257727,10000
e-,11.399999999999999,Si,0.5,0.177561,0.0750468,0.000750468,10000
e-,11.399999999999999,Si,0.75,0.269322,0.100694,0.00100694,10000
e-,11.399999999999999,Si,1.0,0.361813,0.132959,0.00132959,10000
e-,11.399999999999999,Si,1.25,0.4555,0.147812,0.00147812,10000
e-,11.399999999999999,Si,1.5,0.555176,0.196953,0.00196953,10000
e-,11.399999999999999,Si,1.75,0.647041,0.216901,0.00216901,10000
e-,11.399999999999999,Si,2.0,0.750536,0.246402,0.00246402,10000
e-,11.499999999999998,Si,0.5,0.176078,0.077861,0.00077861,10000
e-,11.499999999999998,Si,0.75,0.268214,0.110486,0.00110486,10000
e-,11.499999999999998,Si,1.0,0.362501,0.129242,0.00129242,10000
e-,11.499999999999998,Si,1.25,0.457162,0.153116,0.00153116,10000
e-,11.499999999999998,Si,1.5,0.549657,0.172637,0.00172637,10000
e-,11.499999999999998,Si,1.75,0.654436,0.223285,0.00223285,10000
e-,11.499999999999998,Si,2.0,0.747354,0.243998,0.00243998,10000
e-,11.599999999999998,Si,0.5,0.17559,0.0694566,0.000694566,10000
e-,11.599999999999998,Si,0.75,0.268313,0.0971798,0.000971798,10000
e-,11.599999999999998,Si,1.0,0.360002,0.122867,0.00122867,10000
e-,11.599999999999998,Si,1.25,0.458392,0.15423,0.0015423,10000
e-,11.599999999999998,Si,1.5,0.554318,0.185539,0.00185539,10000
e-,11.599999999999998,Si,1.75,0.648807,0.207948,0.00207948,10000
e-,11.599999999999998,Si,2.0,0.753237,0.253972,0.00253972,10000
e-,11.7,Si,0.5,0.1763,0.0712327,0.000712327,10000
e-,11.7,Si,0.75,0.266515,0.0985709,0.000985709,10000
e-,11.7,Si,1.0,0.363556,0.131766,0.00131766,10000
e-,11.7,Si,1.25,0.45349,0.153578,0.00153578,10000
e-,11.7,Si,1.5,0.550421,0.175459,0.00175459,10000
e-,11.7,Si,1.75,0.651179,0.215972,0.00215972,10000
e-,11.7,Si,2.0,0.75031,0.244361,0.00244361,10000
e-,11.799999999999999,Si,0.5,0.176754,0.0732978,0.000732978,10000
e-,11.799999999999999,Si,0.75,0.269308,0.104382,0.00104382,10000
e-,11.799999999999999,Si,1.0,0.361769,0.133461,0.00133461,10000
e-,11.799999999999999,Si,1.25,0.459263,0.163385,0.00163385,10000
e-,11.799999999999999,Si,1.5,0.553586,0.185663,0.00185663,10000
e-,11.799999999999999,Si,1.75,0.650696,0.213677,0.00213677,10000
e-,11.799999999999999,Si,2.0,0.748471,0.236214,0.00236214,10000
e-,11.899999999999999,Si,0.5,0.175572,0.0715143,0.000715143,10000
e-,11.899999999999999,Si,0.75,0.268021,0.0969381,0.000969381,10000
e-,11.899999999999999,Si,1.0,0.361516,0.133314,0.00133314,10000
e-,11.899999999999999,Si,1.25,0.458664,0.166354,0.00166354,10000
e-,11.899999999999999,Si,1.5,0.557334,0.191348,0.00191348,10000
e-,11.899999999999999,Si,1.75,0.64926,0.217818,0.00217818,10000
e-,11.899999999999999,Si,2.0,0.749991,0.258375,0.00258375,10000
e-,11.999999999999998,Si,0.5,0.175254,0.0673882,0.000673882,10000
e-,11.999999999999998,Si,0.75,0.266808,0.0946922,0.000946922,10000
e-,11.999999999999998,Si,1.0,0.362907,0.137483,0.00137483,10000
e-,11.999999999999998,Si,1.25,0.458151,0.155984,0.00155984,10000
e-,11.999999999999998,Si,1.5,0.555319,0.184593,0.00184593,10000
e-,11.999999999999998,Si,1.75,0.65003,0.209527,0.00209527,10000
e-,11.999999999999998,Si,2.0,0.748252,0.24803,0.0024803,10000
e-,12.099999999999998,Si,0.5,0.176406,0.0708951,0.000708951,10000
e-,12.099999999999998,Si,0.75,0.268235,0.101193,0.00101193,10000
e-,12.099999999999998,Si,1.0,0.363361,0.129958,0.00129958,10000
e-,12.099999999999998,Si,1.25,0.456303,0.148301,0.00148301,10000
e-,12.099999999999998,Si,1.5,0.552506,0.187324,0.00187324,10000
e-,12.099999999999998,Si,1.75,0.651266,0.212745,0.00212745,10000
e-,12.099999999999998,Si,2.0,0.746376,0.235754,0.00235754,10000
e-,12.2,Si,0.5,0.176433,0.0706406,0.000706406,10000
e-,12.2,Si,0.75,0.268213,0.0978054,0.000978054,10000
e-,12.2,Si,1.0,0.363068,0.137157,0.00137157,10000
e-,12.2,Si,1.25,0.459443,0.169087,0.00169087,10000
e-,12.2,Si,1.5,0.55324,0.182855,0.00182855,10000
e-,12.2,Si,1.75,0.650554,0.21675,0.0021675,10000
e-,12.2,Si,2.0,0.745984,0.241098,0.00241098,10000
e-,12.299999999999999,Si,0.5,0.176011,0.0701463,0.000701463,10000
e-,12.299999999999999,Si,0.75,0.268805,0.103526,0.00103526,10000
e-,12.299999999999999,Si,1.0,0.362291,0.127066,0.00127066,10000
e-,12.299999999999999,Si,1.25,0.457985,0.156805,0.00156805,10000
e-,12.299999999999999,Si,1.5,0.553806,0.195105,0.00195105,10000
e-,12.299999999999999,Si,1.75,0.645605,0.194734,0.00194734,10000
e-,12.299999999999999,Si,2.0,0.751898,0.250283,0.00250283,10000
e-,12.399999999999999,Si,0.5,0.17599,0.0698891,0.000698891,10000
e-,12.399999999999999,Si,0.75,0.266983,0.0967122,0.000967122,10000
e-,12.399999999999999,Si,1.0,0.3614,0.13136,0.0013136,10000
e-,12.399999999999999,Si,1.25,0.456365,0.153543,0.00153543,10000
e-,12.399999999999999,Si,1.5,0.552304,0.184974,0.00184974,10000
e-,12.399999999999999,Si,1.75,0.647722,0.21323,0.0021323,10000
e-,12.399999999999999,Si,2.0,0.748338,0.240578,0.00240578,10000
e-,12.499999999999998,Si,0.5,0.176725,0.0702456,0.000702456,10000
e-,12.499999999999998,Si,0.75,0.269756,0.0967239,0.000967239,10000
e-,12.499999999999998,Si,1.0,0.361365,0.134934,0.00134934,10000
e-,12.499999999999998,Si,1.25,0.457219,0.154961,0.00154961,10000
e-,12.499999999999998,Si,1.5,0.553297,0.18904,0.0018904,10000
e-,12.499999999999998,Si,1.75,0.655818,0.224572,0.00224572,10000
e-,12.499999999999998,Si,2.0,0.748849,0.23583,0.0023583,10000
e-,12.599999999999998,Si,0.5,0.176017,0.0715681,0.000715681,10000
e-,12.599999999999998,Si,0.75,0.267543,0.0985826,0.000985826,10000
e-,12.599999999999998,Si,1.0,0.363133,0.138231,0.00138231,10000
e-,12.599999999999998,Si,1.25,0.459093,0.162349,0.00162349,10000
e-,12.599999999999998,Si,1.5,0.553884,0.20358,0.0020358,10000
e-,12.599999999999998,Si,1.75,0.648556,0.21315,0.0021315,10000
e-,12.599999999999998,Si,2.0,0.752074,0.277829,0.00277829,10000
e-,12.7,Si,0.5,0.175764,0.0702478,0.000702478,10000
e-,12.7,Si,0.75,0.268779,0.100818,0.00100818,10000
e-,12.7,Si,1.0,0.363687,0.139563,0.00139563,10000
e-,12.7,Si,1.25,0.458258,0.157153,0.00157153,10000
e-,12.7,Si,1.5,0.550952,0.174533,0.00174533,10000
e-,12.7,Si,1.75,0.653394,0.230738,0.00230738,10000
e-,12.7,Si,2.0,0.748596,0.25702,0.0025702,10000
e-,12.799999999999999,Si,0.5,0.177654,0.0745805,0.000745805,10000
e-,12.799999999999999,Si,0.75,0.267653,0.103249,0.00103249,10000
e-,12.799999999999999,Si,1.0,0.363775,0.129321,0.00129321,10000
e-,12.799999999999999,Si,1.25,0.459174,0.166503,0.00166503,10000
e-,12.799999999999999,Si,1.5,0.554525,0.19189,0.0019189,10000
e-,12.799999999999999,Si,1.75,0.650421,0.209543,0.00209543,10000
e-,12.799999999999999,Si,2.0,0.745872,0.235375,0.00235375,10000
e-,12.899999999999999,Si,0.5,0.176647,0.071819,0.00071819,10000
e-,12.899999999999999,Si,0.75,0.266958,0.0964728,0.000964728,10000
e-,12.899999999999999,Si,1.0,0.362013,0.1239,0.001239,10000
e-,12.899999999999999,Si,1.25,0.456287,0.155425,0.00155425,10000
e-,12.899999999999999,Si,1.5,0.552,0.17784,0.0017784,10000
e-,12.899999999999999,Si,1.75,0.649102,0.224302,0.00224302,10000
e-,12.899999999999999,Si,2.0,0.749379,0.246047,0.00246047,10000
e-,12.999999999999998,Si,0.5,0.177246,0.0732736,0.000732736,10000
e-,12.999999999999998,Si,0.75,0.269272,0.105219,0.00105219,10000
e-,12.999999999999998,Si,1.0,0.361831,0.131654,0.00131654,10000
e-,12.999999999999998,Si,1.25,0.45714,0.161526,0.00161526,10000
e-,12.999999999999998,Si,1.5,0.555231,0.193029,0.00193029,10000
e-,12.999999999999998,Si,1.75,0.653604,0.222851,0.00222851,10000
e-,12.999999999999998,Si,2.0,0.749773,0.256253,0.00256253,10000
e-,13.099999999999998,Si,0.5,0.177502,0.0733903,0.000733903,10000
e-,13.099999999999998,Si,0.75,0.270126,0.105365,0.00105365,10000
e-,13.099999999999998,Si,1.0,0.363177,0.149517,0.00149517,10000
e-,13.099999999999998,Si,1.25,0.459368,0.161204,0.00161204,10000
e-,13.099999999999998,Si,1.5,0.552464,0.185857,0.00185857,10000
e-,13.099999999999998,Si,1.75,0.647808,0.217424,0.00217424,10000
e-,13.099999999999998,Si,2.0,0.749895,0.238705,0.00238705,10000
e-,13.2,Si,0.5,0.175925,0.0695462,0.000695462,10000
e-,13.2,Si,0.75,0.268878,0.100315,0.00100315,10000
e-,13.2,Si,1.0,0.361097,0.123311,0.00123311,10000
e-,13.2,Si,1.25,0.457577,0.156791,0.00156791,10000
e-,13.2,Si,1.5,0.556946,0.195038,0.00195038,10000
e-,13.2,Si,1.75,0.650148,0.202428,0.00202428,10000
e-,13.2,Si,2.0,0.745859,0.241666,0.00241666,10000
e-,13.299999999999999,Si,0.5,0.176664,0.0705986,0.000705986,10000
e-,13.299999999999999,Si,0.75,0.270054,0.11034,0.0011034,10000
e-,13.299999999999999,Si,1.0,0.364185,0.13483,0.0013483,10000
e-,13.299999999999999,Si,1.25,0.459509,0.16594,0.0016594,10000
e-,13.299999999999999,Si,1.5,0.554807,0.1818,0.001818,10000
e-,13.299999999999999,Si,1.75,0.651508,0.223369,0.00223369,10000
e-,13.299999999999999,Si,2.0,0.751863,0.257286,0.00257286,10000
e-,13.399999999999999,Si,0.5,0.176404,0.0707834,0.000707834,10000
e-,13.399999999999999,Si,0.75,0.269463,0.102271,0.00102271,10000
e-,13.399999999999999,Si,1.0,0.361039,0.124142,0.00124142,10000
e-,13.399999999999999,Si,1.25,0.458938,0.158194,0.00158194,10000
e-,13.399999999999999,Si,1.5,0.553495,0.195315,0.00195315,10000
e-,13.399999999999999,Si,1.75,0.645645,0.199629,0.00199629,10000
e-,13.399999999999999,Si,2.0,0.751486,0.264711,0.00264711,10000
e-,13.499999999999998,Si,0.5,0.176273,0.0747743,0.000747743,10000
e-,13.499999999999998,Si,0.75,0.269342,0.104461,0.00104461,10000
e-,13.499999999999998,Si,1.0,0.362713,0.131707,0.00131707,10000
e-,13.499999999999998,Si,1.25,0.458889,0.174455,0.00174455,10000
e-,13.499999999999998,Si,1.5,0.55559,0.196635,0.00196635,10000
e-,13.499999999999998,Si,1.75,0.653788,0.224223,0.00224223,10000
e-,13.499999999999998,Si,2.0,0.751401,0.242322,0.00242322,10000
e-,13.599999999999998,Si,0.5,0.178226,0.0781799,0.000781799,10000
e-,13.599999999999998,Si,0.75,0.269418,0.10408,0.0010408,10000
e-,13.599999999999998,Si,1.0,0.364531,0.13748,0.0013748,10000
e-,13.599999999999998,Si,1.25,0.458883,0.160086,0.00160086,10000
e-,13.599999999999998,Si,1.5,0.550276,0.1771,0.001771,10000
e-,13.599999999999998,Si,1.75,0.650824,0.213324,0.00213324,10000
e-,13.599999999999998,Si,2.0,0.745527,0.2275,0.002275,10000
e-,13.7,Si,0.5,0.17687,0.0713628,0.000713628,10000
e-,13.7,Si,0.75,0.265954,0.0925764,0.000925764,10000
e-,13.7,Si,1.0,0.361834,0.128019,0.00128019,10000
e-,13.7,Si,1.25,0.460071,0.159802,0.00159802,10000
e-,13.7,Si,1.5,0.553588,0.180572,0.00180572,10000
e-,13.7,Si,1.75,0.650651,0.209592,0.00209592,10000
e-,13.7,Si,2.0,0.751387,0.26657,0.0026657,10000
e-,13.799999999999999,Si,0.5,0.176747,0.0710724,0.000710724,10000
e-,13.799999999999999,Si,0.75,0.269575,0.0996462,0.000996462,10000
e-,13.799999999999999,Si,1.0,0.362644,0.13211,0.0013211,10000
e-,13.799999999999999,Si,1.25,0.459449,0.166152,0.00166152,10000
e-,13.799999999999999,Si,1.5,0.550055,0.186103,0.00186103,10000
e-,13.799999999999999,Si,1.75,0.649282,0.205009,0.00205009,10000
e-,13.799999999999999,Si,2.0,0.749199,0.247574,0.00247574,10000
e-,13.899999999999999,Si,0.5,0.176221,0.0710355,0.000710355,10000
e-,13.899999999999999,Si,0.75,0.269074,0.103113,0.00103113,10000
e-,13.899999999999999,Si,1.0,0.362921,0.134278,0.00134278,10000
e-,13.899999999999999,Si,1.25,0.460394,0.166564,0.00166564,10000
e-,13.899999999999999,Si,1.5,0.554541,0.190402,0.00190402,10000
e-,13.899999999999999,Si,1.75,0.653902,0.223958,0.00223958,10000
e-,13.899999999999999,Si,2.0,0.752222,0.254395,0.00254395,10000
e-,13.999999999999998,Si,0.5,0.178268,0.0749822,0.000749822,10000
e-,13.999999999999998,Si,0.75,0.269181,0.101029,0.00101029,10000
e-,13.999999999999998,Si,1.0,0.363058,0.123449,0.00123449,10000
e-,13.999999999999998,Si,1.25,0.457884,0.15328,0.0015328,10000
e-,13.999999999999998,Si,1.5,0.556796,0.191028,0.00191028,10000
e-,13.999999999999998,Si,1.75,0.656554,0.239676,0.00239676,10000
e-,13.999999999999998,Si,2.0,0.749446,0.240383,0.00240383,10000
e-,14.099999999999998,Si,0.5,0.176213,0.0685277,0.000685277,10000
e-,14.099999999999998,Si,0.75,0.269757,0.0977648,0.000977648,10000
e-,14.099999999999998,Si,1.0,0.361673,0.126233,0.00126233,10000
e-,14.099999999999998,Si,1.25,0.459766,0.172024,0.00172024,10000
e-,14.099999999999998,Si,1.5,0.553497,0.179504,0.00179504,10000
e-,14.099999999999998,Si,1.75,0.654176,0.239888,0.00239888,10000
e-,14.099999999999998,Si,2.0,0.748653,0.252061,0.00252061,10000
e-,14.2,Si,0.5,0.17702,0.0861817,0.000861817,10000
e-,14.2,Si,0.75,0.269367,0.107102,0.00107102,10000
e-,14.2,Si,1.0,0.363913,0.152533,0.00152533,10000
e-,14.2,Si,1.25,0.458249,0.168337,0.00168337,10000
e-,14.2,Si,1.5,0.551525,0.188549,0.00188549,10000
e-,14.2,Si,1.75,0.652987,0.236009,0.00236009,10000
e-,14.2,Si,2.0,0.752933,0.265689,0.00265689,10000
e-,14.299999999999999,Si,0.5,0.176795,0.0751365,0.000751365,10000
e-,14.299999999999999,Si,0.75,0.268892,0.10625,0.0010625,10000
e-,14.299999999999999,Si,1.0,0.364365,0.131388,0.00131388,10000
e-,14.299999999999999,Si,1.25,0.457292,0.170858,0.00170858,10000
e-,14.299999999999999,Si,1.5,0.552676,0.180398,0.00180398,10000
e-,14.299999999999999,Si,1.75,0.650676,0.226708,0.00226708,10000
e-,14.299999999999999,Si,2.0,0.747924,0.236977,0.00236977,10000
e-,14.399999999999999,Si,0.5,0.176165,0.0786251,0.000786251,10000
e-,14.399999999999999,Si,0.75,0.2704,0.107233,0.00107233,10000
e-,14.399999999999999,Si,1.0,0.363352,0.122308,0.00122308,10000
e-,14.399999999999999,Si,1.25,0.45924,0.164627,0.00164627,10000
e-,14.399999999999999,Si,1.5,0.557429,0.198567,0.00198567,10000
e-,14.399999999999999,Si,1.75,0.653801,0.214967,0.00214967,10000
e-,14.399999999999999,Si,2.0,0.747055,0.238429,0.00238429,10000
e-,14.499999999999998,Si,0.5,0.176581,0.0710701,0.000710701,10000
e-,14.499999999999998,Si,0.75,0.269833,0.0982474,0.000982474,10000
e-,14.499999999999998,Si,1.0,0.360091,0.122514,0.00122514,10000
e-,14.499999999999998,Si,1.25,0.459778,0.163151,0.00163151,10000
e-,14.499999999999998,Si,1.5,0.551457,0.177414,0.00177414,10000
e-,14.499999999999998,Si,1.75,0.65158,0.212895,0.00212895,10000
e-,14.499999999999998,Si,2.0,0.74872,0.237735,0.00237735,10000
e-,14.599999999999998,Si,0.5,0.177449,0.0687173,0.000687173,10000
e-,14.599999999999998,Si,0.75,0.269113,0.102329,0.00102329,10000
e-,14.599999999999998,Si,1.0,0.361833,0.135896,0.00135896,10000
e-,14.599999999999998,Si,1.25,0.45739,0.15895,0.0015895,10000
e-,14.599999999999998,Si,1.5,0.556831,0.207432,0.00207432,10000
e-,14.599999999999998,Si,1.75,0.656092,0.234018,0.00234018,10000
e-,14.599999999999998,Si,2.0,0.747079,0.233967,0.00233967,10000
e-,14.7,Si,0.5,0.176642,0.0688346,0.000688346,10000
e-,14.7,Si,0.75,0.270287,0.101331,0.00101331,10000
e-,14.7,Si,1.0,0.362186,0.121387,0.00121387,10000
e-,14.7,Si,1.25,0.457115,0.155595,0.00155595,10000
e-,14.7,Si,1.5,0.551773,0.173297,0.00173297,10000
e-,14.7,Si,1.75,0.650701,0.221036,0.00221036,10000
e-,14.7,Si,2.0,0.752046,0.245622,0.00245622,10000
e-,14.799999999999999,Si,0.5,0.176441,0.0699264,0.000699264,10000
e-,14.799999999999999,Si,0.75,0.268891,0.107438,0.00107438,10000
e-,14.799999999999999,Si,1.0,0.366077,0.13281,0.0013281,10000
e-,14.799999999999999,Si,1.25,0.457883,0.157829,0.00157829,10000
e-,14.799999999999999,Si,1.5,0.55282,0.192691,0.00192691,10000
e-,14.799999999999999,Si,1.75,0.649914,0.208365,0.00208365,10000
e-,14.799999999999999,Si,2.0,0.751323,0.251693,0.00251693,10000
e-,14.899999999999999,Si,0.5,0.176957,0.0703566,0.000703566,10000
e-,14.899999999999999,Si,0.75,0.271458,0.107725,0.00107725,10000
e-,14.899999999999999,Si,1.0,0.363202,0.127472,0.00127472,10000
e-,14.899999999999999,Si,1.25,0.459924,0.171866,0.00171866,10000
e-,14.899999999999999,Si,1.5,0.552835,0.179875,0.00179875,10000
e-,14.899999999999999,Si,1.75,0.647795,0.207708,0.00207708,10000
e-,14.899999999999999,Si,2.0,0.748436,0.238395,0.00238395,10000
e-,14.999999999999998,Si,0.5,0.178492,0.0747692,0.000747692,10000
e-,14.999999999999998,Si,0.75,0.270689,0.127373,0.00127373,10000
e-,14.999999999999998,Si,1.0,0.363623,0.128246,0.00128246,10000
e-,14.999999999999998,Si,1.25,0.457842,0.184984,0.00184984,10000
e-,14.999999999999998,Si,1.5,0.555347,0.190792,0.00190792,10000
e-,14.999999999999998,Si,1.75,0.653958,0.245771,0.00245771,10000
e-,14.999999999999998,Si,2.0,0.744956,0.23236,0.0023236,10000
e-,15.099999999999998,Si,0.5,0.178228,0.0737458,0.000737458,10000
e-,15.099999999999998,Si,0.75,0.270258,0.0996145,0.000996145,10000
e-,15.099999999999998,Si,1.0,0.362857,0.138093,0.00138093,10000
e-,15.099999999999998,Si,1.25,0.455515,0.150878,0.00150878,10000
e-,15.099999999999998,Si,1.5,0.554377,0.188072,0.00188072,10000
e-,15.099999999999998,Si,1.75,0.648946,0.209515,0.00209515,10000
e-,15.099999999999998,Si,2.0,0.749816,0.260491,0.00260491,10000
e-,15.199999999999998,Si,0.5,0.177838,0.0727224,0.000727224,10000
e-,15.199999999999998,Si,0.75,0.268615,0.0991928,0.000991928,10000
e-,15.199999999999998,Si,1.0,0.363551,0.130947,0.00130947,10000
e-,15.199999999999998,Si,1.25,0.45928,0.161421,0.00161421,10000
e-,15.199999999999998,Si,1.5,0.557157,0.211811,0.00211811,10000
e-,15.199999999999998,Si,1.75,0.651746,0.221821,0.00221821,10000
e-,15.199999999999998,Si,2.0,0.748166,0.235565,0.00235565,10000
e-,15.299999999999999,Si,0.5,0.176598,0.0707997,0.000707997,10000
e-,15.299999999999999,Si,0.75,0.269512,0.109243,0.00109243,10000
e-,15.299999999999999,Si,1.0,0.362072,0.122995,0.00122995,10000
e-,15.299999999999999,Si,1.25,0.457959,0.15273,0.0015273,10000
e-,15.299999999999999,Si,1.5,0.550458,0.181155,0.00181155,10000
e-,15.299999999999999,Si,1.75,0.654377,0.216508,0.00216508,10000
e-,15.299999999999999,Si,2.0,0.749079,0.250185,0.00250185,10000
e-,15.399999999999999,Si,0.5,0.177422,0.0748108,0.000748108,10000
e-,15.399999999999999,Si,0.75,0.269647,0.102561,0.00102561,10000
e-,15.399999999999999,Si,1.0,0.363171,0.128506,0.00128506,10000
e-,15.399999999999999,Si,1.25,0.459488,0.160224,0.00160224,10000
e-,15.399999999999999,Si,1.5,0.553483,0.191038,0.00191038,10000
e-,15.399999999999999,Si,1.75,0.650296,0.210152,0.00210152,10000
e-,15.399999999999999,Si,2.0,0.752232,0.263239,0.00263239,10000
e-,15.499999999999998,Si,0.5,0.17597,0.0676085,0.000676085,10000
e-,15.499999999999998,Si,0.75,0.269725,0.105362,0.00105362,10000
e-,15.499999999999998,Si,1.0,0.364296,0.141492,0.00141492,10000
e-,15.499999999999998,Si,1.25,0.460196,0.157165,0.00157165,10000
e-,15.499999999999998,Si,1.5,0.556343,0.193825,0.00193825,10000
e-,15.499999999999998,Si,1.75,0.649541,0.214615,0.00214615,10000
e-,15.499999999999998,Si,2.0,0.750266,0.251917,0.00251917,10000
e-,15.599999999999998,Si,0.5,0.177111,0.0699023,0.000699023,10000
e-,15.599999999999998,Si,0.75,0.26934,0.100252,0.00100252,10000
e-,15.599999999999998,Si,1.0,0.360003,0.119254,0.00119254,10000
e-,15.599999999999998,Si,1.25,0.458479,0.16216,0.0016216,10000
e-,15.599999999999998,Si,1.5,0.557963,0.200746,0.00200746,10000
e-,15.599999999999998,Si,1.75,0.65171,0.211789,0.00211789,10000
e-,15.599999999999998,Si,2.0,0.746562,0.25226,0.0025226,10000
e-,15.699999999999998,Si,0.5,0.176486,0.0688453,0.000688453,10000
e-,15.699999999999998,Si,0.75,0.268786,0.0979572,0.000979572,10000
e-,15.699999999999998,Si,1.0,0.363806,0.125891,0.00125891,10000
e-,15.699999999999998,Si,1.25,0.457802,0.155483,0.00155483,10000
e-,15.699999999999998,Si,1.5,0.553527,0.192566,0.00192566,10000
e-,15.699999999999998,Si,1.75,0.648892,0.203485,0.00203485,10000
e-,15.699999999999998,Si,2.0,0.747979,0.23294,0.0023294,10000
e-,15.799999999999999,Si,0.5,0.176808,0.069432,0.00069432,10000
e-,15.799999999999999,Si,0.75,0.27169,0.10517,0.0010517,10000
e-,15.799999999999999,Si,1.0,0.363702,0.124508,0.00124508,10000
e-,15.799999999999999,Si,1.25,0.460828,0.168077,0.00168077,10000
e-,15.799999999999999,Si,1.5,0.55174,0.179413,0.00179413,10000
e-,15.799999999999999,Si,1.75,0.651276,0.241714,0.00241714,10000
e-,15.799999999999999,Si,2.0,0.751128,0.243795,0.00243795,10000
e-,15.899999999999999,Si,0.5,0.177403,0.0711596,0.000711596,10000
e-,15.899999999999999,Si,0.75,0.268075,0.0977781,0.000977781,10000
e-,15.899999999999999,Si,1.0,0.363351,0.133359,0.00133359,10000
e-,15.899999999999999,Si,1.25,0.457534,0.151218,0.00151218,10000
e-,15.899999999999999,Si,1.5,0.553213,0.178664,0.00178664,10000
e-,15.899999999999999,Si,1.75,0.649757,0.219843,0.00219843,10000
e-,15.899999999999999,Si,2.0,0.751011,0.259848,0.00259848,10000
e-,15.999999999999998,Si,0.5,0.176779,0.0723351,0.000723351,10000
e-,15.999999999999998,Si,0.75,0.269658,0.100834,0.00100834,10000
e-,15.999999999999998,Si,1.0,0.364452,0.153887,0.00153887,10000
e-,15.999999999999998,Si,1.25,0.456053,0.148864,0.00148864,10000
e-,15.999999999999998,Si,1.5,0.55767,0.193603,0.00193603,10000
e-,15.999999999999998,Si,1.75,0.651457,0.211111,0.00211111,10000
e-,15.999999999999998,Si,2.0,0.750576,0.240728,0.00240728,10000
e-,16.099999999999998,Si,0.5,0.177356,0.0789231,0.000789231,10000
e-,16.099999999999998,Si,0.75,0.271768,0.113955,0.00113955,10000
e-,16.099999999999998,Si,1.0,0.363102,0.130573,0.00130573,10000
e-,16.099999999999998,Si,1.25,0.459563,0.169448,0.00169448,10000
e-,16.099999999999998,Si,1.5,0.55575,0.1873,0.001873,10000
e-,16.099999999999998,Si,1.75,0.653229,0.224995,0.00224995,10000
e-,16.099999999999998,Si,2.0,0.751992,0.247128,0.00247128,10000
e-,16.2,Si,0.5,0.176226,0.067627,0.00067627,10000
e-,16.2,Si,0.75,0.268785,0.0983126,0.000983126,10000
e-,16.2,Si,1.0,0.362581,0.124164,0.00124164,10000
e-,16.2,Si,1.25,0.459947,0.177004,0.00177004,10000
e-,16.2,Si,1.5,0.553771,0.176997,0.00176997,10000
e-,16.2,Si,1.75,0.652398,0.220438,0.00220438,10000
e-,16.2,Si,2.0,0.747386,0.226622,0.00226622,10000
e-,16.3,Si,0.5,0.178304,0.0753411,0.000753411,10000
e-,16.3,Si,0.75,0.269718,0.101948,0.00101948,10000
e-,16.3,Si,1.0,0.36371,0.127091,0.00127091,10000
e-,16.3,Si,1.25,0.457592,0.161128,0.00161128,10000
e-,16.3,Si,1.5,0.553503,0.176745,0.00176745,10000
e-,16.3,Si,1.75,0.650956,0.208192,0.00208192,10000
e-,16.3,Si,2.0,0.74966,0.243311,0.00243311,10000
e-,16.4,Si,0.5,0.177956,0.0733775,0.000733775,10000
e-,16.4,Si,0.75,0.268379,0.105916,0.00105916,10000
e-,16.4,Si,1.0,0.361571,0.126643,0.00126643,10000
e-,16.4,Si,1.25,0.461315,0.16849,0.0016849,10000
e-,16.4,Si,1.5,0.552912,0.185393,0.00185393,10000
e-,16.4,Si,1.75,0.647918,0.213452,0.00213452,10000
e-,16.4,Si,2.0,0.751872,0.241863,0.00241863,10000
e-,16.5,Si,0.5,0.174974,0.0693397,0.000693397,10000
e-,16.5,Si,0.75,0.268786,0.0958149,0.000958149,10000
e-,16.5,Si,1.0,0.36372,0.138541,0.00138541,10000
e-,16.5,Si,1.25,0.457121,0.153785,0.00153785,10000
e-,16.5,Si,1.5,0.551292,0.174952,0.00174952,10000
e-,16.5,Si,1.75,0.651468,0.212845,0.00212845,10000
e-,16.5,Si,2.0,0.751161,0.238214,0.00238214,10000
e-,16.6,Si,0.5,0.177539,0.0702522,0.000702522,10000
e-,16.6,Si,0.75,0.268533,0.0964991,0.000964991,10000
e-,16.6,Si,1.0,0.363851,0.132039,0.00132039,10000
e-,16.6,Si,1.25,0.458104,0.153926,0.00153926,10000
e-,16.6,Si,1.5,0.553037,0.190614,0.00190614,10000
e-,16.6,Si,1.75,0.651135,0.211873,0.00211873,10000
e-,16.6,Si,2.0,0.748104,0.242208,0.00242208,10000
e-,16.7,Si,0.5,0.178893,0.0740562,0.000740562,10000
e-,16.7,Si,0.75,0.270698,0.109298,0.00109298,10000
e-,16.7,Si,1.0,0.362573,0.128996,0.00128996,10000
e-,16.7,Si,1.25,0.459635,0.163188,0.00163188,10000
e-,16.7,Si,1.5,0.55466,0.197697,0.00197697,10000
e-,16.7,Si,1.75,0.651296,0.215224,0.00215224,10000
e-,16.7,Si,2.0,0.748149,0.229189,0.00229189,10000
e-,16.8,Si,0.5,0.177353,0.0705119,0.000705119,10000
e-,16.8,Si,0.75,0.269471,0.0979508,0.000979508,10000
e-,16.8,Si,1.0,0.365005,0.134168,0.00134168,10000
e-,16.8,Si,1.25,0.457508,0.151046,0.00151046,10000
e-,16.8,Si,1.5,0.555707,0.188477,0.00188477,10000
e-,16.8,Si,1.75,0.652104,0.223505,0.00223505,10000
e-,16.8,Si,2.0,0.750727,0.290809,0.00290809,10000
e-,16.9,Si,0.5,0.177625,0.0710491,0.000710491,10000
e-,16.9,Si,0.75,0.269594,0.0970829,0.000970829,10000
e-,16.9,Si,1.0,0.363811,0.131016,0.00131016,10000
e-,16.9,Si,1.25,0.459431,0.156948,0.00156948,10000
e-,16.9,Si,1.5,0.55332,0.192667,0.00192667,10000
e-,16.9,Si,1.75,0.653476,0.214024,0.00214024,10000
e-,16.9,Si,2.0,0.748216,0.238732,0.00238732,10000
e-,17.0,Si,0.5,0.177551,0.0768633,0.000768633,10000
e-,17.0,Si,0.75,0.270518,0.10373,0.0010373,10000
e-,17.0,Si,1.0,0.365146,0.12923,0.0012923,10000
e-,17.0,Si,1.25,0.460802,0.158649,0.00158649,10000
e-,17.0,Si,1.5,0.551496,0.178296,0.00178296,10000
e-,17.0,Si,1.75,0.65339,0.222497,0.00222497,10000
e-,17.0,Si,2.0,0.753366,0.284947,0.00284947,10000
e-,17.1,Si,0.5,0.178654,0.0724615,0.000724615,10000
e-,17.1,Si,0.75,0.270284,0.100599,0.00100599,10000
e-,17.1,Si,1.0,0.363418,0.130841,0.00130841,10000
e-,17.1,Si,1.25,0.457669,0.152491,0.00152491,10000
e-,17.1,Si,1.5,0.555083,0.178818,0.00178818,10000
e-,17.1,Si,1.75,0.648496,0.207487,0.00207487,10000
e-,17.1,Si,2.0,0.748692,0.240793,0.00240793,10000
e-,17.2,Si,0.5,0.177371,0.0781333,0.000781333,10000
e-,17.2,Si,0.75,0.269651,0.101204,0.00101204,10000
e-,17.2,Si,1.0,0.362326,0.119595,0.00119595,10000
e-,17.2,Si,1.25,0.461194,0.157026,0.00157026,10000
e-,17.2,Si,1.5,0.554089,0.181662,0.00181662,10000
e-,17.2,Si,1.75,0.648071,0.209105,0.00209105,10000
e-,17.2,Si,2.0,0.752488,0.263186,0.00263186,10000
e-,17.3,Si,0.5,0.177422,0.0688899,0.000688899,10000
e-,17.3,Si,0.75,0.271397,0.100873,0.00100873,10000
e-,17.3,Si,1.0,0.364866,0.130559,0.00130559,10000
e-,17.3,Si,1.25,0.459869,0.168469,0.00168469,10000
e-,17.3,Si,1.5,0.555609,0.200932,0.00200932,10000
e-,17.3,Si,1.75,0.648601,0.208265,0.00208265,10000
e-,17.3,Si,2.0,0.750777,0.244161,0.00244161,10000
e-,17.4,Si,0.5,0.17692,0.0692299,0.000692299,10000
e-,17.4,Si,0.75,0.269852,0.0983339,0.000983339,10000
e-,17.4,Si,1.0,0.362976,0.128471,0.00128471,10000
e-,17.4,Si,1.25,0.461248,0.161745,0.00161745,10000
e-,17.4,Si,1.5,0.554214,0.194883,0.00194883,10000
e-,17.4,Si,1.75,0.652737,0.219761,0.00219761,10000
e-,17.4,Si,2.0,0.748605,0.233826,0.00233826,10000
e-,17.5,Si,0.5,0.178155,0.0701612,0.000701612,10000
e-,17.5,Si,0.75,0.270556,0.0997538,0.000997538,10000
e-,17.5,Si,1.0,0.361277,0.124362,0.00124362,10000
e-,17.5,Si,1.25,0.459295,0.165203,0.00165203,10000
e-,17.5,Si,1.5,0.556644,0.181688,0.00181688,10000
e-,17.5,Si,1.75,0.651349,0.229573,0.00229573,10000
e-,17.5,Si,2.0,0.751149,0.254512,0.00254512,10000
e-,17.6,Si,0.5,0.178373,0.0740196,0.000740196,10000
e-,17.6,Si,0.75,0.272407,0.104316,0.00104316,10000
e-,17.6,Si,1.0,0.362964,0.129184,0.00129184,10000
e-,17.6,Si,1.25,0.455959,0.159117,0.00159117,10000
e-,17.6,Si,1.5,0.554221,0.210601,0.00210601,10000
e-,17.6,Si,1.75,0.650337,0.218975,0.00218975,10000
e-,17.6,Si,2.0,0.746299,0.257114,0.00257114,10000
e-,17.7,Si,0.5,0.176054,0.0677503,0.000677503,10000
e-,17.7,Si,0.75,0.26935,0.0981198,0.000981198,10000
e-,17.7,Si,1.0,0.36661,0.141622,0.00141622,10000
e-,17.7,Si,1.25,0.460527,0.159709,0.00159709,10000
e-,17.7,Si,1.5,0.559009,0.208019,0.00208019,10000
e-,17.7,Si,1.75,0.655825,0.237493,0.00237493,10000
e-,17.7,Si,2.0,0.746362,0.254683,0.00254683,10000
e-,17.8,Si,0.5,0.177873,0.0732479,0.000732479,10000
e-,17.8,Si,0.75,0.270898,0.100304,0.00100304,10000
e-,17.8,Si,1.0,0.364763,0.13354,0.0013354,10000
e-,17.8,Si,1.25,0.459628,0.158144,0.00158144,10000
e-,17.8,Si,1.5,0.554148,0.189862,0.00189862,10000
e-,17.8,Si,1.75,0.648068,0.197577,0.00197577,10000
e-,17.8,Si,2.0,0.74707,0.235917,0.00235917,10000
e-,17.9,Si,0.5,0.178403,0.0739363,0.000739363,10000
e-,17.9,Si,0.75,0.271717,0.10696,0.0010696,10000
e-,17.9,Si,1.0,0.362735,0.122513,0.00122513,10000
e-,17.9,Si,1.25,0.462037,0.159983,0.00159983,10000
e-,17.9,Si,1.5,0.556437,0.193464,0.00193464,10000
e-,17.9,Si,1.75,0.650117,0.214938,0.00214938,10000
e-,17.9,Si,2.0,0.749283,0.237862,0.00237862,10000
e-,18.0,Si,0.5,0.176664,0.0686824,0.000686824,10000
e-,18.0,Si,0.75,0.270299,0.103665,0.00103665,10000
e-,18.0,Si,1.0,0.363669,0.12495,0.0012495,10000
e-,18.0,Si,1.25,0.459359,0.155796,0.00155796,10000
e-,18.0,Si,1.5,0.555,0.182936,0.00182936,10000
e-,18.0,Si,1.75,0.653431,0.219052,0.00219052,10000
e-,18.0,Si,2.0,0.748676,0.263146,0.00263146,10000
e-,18.1,Si,0.5,0.177073,0.0714197,0.000714197,10000
e-,18.1,Si,0.75,0.270147,0.096632,0.00096632,10000
e-,18.1,Si,1.0,0.365498,0.13043,0.0013043,10000
e-,18.1,Si,1.25,0.459314,0.162834,0.00162834,10000
e-,18.1,Si,1.5,0.556302,0.215011,0.00215011,10000
e-,18.1,Si,1.75,0.649905,0.200348,0.00200348,10000
e-,18.1,Si,2.0,0.747784,0.235453,0.00235453,10000
e-,18.2,Si,0.5,0.177285,0.0716265,0.000716265,10000
e-,18.2,Si,0.75,0.270513,0.103474,0.00103474,10000
e-,18.2,Si,1.0,0.363303,0.135857,0.00135857,10000
e-,18.2,Si,1.25,0.457225,0.149428,0.00149428,10000
e-,18.2,Si,1.5,0.552749,0.17751,0.0017751,10000
e-,18.2,Si,1.75,0.650154,0.203022,0.00203022,10000
e-,18.2,Si,2.0,0.747422,0.236322,0.00236322,10000
e-,18.3,Si,0.5,0.176745,0.0671582,0.000671582,10000
e-,18.3,Si,0.75,0.269592,0.0981643,0.000981643,10000
e-,18.3,Si,1.0,0.365766,0.139433,0.00139433,10000
e-,18.3,Si,1.25,0.456684,0.16375,0.0016375,10000
e-,18.3,Si,1.5,0.559883,0.19504,0.0019504,10000
e-,18.3,Si,1.75,0.650297,0.207151,0.00207151,10000
e-,18.3,Si,2.0,0.748941,0.233611,0.00233611,10000
e-,18.4,Si,0.5,0.176711,0.0687549,0.000687549,10000
e-,18.4,Si,0.75,0.270513,0.0997286,0.000997286,10000
e-,18.4,Si,1.0,0.364432,0.138254,0.00138254,10000
e-,18.4,Si,1.25,0.459336,0.159434,0.00159434,10000
e-,18.4,Si,1.5,0.553197,0.192946,0.00192946,10000
e-,18.4,Si,1.75,0.64785,0.22059,0.0022059,10000
e-,18.4,Si,2.0,0.748867,0.245764,0.00245764,10000
e-,18.5,Si,0.5,0.177398,0.0709275,0.000709275,10000
e-,18.5,Si,0.75,0.269921,0.0980125,0.000980125,10000
e-,18.5,Si,1.0,0.362425,0.124782,0.00124782,10000
e-,18.5,Si,1.25,0.458324,0.160157,0.00160157,10000
e-,18.5,Si,1.5,0.557593,0.180878,0.00180878,10000
e-,18.5,Si,1.75,0.653554,0.232498,0.00232498,10000
e-,18.5,Si,2.0,0.748742,0.227187,0.00227187,10000
e-,18.6,Si,0.5,0.178204,0.0736088,0.000736088,10000
e-,18.6,Si,0.75,0.270371,0.101356,0.00101356,10000
e-,18.6,Si,1.0,0.364871,0.12934,0.0012934,10000
e-,18.6,Si,1.25,0.459846,0.15445,0.0015445,10000
e-,18.6,Si,1.5,0.55655,0.185787,0.00185787,10000
e-,18.6,Si,1.75,0.648806,0.1943,0.001943,10000
e-,18.6,Si,2.0,0.749581,0.245584,0.00245584,10000
e-,18.7,Si,0.5,0.176501,0.0676507,0.000676507,10000
e-,18.7,Si,0.75,0.270212,0.100858,0.00100858,10000
e-,18.7,Si,1.0,0.36307,0.128187,0.00128187,10000
e-,18.7,Si,1.25,0.457847,0.156821,0.00156821,10000
e-,18.7,Si,1.5,0.556561,0.18335,0.0018335,10000
e-,18.7,Si,1.75,0.654004,0.204156,0.00204156,10000
e-,18.7,Si,2.0,0.751569,0.242123,0.00242123,10000
e-,18.8,Si,0.5,0.177044,0.0692112,0.000692112,10000
e-,18.8,Si,0.75,0.270188,0.0996707,0.000996707,10000
e-,18.8,Si,1.0,0.366329,0.128867,0.00128867,10000
e-,18.8,Si,1.25,0.458702,0.15831,0.0015831,10000
e-,18.8,Si,1.5,0.5597,0.20887,0.0020887,10000
e-,18.8,Si,1.75,0.651142,0.209973,0.00209973,10000
e-,18.8,Si,2.0,0.750931,0.253329,0.00253329,10000
e-,18.9,Si,0.5,0.178693,0.0759503,0.000759503,10000
e-,18.9,Si,0.75,0.269735,0.0962001,0.000962001,10000
e-,18.9,Si,1.0,0.363196,0.126356,0.00126356,10000
e-,18.9,Si,1.25,0.461565,0.15726,0.0015726,10000
e-,18.9,Si,1.5,0.560834,0.219669,0.00219669,10000
e-,18.9,Si,1.75,0.649329,0.206164,0.00206164,10000
e-,18.9,Si,2.0,0.749171,0.259327,0.00259327,10000
e-,19.0,Si,0.5,0.176894,0.0707185,0.000707185,10000
e-,19.0,Si,0.75,0.269957,0.100294,0.00100294,10000
e-,19.0,Si,1.0,0.363915,0.130148,0.00130148,10000
e-,19.0,Si,1.25,0.458488,0.154965,0.00154965,10000
e-,19.0,Si,1.5,0.553874,0.185269,0.00185269,10000
e-,19.0,Si,1.75,0.651435,0.20899,0.0020899,10000
e-,19.0,Si,2.0,0.750199,0.244325,0.00244325,10000
e-,19.1,Si,0.5,0.177116,0.0689386,0.000689386,10000
e-,19.1,Si,0.75,0.268261,0.0946776,0.000946776,10000
e-,19.1,Si,1.0,0.364335,0.141071,0.00141071,10000
e-,19.1,Si,1.25,0.459703,0.165669,0.00165669,10000
e-,19.1,Si,1.5,0.553521,0.180144,0.00180144,10000
e-,19.1,Si,1.75,0.651614,0.211907,0.00211907,10000
e-,19.1,Si,2.0,0.74842,0.227195,0.00227195,10000
e-,19.2,Si,0.5,0.178694,0.0751201,0.000751201,10000
e-,19.2,Si,0.75,0.268957,0.0938769,0.000938769,10000
e-,19.2,Si,1.0,0.364045,0.127327,0.00127327,10000
e-,19.2,Si,1.25,0.459378,0.160155,0.00160155,10000
e-,19.2,Si,1.5,0.556239,0.183312,0.00183312,10000
e-,19.2,Si,1.75,0.654735,0.22115,0.0022115,10000
e-,19.2,Si,2.0,0.751536,0.247547,0.00247547,10000
e-,19.3,Si,0.5,0.178017,0.0711162,0.000711162,10000
e-,19.3,Si,0.75,0.269593,0.0973097,0.000973097,10000
e-,19.3,Si,1.0,0.364702,0.128967,0.00128967,10000
e-,19.3,Si,1.25,0.45973,0.161434,0.00161434,10000
e-,19.3,Si,1.5,0.55311,0.183462,0.00183462,10000
e-,19.3,Si,1.75,0.652112,0.215935,0.00215935,10000
e-,19.3,Si,2.0,0.747131,0.227502,0.00227502,10000
e-,19.4,Si,0.5,0.177781,0.0709415,0.000709415,10000
e-,19.4,Si,0.75,0.270811,0.101326,0.00101326,10000
e-,19.4,Si,1.0,0.366412,0.130927,0.00130927,10000
e-,19.4,Si,1.25,0.462547,0.189833,0.00189833,10000
e-,19.4,Si,1.5,0.556805,0.184888,0.00184888,10000
e-,19.4,Si,1.75,0.650936,0.207975,0.00207975,10000
e-,19.4,Si,2.0,0.751045,0.232997,0.00232997,10000
e-,19.5,Si,0.5,0.177024,0.0712885,0.000712885,10000
e-,19.5,Si,0.75,0.269941,0.101411,0.00101411,10000
e-,19.5,Si,1.0,0.364532,0.151971,0.00151971,10000
e-,19.5,Si,1.25,0.460034,0.162247,0.00162247,10000
e-,19.5,Si,1.5,0.553575,0.177002,0.00177002,10000
e-,19.5,Si,1.75,0.656023,0.234337,0.00234337,10000
e-,19.5,Si,2.0,0.747708,0.23478,0.0023478,10000
e-,19.6,Si,0.5,0.178324,0.0723605,0.000723605,10000
e-,19.6,Si,0.75,0.272434,0.104127,0.00104127,10000
e-,19.6,Si,1.0,0.363849,0.128006,0.00128006,10000
e-,19.6,Si,1.25,0.45861,0.179081,0.00179081,10000
e-,19.6,Si,1.5,0.555472,0.187698,0.00187698,10000
e-,19.6,Si,1.75,0.652946,0.222367,0.00222367,10000
e-,19.6,Si,2.0,0.748995,0.268771,0.00268771,10000
e-,19.7,Si,0.5,0.176753,0.0661701,0.000661701,10000
e-,19.7,Si,0.75,0.269973,0.100802,0.00100802,10000
e-,19.7,Si,1.0,0.361747,0.117683,0.00117683,10000
e-,19.7,Si,1.25,0.460862,0.205883,0.00205883,10000
e-,19.7,Si,1.5,0.550819,0.178426,0.00178426,10000
e-,19.7,Si,1.75,0.649811,0.20887,0.0020887,10000
e-,19.7,Si,2.0,0.747977,0.230673,0.00230673,10000
e-,19.8,Si,0.5,0.1769,0.070776,0.00070776,10000
e-,19.8,Si,0.75,0.270094,0.115522,0.00115522,10000
e-,19.8,Si,1.0,0.364722,0.130622,0.00130622,10000
e-,19.8,Si,1.25,0.457519,0.152914,0.00152914,10000
e-,19.8,Si,1.5,0.554907,0.18631,0.0018631,10000
e-,19.8,Si,1.75,0.652436,0.212859,0.00212859,10000
e-,19.8,Si,2.0,0.750783,0.250907,0.00250907,10000
e-,19.9,Si,0.5,0.177561,0.0711593,0.000711593,10000
e-,19.9,Si,0.75,0.26803,0.0945579,0.000945579,10000
e-,19.9,Si,1.0,0.364947,0.128657,0.00128657,10000
e-,19.9,Si,1.25,0.458923,0.151836,0.00151836,10000
e-,19.9,Si,1.5,0.552412,0.173189,0.00173189,10000
e-,19.9,Si,1.75,0.650759,0.208239,0.00208239,10000
e-,19.9,Si,2.0,0.749503,0.241438,0.00241438,10000
e-,20.0,Si,0.5,0.176904,0.0704744,0.000704744,10000
e-,20.0,Si,0.75,0.270893,0.101168,0.00101168,10000
e-,20.0,Si,1.0,0.363257,0.127677,0.00127677,10000
e-,20.0,Si,1.25,0.460785,0.153603,0.00153603,10000
e-,20.0,Si,1.5,0.554193,0.185966,0.00185966,10000
e-,20.0,Si,1.75,0.650623,0.200472,0.00200472,10000
e-,20.0,Si,2.0,0.749172,0.251652,0.00251652,10000
gamma,0.1,Si,0.5,0.000487707,0.00545684,1.7256e-05,100000
gamma,0.1,Si,0.75,0.000818995,0.0072712,2.29935e-05,100000
gamma,0.1,Si,1.0,0.00110032,0.00847554,2.6802e-05,100000
gamma,0.1,Si,1.25,0.00132835,0.00924715,2.92421e-05,100000
gamma,0.1,Si,1.5,0.00166631,0.0104093,3.29169e-05,100000
gamma,0.1,Si,1.75,0.00199427,0.0114194,3.61114e-05,100000
gamma,0.1,Si,2.0,0.00223453,0.0121453,3.84067e-05,100000
gamma,0.2,Si,0.5,0.000656726,0.00694268,2.19547e-05,100000
gamma,0.2,Si,0.75,0.000963174,0.00856686,2.70908e-05,100000
gamma,0.2,Si,1.0,0.00135047,0.0101657,3.21466e-05,100000
gamma,0.2,Si,1.25,0.00168971,0.0114173,3.61046e-05,100000
gamma,0.2,Si,1.5,0.00205483,0.0123675,3.91094e-05,100000
gamma,0.2,Si,1.75,0.00239904,0.0135335,4.27968e-05,100000
gamma,0.2,Si,2.0,0.00277944,0.0147403,4.6613e-05,100000
gamma,0.3,Si,0.5,0.000966256,0.0104765,3.31295e-05,100000
gamma,0.3,Si,0.75,0.001466,0.0131393,4.155e-05,100000
gamma,0.3,Si,1.0,0.00205603,0.0156248,4.941e-05,100000
gamma,0.3,Si,1.25,0.00257212,0.0175015,5.53447e-05,100000
gamma,0.3,Si,1.5,0.00313031,0.0193832,6.12951e-05,100000
gamma,0.3,Si,1.75,0.00367345,0.020922,6.61613e-05,100000
gamma,0.3,Si,2.0,0.00414131,0.0224466,7.09825e-05,100000
gamma,0.4,Si,0.5,0.00125365,0.01433,4.53153e-05,100000
gamma,0.4,Si,0.75,0.0018794,0.0178292,5.63807e-05,100000
gamma,0.4,Si,1.0,0.00258768,0.020994,6.6389e-05,100000
gamma,0.4,Si,1.25,0.00344879,0.0243554,7.70186e-05,100000
gamma,0.4,Si,1.5,0.00379093,0.0253871,8.0281e-05,100000
gamma,0.4,Si,1.75,0.0046469,0.0283359,8.96059e-05,100000
gamma,0.4,Si,2.0,0.0054773,0.0310064,9.80507e-05,100000
gamma,0.5,Si,0.5,0.00144485,0.0172818,5.46499e-05,100000
gamma,0.5,Si,0.75,0.00236136,0.0228958,7.24028e-05,100000
gamma,0.5,Si,1.0,0.00326965,0.0273186,8.63889e-05,100000
gamma,0.5,Si,1.25,0.00408273,0.0306586,9.69512e-05,100000
gamma,0.5,Si,1.5,0.00508401,0.0342126,0.00010819,100000
gamma,0.5,Si,1.75,0.00600919,0.0373605,0.000118144,100000
gamma,0.5,Si,2.0,0.0067323,0.0396664,0.000125436,100000
gamma,0.6,Si,0.5,0.00153849,0.0196591,6.21677e-05,100000
gamma,0.6,Si,0.75,0.00246359,0.0258582,8.1771e-05,100000
gamma,0.6,Si,1.0,0.00363326,0.0317807,0.0001005,100000
gamma,0.6,Si,1.25,0.00445163,0.0354694,0.000112164,100000
gamma,0.6,Si,1.5,0.00557552,0.0402651,0.000127329,100000
gamma,0.6,Si,1.75,0.0067873,0.0444988,0.000140718,100000
gamma,0.6,Si,2.0,0.00782294,0.0481399,0.000152232,100000
gamma,0.7,Si,0.5,0.00153363,0.0210134,6.64501e-05,100000
gamma,0.7,Si,0.75,0.00273661,0.0293728,9.28849e-05,100000
gamma,0.7,Si,1.0,0.00399118,0.0367944,0.000116354,100000
gamma,0.7,Si,1.25,0.00512042,0.041877,0.000132427,100000
gamma,0.7,Si,1.5,0.00631671,0.047065,0.000148832,100000
gamma,0.7,Si,1.75,0.00747873,0.0512692,0.000162127,100000
gamma,0.7,Si,2.0,0.00897855,0.0564401,0.000178479,100000
gamma,0.7999999999999999,Si,0.5,0.00153425,0.0219097,6.92844e-05,100000
gamma,0.7999999999999999,Si,0.75,0.00273697,0.0313953,9.92807e-05,100000
gamma,0.7999999999999999,Si,1.0,0.00391893,0.0387644,0.000122584,100000
gamma,0.7999999999999999,Si,1.25,0.00541522,0.0462749,0.000146334,100000
gamma,0.7999999999999999,Si,1.5,0.00672037,0.0522176,0.000165127,100000
gamma,0.7999999999999999,Si,1.75,0.00824193,0.0580758,0.000183652,100000
gamma,0.7999999999999999,Si,2.0,0.00957263,0.0628456,0.000198735,100000
gamma,0.8999999999999999,Si,0.5,0.00149625,0.0221054,6.99034e-05,100000
gamma,0.8999999999999999,Si,0.75,0.00268445,0.0316961,0.000100232,100000
gamma,0.8999999999999999,Si,1.0,0.00435049,0.0430608,0.00013617,100000
gamma,0.8999999999999999,Si,1.25,0.00555511,0.0500745,0.000158349,100000
gamma,0.8999999999999999,Si,1.5,0.00759907,0.0590139,0.000186618,100000
gamma,0.8999999999999999,Si,1.75,0.00889483,0.064699,0.000204596,100000
gamma,0.8999999999999999,Si,2.0,0.00983053,0.0682213,0.000215735,100000
gamma,0.9999999999999999,Si,0.5,0.0012081,0.0190856,6.0354e-05,100000
gamma,0.9999999999999999,Si,0.75,0.00273072,0.0330804,0.000104609,100000
gamma,0.9999999999999999,Si,1.0,0.00409085,0.0427746,0.000135265,100000
gamma,0.9999999999999999,Si,1.25,0.00581736,0.0534727,0.000169096,100000
gamma,0.9999999999999999,Si,1.5,0.00762907,0.0624366,0.000197442,100000
gamma,0.9999999999999999,Si,1.75,0.00914187,0.068798,0.000217558,100000
gamma,0.9999999999999999,Si,2.0,0.0105721,0.0747035,0.000236233,100000
gamma,1.0999999999999999,Si,0.5,0.00107447,0.0181084,5.72639e-05,100000
gamma,1.0999999999999999,Si,0.75,0.0027632,0.0347097,0.000109762,100000
gamma,1.0999999999999999,Si,1.0,0.00420989,0.0457042,0.00014453,100000
gamma,1.0999999999999999,Si,1.25,0.00572736,0.055866,0.000176664,100000
gamma,1.0999999999999999,Si,1.5,0.00755065,0.0643224,0.000203405,100000
gamma,1.0999999999999999,Si,1.75,0.00956447,0.0745099,0.000235621,100000
gamma,1.0999999999999999,Si,2.0,0.0111974,0.0816779,0.000258288,100000
gamma,1.2,Si,0.5,0.00118342,0.0191523,6.05649e-05,100000
gamma,1.2,Si,0.75,0.00266833,0.0347216,0.000109799,100000
gamma,1.2,Si,1.0,0.00403756,0.0456177,0.000144256,100000
gamma,1.2,Si,1.25,0.00585128,0.0566941,0.000179282,100000
gamma,1.2,Si,1.5,0.00743679,0.0669792,0.000211807,100000
gamma,1.2,Si,1.75,0.00963476,0.0770618,0.000243691,100000
gamma,1.2,Si,2.0,0.0110375,0.0838967,0.000265305,100000
gamma,1.3,Si,0.5,0.00116063,0.0196043,6.19943e-05,100000
gamma,1.3,Si,0.75,0.00250002,0.0336885,0.000106532,100000
gamma,1.3,Si,1.0,0.00397147,0.0453624,0.000143449,100000
gamma,1.3,Si,1.25,0.00574385,0.0584233,0.000184751,100000
gamma,1.3,Si,1.5,0.00767948,0.0696431,0.000220231,100000
gamma,1.3,Si,1.75,0.00974886,0.0800183,0.00025304,100000
gamma,1.3,Si,2.0,0.0116496,0.0899212,0.000284356,100000
gamma,1.4,Si,0.5,0.00110971,0.018617,5.88721e-05,100000
gamma,1.4,Si,0.75,0.00237534,0.0329092,0.000104068,100000
gamma,1.4,Si,1.0,0.00363807,0.0436555,0.000138051,100000
gamma,1.4,Si,1.25,0.00547168,0.0575798,0.000182083,100000
gamma,1.4,Si,1.5,0.00837881,0.0756577,0.000239251,100000
gamma,1.4,Si,1.75,0.00969768,0.0825094,0.000260918,100000
gamma,1.4,Si,2.0,0.012429,0.0956763,0.000302555,100000
gamma,1.5,Si,0.5,0.000923909,0.0168318,5.32267e-05,100000
gamma,1.5,Si,0.75,0.0022272,0.0310623,9.82277e-05,100000
gamma,1.5,Si,1.0,0.00371278,0.0452781,0.000143182,100000
gamma,1.5,Si,1.25,0.00529055,0.0563384,0.000178158,100000
gamma,1.5,Si,1.5,0.00760739,0.0721962,0.000228305,100000
gamma,1.5,Si,1.75,0.00961374,0.0846096,0.000267559,100000
gamma,1.5,Si,2.0,0.0112842,0.093045,0.000294234,100000
gamma,1.5999999999999999,Si,0.5,0.000932712,0.0175021,5.53466e-05,100000
gamma,1.5999999999999999,Si,0.75,0.00216475,0.031237,9.87801e-05,100000
gamma,1.5999999999999999,Si,1.0,0.00352365,0.0443311,0.000140187,100000
gamma,1.5999999999999999,Si,1.25,0.00548595,0.059563,0.000188355,100000
gamma,1.5999999999999999,Si,1.5,0.00765912,0.0744059,0.000235292,100000
gamma,1.5999999999999999,Si,1.75,0.00932065,0.0843915,0.000266869,100000
gamma,1.5999999999999999,Si,2.0,0.0114676,0.0958228,0.000303018,100000
gamma,1.7,Si,0.5,0.000915292,0.0173688,5.4925e-05,100000
gamma,1.7,Si,0.75,0.00166843,0.0272729,8.62444e-05,100000
gamma,1.7,Si,1.0,0.00324123,0.0420543,0.000132987,100000
gamma,1.7,Si,1.25,0.00557112,0.0611381,0.000193336,100000
gamma,1.7,Si,1.5,0.00741603,0.0742093,0.00023467,100000
gamma,1.7,Si,1.75,0.00939543,0.0847244,0.000267922,100000
gamma,1.7,Si,2.0,0.0114745,0.0977425,0.000309089,100000
gamma,1.8,Si,0.5,0.00086651,0.0178714,5.65144e-05,100000
gamma,1.8,Si,0.75,0.00186268,0.027756,8.77722e-05,100000
gamma,1.8,Si,1.0,0.00330397,0.0427637,0.000135231,100000
gamma,1.8,Si,1.25,0.00503061,0.0576572,0.000182328,100000
gamma,1.8,Si,1.5,0.00723809,0.0729506,0.00023069,100000
gamma,1.8,Si,1.75,0.00860751,0.0828334,0.000261942,100000
gamma,1.8,Si,2.0,0.0115665,0.099465,0.000314536,100000
gamma,1.9,Si,0.5,0.000916908,0.0175317,5.54402e-05,100000
gamma,1.9,Si,0.75,0.00182755,0.0281076,8.88841e-05,100000
gamma,1.9,Si,1.0,0.00334665,0.0438148,0.000138554,100000
gamma,1.9,Si,1.25,0.0049596,0.0576847,0.000182415,100000
gamma,1.9,Si,1.5,0.00656742,0.0701678,0.00022189,100000
gamma,1.9,Si,1.75,0.00884386,0.0850528,0.000268961,100000
gamma,1.9,Si,2.0,0.0115313,0.100002,0.000316234,100000
gamma,2.0,Si,0.5,0.000867554,0.0169986,5.37542e-05,100000
gamma,2.0,Si,0.75,0.00177636,0.0282863,8.94492e-05,100000
gamma,2.0,Si,1.0,0.00312971,0.0423692,0.000133983,100000
gamma,2.0,Si,1.25,0.0048428,0.056687,0.00017926,100000
gamma,2.0,Si,1.5,0.00672154,0.0712002,0.000225155,100000
gamma,2.0,Si,1.75,0.00896705,0.0855985,0.000270686,100000
gamma,2.0,Si,2.0,0.011453,0.101858,0.000322104,100000
gamma,2.0999999999999996,Si,0.5,0.000842879,0.0156224,4.94023e-05,100000
gamma,2.0999999999999996,Si,0.75,0.00167419,0.0274583,8.68309e-05,100000
gamma,2.0999999999999996,Si,1.0,0.00299025,0.041815,0.000132231,100000
gamma,2.0999999999999996,Si,1.25,0.00488734,0.0585102,0.000185025,100000
gamma,2.0999999999999996,Si,1.5,0.00710559,0.0741955,0.000234627,100000
gamma,2.0999999999999996,Si,1.75,0.00889475,0.0879513,0.000278126,100000
gamma,2.0999999999999996,Si,2.0,0.0110715,0.101429,0.000320746,100000
gamma,2.1999999999999997,Si,0.5,0.000658972,0.0138964,4.39442e-05,100000
gamma,2.1999999999999997,Si,0.75,0.00169668,0.0277823,8.78553e-05,100000
gamma,2.1999999999999997,Si,1.0,0.00292076,0.0412372,0.000130403,100000
gamma,2.1999999999999997,Si,1.25,0.00412804,0.0504096,0.000159409,100000
gamma,2.1999999999999997,Si,1.5,0.00591384,0.0674727,0.000213367,100000
gamma,2.1999999999999997,Si,1.75,0.00864058,0.0852332,0.000269531,100000
gamma,2.1999999999999997,Si,2.0,0.0112527,0.103144,0.00032617,100000
gamma,2.3,Si,0.5,0.00069657,0.0148296,4.68953e-05,100000
gamma,2.3,Si,0.75,0.00170697,0.0281252,8.89397e-05,100000
gamma,2.3,Si,1.0,0.00269584,0.039425,0.000124673,100000
gamma,2.3,Si,1.25,0.00461325,0.0566035,0.000178996,100000
gamma,2.3,Si,1.5,0.00616951,0.0690556,0.000218373,100000
gamma,2.3,Si,1.75,0.00844201,0.0861903,0.000272558,100000
gamma,2.3,Si,2.0,0.0113073,0.102965,0.000325605,100000
gamma,2.4,Si,0.5,0.000763753,0.0155332,4.91202e-05,100000
gamma,2.4,Si,0.75,0.00136578,0.0237043,7.49597e-05,100000
gamma,2.4,Si,1.0,0.00276137,0.0388511,0.000122858,100000
gamma,2.4,Si,1.25,0.00435968,0.0530379,0.000167721,100000
gamma,2.4,Si,1.5,0.0067119,0.0730006,0.000230848,100000
gamma,2.4,Si,1.75,0.00847897,0.0865835,0.000273801,100000
gamma,2.4,Si,2.0,0.0102543,0.0980858,0.000310175,100000
gamma,2.5,Si,0.5,0.00060406,0.0134681,4.25897e-05,100000
gamma,2.5,Si,0.75,0.00153648,0.0269127,8.51053e-05,100000
gamma,2.5,Si,1.0,0.00274388,0.0399782,0.000126422,100000
gamma,2.5,Si,1.25,0.00417065,0.0531668,0.000168128,100000
gamma,2.5,Si,1.5,0.00600755,0.0689138,0.000217925,100000
gamma,2.5,Si,1.75,0.00793805,0.0829742,0.000262388,100000
gamma,2.5,Si,2.0,0.010207,0.0991095,0.000313412,100000
gamma,2.6,Si,0.5,0.000670996,0.0154465,4.88462e-05,100000
gamma,2.6,Si,0.75,0.00148569,0.0261839,8.28008e-05,100000
gamma,2.6,Si,1.0,0.00267222,0.0390867,0.000123603,100000
gamma,2.6,Si,1.25,0.0040911,0.0528789,0.000167218,100000
gamma,2.6,Si,1.5,0.00594294,0.0671313,0.000212288,100000
gamma,2.6,Si,1.75,0.00818855,0.0856346,0.0002708,100000
gamma,2.6,Si,2.0,0.00972343,0.0970105,0.000306774,100000
gamma,2.6999999999999997,Si,0.5,0.000645875,0.0135688,4.29083e-05,100000
gamma,2.6999999999999997,Si,0.75,0.00137875,0.024912,7.87785e-05,100000
gamma,2.6999999999999997,Si,1.0,0.00252772,0.036058,0.000114026,100000
gamma,2.6999999999999997,Si,1.25,0.00393347,0.0509814,0.000161217,100000
gamma,2.6999999999999997,Si,1.5,0.00586838,0.068205,0.000215683,100000
gamma,2.6999999999999997,Si,1.75,0.00771663,0.0832554,0.000263277,100000
gamma,2.6999999999999997,Si,2.0,0.0099744,0.0986499,0.000311958,100000
gamma,2.8,Si,0.5,0.000653875,0.0135587,4.28765e-05,100000
gamma,2.8,Si,0.75,0.00144253,0.0258242,8.16633e-05,100000
gamma,2.8,Si,1.0,0.00272763,0.0396631,0.000125426,100000
gamma,2.8,Si,1.25,0.00389077,0.0520289,0.00016453,100000
gamma,2.8,Si,1.5,0.00517958,0.0609992,0.000192896,100000
gamma,2.8,Si,1.75,0.00801291,0.0858187,0.000271383,100000
gamma,2.8,Si,2.0,0.00957704,0.0993161,0.000314065,100000
gamma,2.9,Si,0.5,0.000522541,0.0125283,3.96179e-05,100000
gamma,2.9,Si,0.75,0.00139229,0.0237484,7.50991e-05,100000
gamma,2.9,Si,1.0,0.00264586,0.0383684,0.000121332,100000
gamma,2.9,Si,1.25,0.00378657,0.050463,0.000159578,100000
gamma,2.9,Si,1.5,0.00588513,0.0698719,0.000220954,100000
gamma,2.9,Si,1.75,0.00741508,0.081917,0.000259044,100000
gamma,2.9,Si,2.0,0.00904845,0.0946522,0.000299317,100000
gamma,3.0,Si,0.5,0.000576064,0.0120102,3.79795e-05,100000
gamma,3.0,Si,0.75,0.00145034,0.0255658,8.08461e-05,100000
gamma,3.0,Si,1.0,0.00243172,0.0380435,0.000120304,100000
gamma,3.0,Si,1.25,0.00392758,0.05257,0.000166241,100000
gamma,3.0,Si,1.5,0.00543566,0.0656791,0.000207696,100000
gamma,3.0,Si,1.75,0.00711481,0.0791147,0.000250183,100000
gamma,3.0,Si,2.0,0.00976021,0.0978803,0.000309525,100000
gamma,3.0999999999999996,Si,0.5,0.000565916,0.0131999,4.17417e-05,100000
gamma,3.0999999999999996,Si,0.75,0.00136286,0.0240556,7.60706e-05,100000
gamma,3.0999999999999996,Si,1.0,0.00241732,0.0373801,0.000118206,100000
gamma,3.0999999999999996,Si,1.25,0.00368443,0.0509063,0.00016098,100000
gamma,3.0999999999999996,Si,1.5,0.00537636,0.0659497,0.000208551,100000
gamma,3.0999999999999996,Si,1.75,0.00673388,0.0779195,0.000246403,100000
gamma,3.0999999999999996,Si,2.0,0.00953942,0.0981849,0.000310488,100000
gamma,3.1999999999999997,Si,0.5,0.000612977,0.0140429,4.44074e-05,100000
gamma,3.1999999999999997,Si,0.75,0.00135389,0.0247591,7.82952e-05,100000
gamma,3.1999999999999997,Si,1.0,0.00227066,0.0347774,0.000109976,100000
gamma,3.1999999999999997,Si,1.25,0.00350783,0.0508317,0.000160744,100000
gamma,3.1999999999999997,Si,1.5,0.00543647,0.0676613,0.000213964,100000
gamma,3.1999999999999997,Si,1.75,0.00682823,0.0785145,0.000248285,100000
gamma,3.1999999999999997,Si,2.0,0.00955754,0.0984345,0.000311277,100000
gamma,3.3,Si,0.5,0.000521304,0.012148,3.84152e-05,100000
gamma,3.3,Si,0.75,0.00116666,0.0221192,6.99472e-05,100000
gamma,3.3,Si,1.0,0.00233095,0.0368739,0.000116606,100000
gamma,3.3,Si,1.25,0.00339409,0.0488144,0.000154365,100000
gamma,3.3,Si,1.5,0.00526106,0.0649869,0.000205507,100000
gamma,3.3,Si,1.75,0.00686096,0.0799592,0.000252853,100000
gamma,3.3,Si,2.0,0.00892986,0.0948364,0.000299899,100000
gamma,3.4,Si,0.5,0.000501904,0.0118296,3.74086e-05,100000
gamma,3.4,Si,0.75,0.00137393,0.0251071,7.93957e-05,100000
gamma,3.4,Si,1.0,0.0021483,0.0366664,0.000115949,100000
gamma,3.4,Si,1.25,0.0035962,0.0489687,0.000154853,100000
gamma,3.4,Si,1.5,0.00478343,0.0629473,0.000199057,100000
gamma,3.4,Si,1.75,0.00662966,0.0785806,0.000248494,100000
gamma,3.4,Si,2.0,0.00887523,0.0950312,0.000300515,100000
gamma,3.5,Si,0.5,0.000494674,0.0125639,3.97305e-05,100000
gamma,3.5,Si,0.75,0.00122361,0.023689,7.49113e-05,100000
gamma,3.5,Si,1.0,0.00224492,0.0367645,0.00011626,100000
gamma,3.5,Si,1.25,0.0033879,0.0489379,0.000154755,100000
gamma,3.5,Si,1.5,0.00477365,0.0609937,0.000192879,100000
gamma,3.5,Si,1.75,0.00702831,0.0815761,0.000257966,100000
gamma,3.5,Si,2.0,0.00880938,0.0929797,0.000294027,100000
gamma,3.5999999999999996,Si,0.5,0.000607638,0.0142883,4.51837e-05,100000
gamma,3.5999999999999996,Si,0.75,0.00138946,0.0247695,7.83281e-05,100000
gamma,3.5999999999999996,Si,1.0,0.00214714,0.0361445,0.000114299,100000
gamma,3.5999999999999996,Si,1.25,0.00345732,0.0491699,0.000155489,100000
gamma,3.5999999999999996,Si,1.5,0.00500893,0.0668826,0.000211501,100000
gamma,3.5999999999999996,Si,1.75,0.00651307,0.0767203,0.000242611,100000
gamma,3.5999999999999996,Si,2.0,0.00913879,0.0990757,0.000313305,100000
gamma,3.6999999999999997,Si,0.5,0.000622015,0.0143293,4.53133e-05,100000
gamma,3.6999999999999997,Si,0.75,0.00110486,0.0218626,6.91356e-05,100000
gamma,3.6999999999999997,Si,1.0,0.00232155,0.0350911,0.000110968,100000
gamma,3.6999999999999997,Si,1.25,0.00323488,0.0450862,0.000142575,100000
gamma,3.6999999999999997,Si,1.5,0.00479959,0.0625242,0.000197719,100000
gamma,3.6999999999999997,Si,1.75,0.00615051,0.0740807,0.000234264,100000
gamma,3.6999999999999997,Si,2.0,0.00918491,0.0994318,0.000314431,100000
gamma,3.8,Si,0.5,0.000436215,0.0107747,3.40726e-05,100000
gamma,3.8,Si,0.75,0.00115208,0.0221253,6.99664e-05,100000
gamma,3.8,Si,1.0,0.00201844,0.0325494,0.00010293,100000
gamma,3.8,Si,1.25,0.00342111,0.047965,0.000151678,100000
gamma,3.8,Si,1.5,0.00463315,0.0603945,0.000190984,100000
gamma,3.8,Si,1.75,0.00645014,0.0778817,0.000246284,100000
gamma,3.8,Si,2.0,0.00849581,0.0949598,0.000300289,100000
gamma,3.9,Si,0.5,0.000517437,0.0128857,4.07482e-05,100000
gamma,3.9,Si,0.75,0.00111444,0.0220244,6.96473e-05,100000
gamma,3.9,Si,1.0,0.0019387,0.0321242,0.000101585,100000
gamma,3.9,Si,1.25,0.00367929,0.0526498,0.000166493,100000
gamma,3.9,Si,1.5,0.00455334,0.0605523,0.000191483,100000
gamma,3.9,Si,1.75,0.00643537,0.0779917,0.000246631,100000
gamma,3.9,Si,2.0,0.0082319,0.0954845,0.000301949,100000
gamma,3.9999999999999996,Si,0.5,0.00052389,0.0124473,3.93617e-05,100000
gamma,3.9999999999999996,Si,0.75,0.00124295,0.0232024,7.33723e-05,100000
gamma,3.9999999999999996,Si,1.0,0.00213479,0.0352044,0.000111326,100000
gamma,3.9999999999999996,Si,1.25,0.00303518,0.0440599,0.00013933,100000
gamma,3.9999999999999996,Si,1.5,0.00478421,0.0651692,0.000206083,100000
gamma,3.9999999999999996,Si,1.75,0.00609033,0.075636,0.000239182,100000
gamma,3.9999999999999996,Si,2.0,0.00827662,0.0930506,0.000294252,100000
gamma,4.1,Si,0.5,0.000534413,0.0134082,4.24004e-05,100000
gamma,4.1,Si,0.75,0.00121638,0.0234666,7.42078e-05,100000
gamma,4.1,Si,1.0,0.00185413,0.0311666,9.85573e-05,100000
gamma,4.1,Si,1.25,0.00316303,0.0463502,0.000146572,100000
gamma,4.1,Si,1.5,0.00435578,0.0595619,0.000188351,100000
gamma,4.1,Si,1.75,0.0062405,0.0787746,0.000249107,100000
gamma,4.1,Si,2.0,0.00848421,0.0955189,0.000302057,100000
gamma,4.199999999999999,Si,0.5,0.000522286,0.0123288,3.8987e-05,100000
gamma,4.199999999999999,Si,0.75,0.00111441,0.0215573,6.81703e-05,100000
gamma,4.199999999999999,Si,1.0,0.00190249,0.0320607,0.000101385,100000
gamma,4.199999999999999,Si,1.25,0.00301702,0.0474667,0.000150103,100000
gamma,4.199999999999999,Si,1.5,0.00464,0.0617813,0.00019537,100000
gamma,4.199999999999999,Si,1.75,0.0062672,0.076771,0.000242771,100000
gamma,4.199999999999999,Si,2.0,0.00855654,0.0977725,0.000309184,100000
gamma,4.299999999999999,Si,0.5,0.000576853,0.0131036,4.14371e-05,100000
gamma,4.299999999999999,Si,0.75,0.00115368,0.0220324,6.96724e-05,100000
gamma,4.299999999999999,Si,1.0,0.00203866,0.0348908,0.000110335,100000
gamma,4.299999999999999,Si,1.25,0.00337416,0.0491514,0.00015543,100000
gamma,4.299999999999999,Si,1.5,0.00447159,0.0608668,0.000192478,100000
gamma,4.299999999999999,Si,1.75,0.00612735,0.0748747,0.000236775,100000
gamma,4.299999999999999,Si,2.0,0.0085488,0.0964119,0.000304881,100000
gamma,4.3999999999999995,Si,0.5,0.000581432,0.0141168,4.46412e-05,100000
gamma,4.3999999999999995,Si,0.75,0.000974346,0.0202864,6.41513e-05,100000
gamma,4.3999999999999995,Si,1.0,0.00206926,0.0331773,0.000104916,100000
gamma,4.3999999999999995,Si,1.25,0.00323346,0.048425,0.000153133,100000
gamma,4.3999999999999995,Si,1.5,0.00438296,0.0578411,0.00018291,100000
gamma,4.3999999999999995,Si,1.75,0.00617541,0.0760672,0.000240545,100000
gamma,4.3999999999999995,Si,2.0,0.00834117,0.0943741,0.000298437,100000
gamma,4.499999999999999,Si,0.5,0.000436185,0.0112398,3.55435e-05,100000
gamma,4.499999999999999,Si,0.75,0.0011777,0.0216228,6.83772e-05,100000
gamma,4.499999999999999,Si,1.0,0.00181533,0.0320017,0.000101198,100000
gamma,4.499999999999999,Si,1.25,0.00300084,0.0444612,0.000140599,100000
gamma,4.499999999999999,Si,1.5,0.00465732,0.0614012,0.000194168,100000
gamma,4.499999999999999,Si,1.75,0.00580343,0.074274,0.000234875,100000
gamma,4.499999999999999,Si,2.0,0.00814179,0.0917891,0.000290262,100000
gamma,4.6,Si,0.5,0.000436281,0.0107334,3.39419e-05,100000
gamma,4.6,Si,0.75,0.00106439,0.0222565,7.03812e-05,100000
gamma,4.6,Si,1.0,0.00193266,0.0340567,0.000107697,100000
gamma,4.6,Si,1.25,0.00299859,0.045402,0.000143574,100000
gamma,4.6,Si,1.5,0.00437871,0.0591798,0.000187143,100000
gamma,4.6,Si,1.75,0.00625054,0.078708,0.000248897,100000
gamma,4.6,Si,2.0,0.00797556,0.0943178,0.000298259,100000
gamma,4.699999999999999,Si,0.5,0.000528436,0.0137332,4.34281e-05,100000
gamma,4.699999999999999,Si,0.75,0.00110781,0.0217814,6.88789e-05,100000
gamma,4.699999999999999,Si,1.0,0.00180202,0.0326242,0.000103167,100000
gamma,4.699999999999999,Si,1.25,0.00323194,0.0472439,0.000149398,100000
gamma,4.699999999999999,Si,1.5,0.0041041,0.0570115,0.000180286,100000
gamma,4.699999999999999,Si,1.75,0.00623994,0.0771623,0.000244009,100000
gamma,4.699999999999999,Si,2.0,0.00793469,0.0929002,0.000293776,100000
gamma,4.799999999999999,Si,0.5,0.000455105,0.0113462,3.58797e-05,100000
gamma,4.799999999999999,Si,0.75,0.000960598,0.0191402,6.05265e-05,100000
gamma,4.799999999999999,Si,1.0,0.00215611,0.0371083,0.000117347,100000
gamma,4.799999999999999,Si,1.25,0.00293062,0.0440688,0.000139358,100000
gamma,4.799999999999999,Si,1.5,0.00444169,0.0613034,0.000193858,100000
gamma,4.799999999999999,Si,1.75,0.00574085,0.0720747,0.00022792,100000
gamma,4.799999999999999,Si,2.0,0.00786538,0.0944063,0.000298539,100000
gamma,4.8999999999999995,Si,0.5,0.000464455,0.0118724,3.75437e-05,100000
gamma,4.8999999999999995,Si,0.75,0.00109458,0.0223282,7.06079e-05,100000
gamma,4.8999999999999995,Si,1.0,0.00203123,0.0343843,0.000108733,100000
gamma,4.8999999999999995,Si,1.25,0.00302444,0.0450147,0.000142349,100000
gamma,4.8999999999999995,Si,1.5,0.00416403,0.0566166,0.000179038,100000
gamma,4.8999999999999995,Si,1.75,0.00625551,0.0771899,0.000244096,100000
gamma,4.8999999999999995,Si,2.0,0.00795767,0.0951,0.000300733,100000
gamma,4.999999999999999,Si,0.5,0.000448368,0.011702,3.70049e-05,100000
gamma,4.999999999999999,Si,0.75,0.000980542,0.0195938,6.19612e-05,100000
gamma,4.999999999999999,Si,1.0,0.00205342,0.0360373,0.00011396,100000
gamma,4.999999999999999,Si,1.25,0.00328196,0.0499372,0.000157915,100000
gamma,4.999999999999999,Si,1.5,0.00446327,0.0605767,0.00019156,100000
gamma,4.999999999999999,Si,1.75,0.00608869,0.0760324,0.000240435,100000
gamma,4.999999999999999,Si,2.0,0.00741026,0.0882662,0.000279122,100000
gamma,5.1,Si,0.5,0.000505418,0.0123352,3.90074e-05,100000
gamma,5.1,Si,0.75,0.00109034,0.0235966,7.4619e-05,100000
gamma,5.1,Si,1.0,0.00204087,0.035011,0.000110715,100000
gamma,5.1,Si,1.25,0.00296617,0.0471269,0.000149028,100000
gamma,5.1,Si,1.5,0.0045865,0.0618047,0.000195444,100000
gamma,5.1,Si,1.75,0.00592123,0.0736773,0.000232988,100000
gamma,5.1,Si,2.0,0.00774418,0.0908498,0.000287292,100000
gamma,5.199999999999999,Si,0.5,0.000441439,0.0112366,3.55334e-05,100000
gamma,5.199999999999999,Si,0.75,0.00100027,0.0194604,6.15391e-05,100000
gamma,5.199999999999999,Si,1.0,0.00170349,0.0292144,9.2384e-05,100000
gamma,5.199999999999999,Si,1.25,0.00281744,0.0441435,0.000139594,100000
gamma,5.199999999999999,Si,1.5,0.00419577,0.0587813,0.000185883,100000
gamma,5.199999999999999,Si,1.75,0.00554018,0.0699331,0.000221148,100000
gamma,5.199999999999999,Si,2.0,0.00795716,0.0945216,0.000298903,100000
gamma,5.299999999999999,Si,0.5,0.000479885,0.0114579,3.62332e-05,100000
gamma,5.299999999999999,Si,0.75,0.00107877,0.0219231,6.93268e-05,100000
gamma,5.299999999999999,Si,1.0,0.00205404,0.0350079,0.000110705,100000
gamma,5.299999999999999,Si,1.25,0.00284282,0.0432162,0.000136662,100000
gamma,5.299999999999999,Si,1.5,0.00435816,0.0603604,0.000190876,100000
gamma,5.299999999999999,Si,1.75,0.00602944,0.0791032,0.000250146,100000
gamma,5.299999999999999,Si,2.0,0.00719819,0.085988,0.000271918,100000
gamma,5.3999999999999995,Si,0.5,0.000413916,0.0102102,3.22875e-05,100000
gamma,5.3999999999999995,Si,0.75,0.00103666,0.0203339,6.43013e-05,100000
gamma,5.3999999999999995,Si,1.0,0.00197171,0.035031,0.000110778,100000
gamma,5.3999999999999995,Si,1.25,0.0028207,0.0430208,0.000136044,100000
gamma,5.3999999999999995,Si,1.5,0.00394036,0.0574265,0.000181599,100000
gamma,5.3999999999999995,Si,1.75,0.00584469,0.0743697,0.000235178,100000
gamma,5.3999999999999995,Si,2.0,0.0074888,0.0885887,0.000280142,100000
gamma,5.499999999999999,Si,0.5,0.000444391,0.0103585,3.27564e-05,100000
gamma,5.499999999999999,Si,0.75,0.00115446,0.0224508,7.09956e-05,100000
gamma,5.499999999999999,Si,1.0,0.00176938,0.0314598,9.94847e-05,100000
gamma,5.499999999999999,Si,1.25,0.00296449,0.0441269,0.000139541,100000
gamma,5.499999999999999,Si,1.5,0.00444934,0.0611831,0.000193478,100000
gamma,5.499999999999999,Si,1.75,0.00590544,0.0763049,0.000241297,100000
gamma,5.499999999999999,Si,2.0,0.00747696,0.0892138,0.000282119,100000
gamma,5.599999999999999,Si,0.5,0.000487397,0.0131269,4.1511e-05,100000
gamma,5.599999999999999,Si,0.75,0.00100002,0.0211391,6.68476e-05,100000
gamma,5.599999999999999,Si,1.0,0.00196465,0.0330967,0.000104661,100000
gamma,5.599999999999999,Si,1.25,0.00298201,0.0466922,0.000147654,100000
gamma,5.599999999999999,Si,1.5,0.00443902,0.0617153,0.000195161,100000
gamma,5.599999999999999,Si,1.75,0.0057824,0.0741543,0.000234496,100000
gamma,5.599999999999999,Si,2.0,0.00760188,0.0941726,0.0002978,100000
gamma,5.699999999999999,Si,0.5,0.000430096,0.0104426,3.30226e-05,100000
gamma,5.699999999999999,Si,0.75,0.00104897,0.0213771,6.76004e-05,100000
gamma,5.699999999999999,Si,1.0,0.00182734,0.0329148,0.000104086,100000
gamma,5.699999999999999,Si,1.25,0.00299056,0.0449031,0.000141996,100000
gamma,5.699999999999999,Si,1.5,0.00409482,0.057393,0.000181492,100000
gamma,5.699999999999999,Si,1.75,0.00528605,0.0709244,0.000224283,100000
gamma,5.699999999999999,Si,2.0,0.00761093,0.0898978,0.000284282,100000
gamma,5.799999999999999,Si,0.5,0.00047918,0.0124671,3.94243e-05,100000
gamma,5.799999999999999,Si,0.75,0.000908054,0.0180992,5.72348e-05,100000
gamma,5.799999999999999,Si,1.0,0.00177828,0.0314757,9.95349e-05,100000
gamma,5.799999999999999,Si,1.25,0.0030027,0.0457491,0.000144671,100000
gamma,5.799999999999999,Si,1.5,0.0039962,0.0545662,0.000172553,100000
gamma,5.799999999999999,Si,1.75,0.00567005,0.0743037,0.000234969,100000
gamma,5.799999999999999,Si,2.0,0.00719373,0.0852997,0.000269741,100000
gamma,5.8999999999999995,Si,0.5,0.000478431,0.0116462,3.68285e-05,100000
gamma,5.8999999999999995,Si,0.75,0.00102245,0.0205155,6.48758e-05,100000
gamma,5.8999999999999995,Si,1.0,0.00188524,0.0330748,0.000104592,100000
gamma,5.8999999999999995,Si,1.25,0.00274489,0.0433234,0.000137001,100000
gamma,5.8999999999999995,Si,1.5,0.00375409,0.0529954,0.000167586,100000
gamma,5.8999999999999995,Si,1.75,0.00563874,0.0740417,0.00023414,100000
gamma,5.8999999999999995,Si,2.0,0.00760347,0.0916299,0.000289759,100000
gamma,5.999999999999999,Si,0.5,0.000421922,0.0109478,3.46201e-05,100000
gamma,5.999999999999999,Si,0.75,0.00104215,0.0206313,6.5242e-05,100000
gamma,5.999999999999999,Si,1.0,0.00189808,0.0330987,0.000104667,100000
gamma,5.999999999999999,Si,1.25,0.00303838,0.0469587,0.000148497,100000
gamma,5.999999999999999,Si,1.5,0.00386216,0.054992,0.0001739,100000
gamma,5.999999999999999,Si,1.75,0.00540267,0.0670962,0.000212177,100000
gamma,5.999999999999999,Si,2.0,0.00768327,0.0896596,0.000283528,100000
gamma,6.099999999999999,Si,0.5,0.000460266,0.0119914,3.79201e-05,100000
gamma,6.099999999999999,Si,0.75,0.00103684,0.0205966,6.51323e-05,100000
gamma,6.099999999999999,Si,1.0,0.00180084,0.0329123,0.000104078,100000
gamma,6.099999999999999,Si,1.25,0.00291734,0.0452068,0.000142956,100000
gamma,6.099999999999999,Si,1.5,0.00414545,0.0588072,0.000185965,100000
gamma,6.099999999999999,Si,1.75,0.00503995,0.066776,0.000211164,100000
gamma,6.099999999999999,Si,2.0,0.00722227,0.0893003,0.000282392,100000
gamma,6.199999999999999,Si,0.5,0.00041945,0.0100721,3.18508e-05,100000
gamma,6.199999999999999,Si,0.75,0.000990888,0.020298,6.41878e-05,100000
gamma,6.199999999999999,Si,1.0,0.00165848,0.0310331,9.81353e-05,100000
gamma,6.199999999999999,Si,1.25,0.00275679,0.0461528,0.000145948,100000
gamma,6.199999999999999,Si,1.5,0.00409854,0.0602522,0.000190534,100000
gamma,6.199999999999999,Si,1.75,0.00558247,0.0737349,0.00023317,100000
gamma,6.199999999999999,Si,2.0,0.0067606,0.0833925,0.00026371,100000
gamma,6.299999999999999,Si,0.5,0.000466766,0.0113716,3.59603e-05,100000
gamma,6.299999999999999,Si,0.75,0.00101411,0.0208937,6.60718e-05,100000
gamma,6.299999999999999,Si,1.0,0.00177644,0.0334263,0.000105703,100000
gamma,6.299999999999999,Si,1.25,0.00280504,0.0447212,0.000141421,100000
gamma,6.299999999999999,Si,1.5,0.00387941,0.0559461,0.000176917,100000
gamma,6.299999999999999,Si,1.75,0.00561579,0.0740566,0.000234187,100000
gamma,6.299999999999999,Si,2.0,0.00726894,0.0888338,0.000280917,100000
gamma,6.3999999999999995,Si,0.5,0.000430997,0.0113969,3.60402e-05,100000
gamma,6.3999999999999995,Si,0.75,0.000945006,0.0215159,6.80391e-05,100000
gamma,6.3999999999999995,Si,1.0,0.00166032,0.0308066,9.74189e-05,100000
gamma,6.3999999999999995,Si,1.25,0.0028435,0.0440057,0.000139158,100000
gamma,6.3999999999999995,Si,1.5,0.00413065,0.0581541,0.000183899,100000
gamma,6.3999999999999995,Si,1.75,0.00580502,0.0748316,0.000236638,100000
gamma,6.3999999999999995,Si,2.0,0.00732014,0.0882107,0.000278947,100000
gamma,6.499999999999999,Si,0.5,0.000457654,0.0113926,3.60266e-05,100000
gamma,6.499999999999999,Si,0.75,0.000907528,0.0199392,6.30532e-05,100000
gamma,6.499999999999999,Si,1.0,0.00184179,0.0320649,0.000101398,100000
gamma,6.499999999999999,Si,1.25,0.00276444,0.0434483,0.000137395,100000
gamma,6.499999999999999,Si,1.5,0.0037676,0.0529634,0.000167485,100000
gamma,6.499999999999999,Si,1.75,0.00571501,0.0747545,0.000236395,100000
gamma,6.499999999999999,Si,2.0,0.00717082,0.0877185,0.00027739,100000
gamma,6.599999999999999,Si,0.5,0.000367095,0.0096482,3.05103e-05,100000
gamma,6.599999999999999,Si,0.75,0.00101225,0.0204936,6.48065e-05,100000
gamma,6.599999999999999,Si,1.0,0.00173945,0.0305321,9.6551e-05,100000
gamma,6.599999999999999,Si,1.25,0.00240278,0.0389355,0.000123125,100000
gamma,6.599999999999999,Si,1.5,0.00404002,0.0575471,0.00018198,100000
gamma,6.599999999999999,Si,1.75,0.00540042,0.0712799,0.000225407,100000
gamma,6.599999999999999,Si,2.0,0.00710245,0.0905124,0.000286225,100000
gamma,6.699999999999999,Si,0.5,0.000405056,0.0104718,3.31149e-05,100000
gamma,6.699999999999999,Si,0.75,0.00101185,0.0216936,6.86011e-05,100000
gamma,6.699999999999999,Si,1.0,0.00193886,0.0343089,0.000108494,100000
gamma,6.699999999999999,Si,1.25,0.00276481,0.0424973,0.000134388,100000
gamma,6.699999999999999,Si,1.5,0.00406355,0.0571445,0.000180707,100000
gamma,6.699999999999999,Si,1.75,0.00586064,0.0769902,0.000243464,100000
gamma,6.699999999999999,Si,2.0,0.00759639,0.0898054,0.00028399,100000
gamma,6.799999999999999,Si,0.5,0.000482567,0.011764,3.72009e-05,100000
gamma,6.799999999999999,Si,0.75,0.00110355,0.022581,7.14073e-05,100000
gamma,6.799999999999999,Si,1.0,0.00175066,0.0331088,0.000104699,100000
gamma,6.799999999999999,Si,1.25,0.00302339,0.0458861,0.000145105,100000
gamma,6.799999999999999,Si,1.5,0.00431454,0.0592661,0.000187416,100000
gamma,6.799999999999999,Si,1.75,0.00497306,0.067958,0.000214902,100000
gamma,6.799999999999999,Si,2.0,0.00744401,0.0942095,0.000297917,100000
gamma,6.8999999999999995,Si,0.5,0.000414231,0.0109487,3.46229e-05,100000
gamma,6.8999999999999995,Si,0.75,0.000908395,0.0199697,6.31499e-05,100000
gamma,6.8999999999999995,Si,1.0,0.00169348,0.0307636,9.7283e-05,100000
gamma,6.8999999999999995,Si,1.25,0.00279392,0.0457356,0.000144629,100000
gamma,6.8999999999999995,Si,1.5,0.003909,0.0558872,0.000176731,100000
gamma,6.8999999999999995,Si,1.75,0.00573928,0.0739656,0.0002339,100000
gamma,6.8999999999999995,Si,2.0,0.00727854,0.0930442,0.000294232,100000
gamma,6.999999999999999,Si,0.5,0.000453214,0.0104961,3.31917e-05,100000
gamma,6.999999999999999,Si,0.75,0.00101476,0.0206795,6.53942e-05,100000
gamma,6.999999999999999,Si,1.0,0.00169722,0.0298968,9.45419e-05,100000
gamma,6.999999999999999,Si,1.25,0.00283351,0.0431871,0.00013657,100000
gamma,6.999999999999999,Si,1.5,0.00379039,0.0560889,0.000177369,100000
gamma,6.999999999999999,Si,1.75,0.00568504,0.0739895,0.000233975,100000
gamma,6.999999999999999,Si,2.0,0.00707365,0.0875702,0.000276921,100000
gamma,7.099999999999999,Si,0.5,0.000404869,0.0099358,3.14198e-05,100000
gamma,7.099999999999999,Si,0.75,0.0010024,0.0208437,6.59135e-05,100000
gamma,7.099999999999999,Si,1.0,0.00176175,0.0310851,9.82998e-05,100000
gamma,7.099999999999999,Si,1.25,0.00291764,0.0466771,0.000147606,100000
gamma,7.099999999999999,Si,1.5,0.00377323,0.05221,0.000165102,100000
gamma,7.099999999999999,Si,1.75,0.00546431,0.0713344,0.000225579,100000
gamma,7.099999999999999,Si,2.0,0.00714089,0.0887448,0.000280636,100000
gamma,7.199999999999999,Si,0.5,0.000465804,0.0125313,3.96273e-05,100000
gamma,7.199999999999999,Si,0.75,0.000954598,0.0208472,6.59246e-05,100000
gamma,7.199999999999999,Si,1.0,0.00173567,0.032594,0.000103071,100000
gamma,7.199999999999999,Si,1.25,0.00265072,0.043341,0.000137056,100000
gamma,7.199999999999999,Si,1.5,0.00397206,0.0579407,0.000183225,100000
gamma,7.199999999999999,Si,1.75,0.00509217,0.0677043,0.0002141,100000
gamma,7.199999999999999,Si,2.0,0.00724751,0.0889262,0.000281209,100000
gamma,7.299999999999999,Si,0.5,0.000408347,0.0110838,3.505e-05,100000
gamma,7.299999999999999,Si,0.75,0.00105157,0.0206721,6.5371e-05,100000
gamma,7.299999999999999,Si,1.0,0.00171222,0.0298964,9.45408e-05,100000
gamma,7.299999999999999,Si,1.25,0.00267156,0.0435503,0.000137718,100000
gamma,7.299999999999999,Si,1.5,0.00427542,0.0623837,0.000197275,100000
gamma,7.299999999999999,Si,1.75,0.00564336,0.0744482,0.000235426,100000
gamma,7.299999999999999,Si,2.0,0.00743791,0.0921039,0.000291258,100000
gamma,7.3999999999999995,Si,0.5,0.000362637,0.00964374,3.04962e-05,100000
gamma,7.3999999999999995,Si,0.75,0.00109239,0.0230021,7.27391e-05,100000
gamma,7.3999999999999995,Si,1.0,0.00176927,0.0328593,0.00010391,100000
gamma,7.3999999999999995,Si,1.25,0.00261766,0.0424472,0.00013423,100000
gamma,7.3999999999999995,Si,1.5,0.00367009,0.0535925,0.000169474,100000
gamma,7.3999999999999995,Si,1.75,0.00527327,0.0727045,0.000229912,100000
gamma,7.3999999999999995,Si,2.0,0.00700248,0.0888241,0.000280886,100000
gamma,7.499999999999999,Si,0.5,0.000361277,0.0089755,2.8383e-05,100000
gamma,7.499999999999999,Si,0.75,0.000800465,0.0179339,5.6712e-05,100000
gamma,7.499999999999999,Si,1.0,0.00176656,0.0317592,0.000100431,100000
gamma,7.499999999999999,Si,1.25,0.00237723,0.0404481,0.000127908,100000
gamma,7.499999999999999,Si,1.5,0.00414729,0.0581451,0.000183871,100000
gamma,7.499999999999999,Si,1.75,0.00508129,0.0683,0.000215984,100000
gamma,7.499999999999999,Si,2.0,0.007261,0.0879403,0.000278092,100000
gamma,7.599999999999999,Si,0.5,0.000451665,0.0111222,3.51714e-05,100000
gamma,7.599999999999999,Si,0.75,0.000885679,0.0188545,5.96231e-05,100000
gamma,7.599999999999999,Si,1.0,0.00153345,0.0274822,8.69062e-05,100000
gamma,7.599999999999999,Si,1.25,0.00253785,0.0392091,0.00012399,100000
gamma,7.599999999999999,Si,1.5,0.00373641,0.0533568,0.000168729,100000
gamma,7.599999999999999,Si,1.75,0.00572648,0.076332,0.000241383,100000
gamma,7.599999999999999,Si,2.0,0.00707771,0.0867667,0.000274381,100000
gamma,7.699999999999999,Si,0.5,0.000408676,0.010512,3.32418e-05,100000
gamma,7.699999999999999,Si,0.75,0.000962695,0.0208684,6.59918e-05,100000
gamma,7.699999999999999,Si,1.0,0.00163713,0.0298197,9.42982e-05,100000
gamma,7.699999999999999,Si,1.25,0.00269772,0.0438707,0.000138731,100000
gamma,7.699999999999999,Si,1.5,0.00383734,0.0558541,0.000176626,100000
gamma,7.699999999999999,Si,1.75,0.00498214,0.0689829,0.000218143,100000
gamma,7.699999999999999,Si,2.0,0.00615061,0.0806881,0.000255158,100000
gamma,7.799999999999999,Si,0.5,0.000393016,0.00976204,3.08703e-05,100000
gamma,7.799999999999999,Si,0.75,0.000919256,0.0190868,6.03576e-05,100000
gamma,7.799999999999999,Si,1.0,0.00161224,0.0282284,8.92659e-05,100000
gamma,7.799999999999999,Si,1.25,0.00273121,0.0448205,0.000141735,100000
gamma,7.799999999999999,Si,1.5,0.00386354,0.0571769,0.000180809,100000
gamma,7.799999999999999,Si,1.75,0.00536509,0.0728517,0.000230377,100000
gamma,7.799999999999999,Si,2.0,0.00722331,0.0899098,0.00028432,100000
gamma,7.899999999999999,Si,0.5,0.000398634,0.0106469,3.36686e-05,100000
gamma,7.899999999999999,Si,0.75,0.000846117,0.0180362,5.70354e-05,100000
gamma,7.899999999999999,Si,1.0,0.00174956,0.0332633,0.000105188,100000
gamma,7.899999999999999,Si,1.25,0.00258541,0.0421593,0.000133319,100000
gamma,7.899999999999999,Si,1.5,0.00336647,0.0496948,0.000157149,100000
gamma,7.899999999999999,Si,1.75,0.0050471,0.0680272,0.000215121,100000
gamma,7.899999999999999,Si,2.0,0.00725401,0.0888362,0.000280925,100000
gamma,7.999999999999999,Si,0.5,0.000454147,0.0119198,3.76939e-05,100000
gamma,7.999999999999999,Si,0.75,0.000864792,0.0188757,5.96902e-05,100000
gamma,7.999999999999999,Si,1.0,0.0017982,0.0315222,9.96821e-05,100000
gamma,7.999999999999999,Si,1.25,0.00272488,0.0441363,0.000139571,100000
gamma,7.999999999999999,Si,1.5,0.00370092,0.0536083,0.000169524,100000
gamma,7.999999999999999,Si,1.75,0.00560403,0.0733831,0.000232058,100000
gamma,7.999999999999999,Si,2.0,0.00688243,0.086745,0.000274312,100000
gamma,8.1,Si,0.5,0.000397401,0.011487,3.63249e-05,100000
gamma,8.1,Si,0.75,0.000900903,0.0187427,5.92695e-05,100000
gamma,8.1,Si,1.0,0.00168203,0.0304465,9.62804e-05,100000
gamma,8.1,Si,1.25,0.00257841,0.0416167,0.000131604,100000
gamma,8.1,Si,1.5,0.00358384,0.0535212,0.000169249,100000
gamma,8.1,Si,1.75,0.00542839,0.0716748,0.000226656,100000
gamma,8.1,Si,2.0,0.00660515,0.0806307,0.000254977,100000
gamma,8.2,Si,0.5,0.000442976,0.0121111,3.82986e-05,100000
gamma,8.2,Si,0.75,0.000986001,0.0203008,6.41969e-05,100000
gamma,8.2,Si,1.0,0.00158784,0.0295893,9.35697e-05,100000
gamma,8.2,Si,1.25,0.00279633,0.041981,0.000132756,100000
gamma,8.2,Si,1.5,0.00387266,0.0574145,0.00018156,100000
gamma,8.2,Si,1.75,0.00516038,0.0678108,0.000214437,100000
gamma,8.2,Si,2.0,0.00684741,0.0860321,0.000272057,100000
gamma,8.299999999999999,Si,0.5,0.000422254,0.0109751,3.47063e-05,100000
gamma,8.299999999999999,Si,0.75,0.00090493,0.0177624,5.61696e-05,100000
gamma,8.299999999999999,Si,1.0,0.00158613,0.0311496,9.85037e-05,100000
gamma,8.299999999999999,Si,1.25,0.00253607,0.0424828,0.000134342,100000
gamma,8.299999999999999,Si,1.5,0.00360239,0.0512977,0.000162217,100000
gamma,8.299999999999999,Si,1.75,0.00543441,0.0710941,0.000224819,100000
gamma,8.299999999999999,Si,2.0,0.00731153,0.089129,0.000281851,100000
gamma,8.399999999999999,Si,0.5,0.000444021,0.0112815,3.56752e-05,100000
gamma,8.399999999999999,Si,0.75,0.000960797,0.0211386,6.6846e-05,100000
gamma,8.399999999999999,Si,1.0,0.00179022,0.0324922,0.000102749,100000
gamma,8.399999999999999,Si,1.25,0.00247468,0.0399816,0.000126433,100000
gamma,8.399999999999999,Si,1.5,0.0039055,0.0570327,0.000180353,100000
gamma,8.399999999999999,Si,1.75,0.00552499,0.0727439,0.000230036,100000
gamma,8.399999999999999,Si,2.0,0.00677475,0.0852182,0.000269484,100000
gamma,8.499999999999998,Si,0.5,0.000395791,0.0102799,3.25078e-05,100000
gamma,8.499999999999998,Si,0.75,0.000843887,0.0188846,5.97185e-05,100000
gamma,8.499999999999998,Si,1.0,0.00163704,0.0302181,9.55581e-05,100000
gamma,8.499999999999998,Si,1.25,0.00253834,0.0412526,0.000130452,100000
gamma,8.499999999999998,Si,1.5,0.00384774,0.0563864,0.00017831,100000
gamma,8.499999999999998,Si,1.75,0.00530952,0.0695146,0.000219824,100000
gamma,8.499999999999998,Si,2.0,0.00697756,0.0853809,0.000269998,100000
gamma,8.6,Si,0.5,0.00043354,0.0102889,3.25363e-05,100000
gamma,8.6,Si,0.75,0.000843193,0.0172564,5.45696e-05,100000
gamma,8.6,Si,1.0,0.001611,0.0299892,9.48343e-05,100000
gamma,8.6,Si,1.25,0.00256575,0.0419581,0.000132683,100000
gamma,8.6,Si,1.5,0.00389635,0.0543573,0.000171893,100000
gamma,8.6,Si,1.75,0.00522111,0.0678444,0.000214543,100000
gamma,8.6,Si,2.0,0.00729567,0.0885619,0.000280057,100000
gamma,8.7,Si,0.5,0.000411511,0.0109053,3.44855e-05,100000
gamma,8.7,Si,0.75,0.000889531,0.0179612,5.67984e-05,100000
gamma,8.7,Si,1.0,0.00172938,0.0306431,9.69019e-05,100000
gamma,8.7,Si,1.25,0.00271922,0.0429035,0.000135673,100000
gamma,8.7,Si,1.5,0.00385307,0.05601,0.000177119,100000
gamma,8.7,Si,1.75,0.0053156,0.0696041,0.000220107,100000
gamma,8.7,Si,2.0,0.00709717,0.090302,0.00028556,100000
gamma,8.799999999999999,Si,0.5,0.000400091,0.010386,3.28434e-05,100000
gamma,8.799999999999999,Si,0.75,0.00102005,0.0209076,6.61157e-05,100000
gamma,8.799999999999999,Si,1.0,0.00169959,0.0301213,9.52519e-05,100000
gamma,8.799999999999999,Si,1.25,0.00278494,0.0448361,0.000141784,100000
gamma,8.799999999999999,Si,1.5,0.00382064,0.0558826,0.000176716,100000
gamma,8.799999999999999,Si,1.75,0.00466704,0.0635241,0.000200881,100000
gamma,8.799999999999999,Si,2.0,0.00719911,0.0901473,0.000285071,100000
gamma,8.899999999999999,Si,0.5,0.000382943,0.00966351,3.05587e-05,100000
gamma,8.899999999999999,Si,0.75,0.000876408,0.0181555,5.74127e-05,100000
gamma,8.899999999999999,Si,1.0,0.00178409,0.0314647,9.95002e-05,100000
gamma,8.899999999999999,Si,1.25,0.00253708,0.0415256,0.000131315,100000
gamma,8.899999999999999,Si,1.5,0.00384561,0.0531577,0.000168099,100000
gamma,8.899999999999999,Si,1.75,0.00508122,0.0687034,0.000217259,100000
gamma,8.899999999999999,Si,2.0,0.00698332,0.0880076,0.000278304,100000
gamma,8.999999999999998,Si,0.5,0.000403692,0.0131203,4.14901e-05,100000
gamma,8.999999999999998,Si,0.75,0.000921223,0.0200202,6.33095e-05,100000
gamma,8.999999999999998,Si,1.0,0.00168815,0.0306778,9.70118e-05,100000
gamma,8.999999999999998,Si,1.25,0.00272646,0.0428065,0.000135366,100000
gamma,8.999999999999998,Si,1.5,0.00367062,0.0537533,0.000169983,100000
gamma,8.999999999999998,Si,1.75,0.00528157,0.071871,0.000227276,100000
gamma,8.999999999999998,Si,2.0,0.0079587,0.0954054,0.000301699,100000
gamma,9.1,Si,0.5,0.000380992,0.0109114,3.45048e-05,100000
gamma,9.1,Si,0.75,0.000961546,0.0201461,6.37074e-05,100000
gamma,9.1,Si,1.0,0.00158727,0.0307645,9.72858e-05,100000
gamma,9.1,Si,1.25,0.00270315,0.0419954,0.000132801,100000
gamma,9.1,Si,1.5,0.00409785,0.0612565,0.00019371,100000
gamma,9.1,Si,1.75,0.00483209,0.0665091,0.00021032,100000
gamma,9.1,Si,2.0,0.00674125,0.0838819,0.000265258,100000
gamma,9.2,Si,0.5,0.000392982,0.0103387,3.26937e-05,100000
gamma,9.2,Si,0.75,0.000957579,0.0192571,6.08962e-05,100000
gamma,9.2,Si,1.0,0.00161413,0.0304349,9.62435e-05,100000
gamma,9.2,Si,1.25,0.00273652,0.0448239,0.000141746,100000
gamma,9.2,Si,1.5,0.00398283,0.0565063,0.000178689,100000
gamma,9.2,Si,1.75,0.00523798,0.0711484,0.000224991,100000
gamma,9.2,Si,2.0,0.00689088,0.0872787,0.000275999,100000
gamma,9.299999999999999,Si,0.5,0.000461322,0.0114841,3.63158e-05,100000
gamma,9.299999999999999,Si,0.75,0.000914178,0.0190833,6.03466e-05,100000
gamma,9.299999999999999,Si,1.0,0.00163661,0.0302685,9.57175e-05,100000
gamma,9.299999999999999,Si,1.25,0.00261881,0.0415474,0.000131384,100000
gamma,9.299999999999999,Si,1.5,0.00406172,0.0592369,0.000187324,100000
gamma,9.299999999999999,Si,1.75,0.00551196,0.0711406,0.000224966,100000
gamma,9.299999999999999,Si,2.0,0.00668874,0.0882868,0.000279187,100000
gamma,9.399999999999999,Si,0.5,0.000353923,0.00940953,2.97555e-05,100000
gamma,9.399999999999999,Si,0.75,0.00083984,0.0187809,5.93904e-05,100000
gamma,9.399999999999999,Si,1.0,0.00196099,0.0340681,0.000107733,100000
gamma,9.399999999999999,Si,1.25,0.00269701,0.0418228,0.000132255,100000
gamma,9.399999999999999,Si,1.5,0.0038995,0.0571425,0.0001807,100000
gamma,9.399999999999999,Si,1.75,0.00495644,0.0680383,0.000215156,100000
gamma,9.399999999999999,Si,2.0,0.00675723,0.0843074,0.000266604,100000
gamma,9.499999999999998,Si,0.5,0.000431216,0.0116718,3.69095e-05,100000
gamma,9.499999999999998,Si,0.75,0.000963701,0.020603,6.51525e-05,100000
gamma,9.499999999999998,Si,1.0,0.00174534,0.0301195,9.52462e-05,100000
gamma,9.499999999999998,Si,1.25,0.00249541,0.0398198,0.000125921,100000
gamma,9.499999999999998,Si,1.5,0.0038491,0.05643,0.000178447,100000
gamma,9.499999999999998,Si,1.75,0.00511453,0.0709977,0.000224514,100000
gamma,9.499999999999998,Si,2.0,0.00699944,0.0863112,0.00027294,100000
gamma,9.6,Si,0.5,0.000354025,0.0100232,3.1696e-05,100000
gamma,9.6,Si,0.75,0.000945829,0.0198526,6.27795e-05,100000
gamma,9.6,Si,1.0,0.00162462,0.0311842,9.8613e-05,100000
gamma,9.6,Si,1.25,0.00269822,0.0441373,0.000139574,100000
gamma,9.6,Si,1.5,0.00372855,0.0536905,0.000169784,100000
gamma,9.6,Si,1.75,0.00474677,0.0661384,0.000209148,100000
gamma,9.6,Si,2.0,0.00657279,0.0825513,0.00026105,100000
gamma,9.7,Si,0.5,0.000349011,0.00912922,2.88691e-05,100000
gamma,9.7,Si,0.75,0.000885482,0.0190135,6.01261e-05,100000
gamma,9.7,Si,1.0,0.001541,0.0271116,8.57345e-05,100000
gamma,9.7,Si,1.25,0.00249064,0.0407302,0.0001288,100000
gamma,9.7,Si,1.5,0.00392675,0.0561946,0.000177703,100000
gamma,9.7,Si,1.75,0.00485308,0.0672323,0.000212607,100000
gamma,9.7,Si,2.0,0.00651307,0.0806976,0.000255188,100000
gamma,9.799999999999999,Si,0.5,0.00044748,0.0117462,3.71448e-05,100000
gamma,9.799999999999999,Si,0.75,0.000942476,0.0195469,6.18127e-05,100000
gamma,9.799999999999999,Si,1.0,0.00171652,0.0330832,0.000104618,100000
gamma,9.799999999999999,Si,1.25,0.00253703,0.0410473,0.000129803,100000
gamma,9.799999999999999,Si,1.5,0.00392075,0.0565224,0.00017874,100000
gamma,9.799999999999999,Si,1.75,0.00500098,0.0665017,0.000210297,100000
gamma,9.799999999999999,Si,2.0,0.00679641,0.0844575,0.000267078,100000
gamma,9.899999999999999,Si,0.5,0.000416841,0.00996182,3.1502e-05,100000
gamma,9.899999999999999,Si,0.75,0.000896305,0.0179104,5.66375e-05,100000
gamma,9.899999999999999,Si,1.0,0.00156291,0.0293644,9.28584e-05,100000
gamma,9.899999999999999,Si,1.25,0.00252828,0.0435867,0.000137833,100000
gamma,9.899999999999999,Si,1.5,0.00353089,0.0515472,0.000163007,100000
gamma,9.899999999999999,Si,1.75,0.00511767,0.0681191,0.000215412,100000
gamma,9.899999999999999,Si,2.0,0.00703414,0.0855419,0.000270507,100000
gamma,9.999999999999998,Si,0.5,0.000412541,0.0106716,3.37466e-05,100000
gamma,9.999999999999998,Si,0.75,0.000857049,0.0182249,5.76323e-05,100000
gamma,9.999999999999998,Si,1.0,0.00175981,0.0308858,9.76695e-05,100000
gamma,9.999999999999998,Si,1.25,0.00250659,0.0411264,0.000130053,100000
gamma,9.999999999999998,Si,1.5,0.00389664,0.0571422,0.000180699,100000
gamma,9.999999999999998,Si,1.75,0.00508047,0.068488,0.000216578,100000
gamma,9.999999999999998,Si,2.0,0.00651415,0.0851546,0.000269282,100000
gamma,10.1,Si,0.5,0.000419597,0.00984157,3.11218e-05,100000
gamma,10.1,Si,0.75,0.000813419,0.0193237,6.1107e-05,100000
gamma,10.1,Si,1.0,0.00179752,0.0323566,0.00010232,100000
gamma,10.1,Si,1.25,0.00265795,0.0426324,0.000134815,100000
gamma,10.1,Si,1.5,0.00372844,0.0532958,0.000168536,100000
gamma,10.1,Si,1.75,0.00556912,0.074431,0.000235371,100000
gamma,10.1,Si,2.0,0.00669843,0.0843217,0.000266649,100000
gamma,10.2,Si,0.5,0.000386207,0.00962495,3.04368e-05,100000
gamma,10.2,Si,0.75,0.00090658,0.0187298,5.92288e-05,100000
gamma,10.2,Si,1.0,0.00154802,0.0285903,9.04106e-05,100000
gamma,10.2,Si,1.25,0.00266966,0.0413105,0.000130635,100000
gamma,10.2,Si,1.5,0.00384392,0.0569209,0.00018,100000
gamma,10.2,Si,1.75,0.00510566,0.0687454,0.000217392,100000
gamma,10.2,Si,2.0,0.00671081,0.0839837,0.00026558,100000
gamma,10.299999999999999,Si,0.5,0.000401752,0.0106113,3.35558e-05,100000
gamma,10.299999999999999,Si,0.75,0.00109534,0.021459,6.78593e-05,100000
gamma,10.299999999999999,Si,1.0,0.00161243,0.0283408,8.96214e-05,100000
gamma,10.299999999999999,Si,1.25,0.00262473,0.0406175,0.000128444,100000
gamma,10.299999999999999,Si,1.5,0.00379453,0.0555841,0.000175772,100000
gamma,10.299999999999999,Si,1.75,0.00510851,0.0681167,0.000215404,100000
gamma,10.299999999999999,Si,2.0,0.00665352,0.0844097,0.000266927,100000
gamma,10.399999999999999,Si,0.5,0.000435609,0.0113248,3.58123e-05,100000
gamma,10.399999999999999,Si,0.75,0.0010736,0.0220913,6.98588e-05,100000
gamma,10.399999999999999,Si,1.0,0.00175822,0.033477,0.000105864,100000
gamma,10.399999999999999,Si,1.25,0.00249196,0.0417909,0.000132155,100000
gamma,10.399999999999999,Si,1.5,0.00355276,0.0525731,0.000166251,100000
gamma,10.399999999999999,Si,1.75,0.00499644,0.0687251,0.000217328,100000
gamma,10.399999999999999,Si,2.0,0.00686933,0.0840066,0.000265652,100000
gamma,10.499999999999998,Si,0.5,0.000341706,0.00879061,2.77983e-05,100000
gamma,10.499999999999998,Si,0.75,0.000832242,0.0168879,5.34042e-05,100000
gamma,10.499999999999998,Si,1.0,0.00168692,0.0310757,9.827e-05,100000
gamma,10.499999999999998,Si,1.25,0.00240859,0.0388285,0.000122786,100000
gamma,10.499999999999998,Si,1.5,0.00379591,0.0563545,0.000178209,100000
gamma,10.499999999999998,Si,1.75,0.00495889,0.068452,0.000216464,100000
gamma,10.499999999999998,Si,2.0,0.00659086,0.0827735,0.000261753,100000
gamma,10.6,Si,0.5,0.000303133,0.00854246,2.70136e-05,100000
gamma,10.6,Si,0.75,0.000948672,0.0206701,6.53645e-05,100000
gamma,10.6,Si,1.0,0.00165458,0.0293717,9.28814e-05,100000
gamma,10.6,Si,1.25,0.00248923,0.0417022,0.000131874,100000
gamma,10.6,Si,1.5,0.00379164,0.0570407,0.000180379,100000
gamma,10.6,Si,1.75,0.0051908,0.0675177,0.00021351,100000
gamma,10.6,Si,2.0,0.00645518,0.0827095,0.000261551,100000
gamma,10.7,Si,0.5,0.000415294,0.00975089,3.0835e-05,100000
gamma,10.7,Si,0.75,0.000828558,0.0182032,5.75636e-05,100000
gamma,10.7,Si,1.0,0.0017106,0.0315439,9.97506e-05,100000
gamma,10.7,Si,1.25,0.00278168,0.0461381,0.000145901,100000
gamma,10.7,Si,1.5,0.0037285,0.0544299,0.000172122,100000
gamma,10.7,Si,1.75,0.00475438,0.0659184,0.000208452,100000
gamma,10.7,Si,2.0,0.00673454,0.0833882,0.000263697,100000
gamma,10.799999999999999,Si,0.5,0.000321765,0.00815896,2.58009e-05,100000
gamma,10.799999999999999,Si,0.75,0.000827695,0.0176722,5.58843e-05,100000
gamma,10.799999999999999,Si,1.0,0.00163896,0.0292018,9.23443e-05,100000
gamma,10.799999999999999,Si,1.25,0.00263731,0.0422541,0.000133619,100000
gamma,10.799999999999999,Si,1.5,0.0038246,0.0583985,0.000184672,100000
gamma,10.799999999999999,Si,1.75,0.00505286,0.0674616,0.000213332,100000
gamma,10.799999999999999,Si,2.0,0.0065451,0.0816145,0.000258088,100000
gamma,10.899999999999999,Si,0.5,0.000385701,0.00989701,3.12971e-05,100000
gamma,10.899999999999999,Si,0.75,0.000881939,0.0177377,5.60916e-05,100000
gamma,10.899999999999999,Si,1.0,0.00160625,0.028904,9.14023e-05,100000
gamma,10.899999999999999,Si,1.25,0.00246731,0.0395318,0.000125011,100000
gamma,10.899999999999999,Si,1.5,0.00388114,0.0584347,0.000184787,100000
gamma,10.899999999999999,Si,1.75,0.00515471,0.0690821,0.000218457,100000
gamma,10.899999999999999,Si,2.0,0.00685575,0.0893208,0.000282457,100000
gamma,10.999999999999998,Si,0.5,0.000402165,0.010802,3.41588e-05,100000
gamma,10.999999999999998,Si,0.75,0.000890462,0.0179866,5.68788e-05,100000
gamma,10.999999999999998,Si,1.0,0.00165671,0.0295085,9.3314e-05,100000
gamma,10.999999999999998,Si,1.25,0.00242987,0.0400578,0.000126674,100000
gamma,10.999999999999998,Si,1.5,0.0039659,0.0571492,0.000180722,100000
gamma,10.999999999999998,Si,1.75,0.00491005,0.0675056,0.000213472,100000
gamma,10.999999999999998,Si,2.0,0.00655644,0.0805527,0.00025473,100000
gamma,11.099999999999998,Si,0.5,0.000468915,0.0127605,4.03522e-05,100000
gamma,11.099999999999998,Si,0.75,0.00100937,0.0212856,6.73109e-05,100000
gamma,11.099999999999998,Si,1.0,0.00177622,0.0308,9.73981e-05,100000
gamma,11.099999999999998,Si,1.25,0.00249371,0.0405002,0.000128073,100000
gamma,11.099999999999998,Si,1.5,0.00372685,0.0551528,0.000174408,100000
gamma,11.099999999999998,Si,1.75,0.00505795,0.0690214,0.000218265,100000
gamma,11.099999999999998,Si,2.0,0.00649104,0.0824829,0.000260834,100000
gamma,11.2,Si,0.5,0.000392802,0.0102715,3.24812e-05,100000
gamma,11.2,Si,0.75,0.000944921,0.02017,6.37832e-05,100000
gamma,11.2,Si,1.0,0.00149179,0.0270837,8.56461e-05,100000
gamma,11.2,Si,1.25,0.00252975,0.0405073,0.000128095,100000
gamma,11.2,Si,1.5,0.00353349,0.0514694,0.00016276,100000
gamma,11.2,Si,1.75,0.00520254,0.0688914,0.000217854,100000
gamma,11.2,Si,2.0,0.00666772,0.0843766,0.000266822,100000
gamma,11.299999999999999,Si,0.5,0.000425696,0.0110678,3.49996e-05,100000
gamma,11.299999999999999,Si,0.75,0.000895575,0.0194245,6.14257e-05,100000
gamma,11.299999999999999,Si,1.0,0.00168974,0.0296686,9.38204e-05,100000
gamma,11.299999999999999,Si,1.25,0.00264874,0.0410344,0.000129762,100000
gamma,11.299999999999999,Si,1.5,0.0038664,0.0576088,0.000182175,100000
gamma,11.299999999999999,Si,1.75,0.00522148,0.0686315,0.000217032,100000
gamma,11.299999999999999,Si,2.0,0.00609545,0.0790189,0.00024988,100000
gamma,11.399999999999999,Si,0.5,0.000351275,0.00939907,2.97225e-05,100000
gamma,11.399999999999999,Si,0.75,0.000881952,0.017943,5.67407e-05,100000
gamma,11.399999999999999,Si,1.0,0.00148433,0.0265084,8.38268e-05,100000
gamma,11.399999999999999,Si,1.25,0.00253922,0.0431709,0.000136518,100000
gamma,11.399999999999999,Si,1.5,0.00400567,0.0579573,0.000183277,100000
gamma,11.399999999999999,Si,1.75,0.00507266,0.0686095,0.000216962,100000
gamma,11.399999999999999,Si,2.0,0.00699165,0.0866045,0.000273867,100000
gamma,11.499999999999998,Si,0.5,0.000407227,0.0100835,3.18868e-05,100000
gamma,11.499999999999998,Si,0.75,0.000875648,0.0176889,5.59373e-05,100000
gamma,11.499999999999998,Si,1.0,0.00164713,0.0302821,9.57604e-05,100000
gamma,11.499999999999998,Si,1.25,0.00253159,0.0419392,0.000132623,100000
gamma,11.499999999999998,Si,1.5,0.0039299,0.057345,0.000181341,100000
gamma,11.499999999999998,Si,1.75,0.00506041,0.0663011,0.000209662,100000
gamma,11.499999999999998,Si,2.0,0.00728369,0.0894837,0.000282972,100000
gamma,11.599999999999998,Si,0.5,0.000393896,0.00949207,3.00165e-05,100000
gamma,11.599999999999998,Si,0.75,0.0008446,0.0176424,5.57902e-05,100000
gamma,11.599999999999998,Si,1.0,0.0016688,0.0307131,9.71232e-05,100000
gamma,11.599999999999998,Si,1.25,0.00272051,0.0418016,0.000132188,100000
gamma,11.599999999999998,Si,1.5,0.00381892,0.0566263,0.000179068,100000
gamma,11.599999999999998,Si,1.75,0.00511713,0.0700557,0.000221536,100000
gamma,11.599999999999998,Si,2.0,0.00692118,0.0862549,0.000272762,100000
gamma,11.7,Si,0.5,0.000352062,0.00856834,2.70955e-05,100000
gamma,11.7,Si,0.75,0.000939107,0.0199397,6.3055e-05,100000
gamma,11.7,Si,1.0,0.00156049,0.0296813,9.38605e-05,100000
gamma,11.7,Si,1.25,0.00233982,0.0385192,0.000121809,100000
gamma,11.7,Si,1.5,0.00390004,0.0566112,0.00017902,100000
gamma,11.7,Si,1.75,0.00551082,0.0714912,0.000226075,100000
gamma,11.7,Si,2.0,0.00655977,0.0846494,0.000267685,100000
gamma,11.799999999999999,Si,0.5,0.000390257,0.0104207,3.29531e-05,100000
gamma,11.799999999999999,Si,0.75,0.000887858,0.0191705,6.06225e-05,100000
gamma,11.799999999999999,Si,1.0,0.00152275,0.0287797,9.10093e-05,100000
gamma,11.799999999999999,Si,1.25,0.00235955,0.0396011,0.00012523,100000
gamma,11.799999999999999,Si,1.5,0.00367679,0.0549628,0.000173808,100000
gamma,11.799999999999999,Si,1.75,0.0052886,0.0709592,0.000224393,100000
gamma,11.799999999999999,Si,2.0,0.00655098,0.084142,0.00026608,100000
gamma,11.899999999999999,Si,0.5,0.000345725,0.00910724,2.87996e-05,100000
gamma,11.899999999999999,Si,0.75,0.00082845,0.0180157,5.69708e-05,100000
gamma,11.899999999999999,Si,1.0,0.00148244,0.027395,8.66305e-05,100000
gamma,11.899999999999999,Si,1.25,0.00230887,0.0379836,0.000120115,100000
gamma,11.899999999999999,Si,1.5,0.00354347,0.0534492,0.000169021,100000
gamma,11.899999999999999,Si,1.75,0.00542025,0.072445,0.000229091,100000
gamma,11.899999999999999,Si,2.0,0.00664247,0.0830537,0.000262639,100000
gamma,11.999999999999998,Si,0.5,0.000395539,0.0108832,3.44156e-05,100000
gamma,11.999999999999998,Si,0.75,0.000879873,0.0181555,5.74126e-05,100000
gamma,11.999999999999998,Si,1.0,0.00165904,0.0295815,9.3545e-05,100000
gamma,11.999999999999998,Si,1.25,0.0027132,0.0445644,0.000140925,100000
gamma,11.999999999999998,Si,1.5,0.00354276,0.0515598,0.000163046,100000
gamma,11.999999999999998,Si,1.75,0.00489443,0.0670869,0.000212147,100000
gamma,11.999999999999998,Si,2.0,0.00706887,0.0909329,0.000287555,100000
gamma,12.099999999999998,Si,0.5,0.000393022,0.0103281,3.26604e-05,100000
gamma,12.099999999999998,Si,0.75,0.00094575,0.0202218,6.39471e-05,100000
gamma,12.099999999999998,Si,1.0,0.00167789,0.0306762,9.70066e-05,100000
gamma,12.099999999999998,Si,1.25,0.00255843,0.0416999,0.000131867,100000
gamma,12.099999999999998,Si,1.5,0.00370427,0.0541418,0.000171211,100000
gamma,12.099999999999998,Si,1.75,0.00517752,0.0692527,0.000218996,100000
gamma,12.099999999999998,Si,2.0,0.00650468,0.0839371,0.000265432,100000
gamma,12.2,Si,0.5,0.000390257,0.0101143,3.19842e-05,100000
gamma,12.2,Si,0.75,0.000858721,0.0182551,5.77277e-05,100000
gamma,12.2,Si,1.0,0.00177216,0.0307986,9.73936e-05,100000
gamma,12.2,Si,1.25,0.00247156,0.0395451,0.000125053,100000
gamma,12.2,Si,1.5,0.0034828,0.0504785,0.000159627,100000
gamma,12.2,Si,1.75,0.0051999,0.0726901,0.000229866,100000
gamma,12.2,Si,2.0,0.00694714,0.0868853,0.000274756,100000
gamma,12.299999999999999,Si,0.5,0.000375578,0.0104495,3.30442e-05,100000
gamma,12.299999999999999,Si,0.75,0.000856131,0.0187143,5.91798e-05,100000
gamma,12.299999999999999,Si,1.0,0.00159484,0.0305976,9.67582e-05,100000
gamma,12.299999999999999,Si,1.25,0.00269323,0.0460323,0.000145567,100000
gamma,12.299999999999999,Si,1.5,0.00354984,0.0543126,0.000171752,100000
gamma,12.299999999999999,Si,1.75,0.00562231,0.0737135,0.000233103,100000
gamma,12.299999999999999,Si,2.0,0.00678663,0.0837126,0.000264722,100000
gamma,12.399999999999999,Si,0.5,0.000433526,0.0107777,3.40822e-05,100000
gamma,12.399999999999999,Si,0.75,0.000912338,0.0187329,5.92385e-05,100000
gamma,12.399999999999999,Si,1.0,0.00161981,0.0289512,9.15516e-05,100000
gamma,12.399999999999999,Si,1.25,0.00253914,0.0415774,0.000131479,100000
gamma,12.399999999999999,Si,1.5,0.00382251,0.0557872,0.000176415,100000
gamma,12.399999999999999,Si,1.75,0.00487051,0.0688136,0.000217608,100000
gamma,12.399999999999999,Si,2.0,0.00685818,0.088803,0.00028082,100000
gamma,12.499999999999998,Si,0.5,0.000430088,0.0101714,3.21646e-05,100000
gamma,12.499999999999998,Si,0.75,0.000890388,0.0190965,6.03885e-05,100000
gamma,12.499999999999998,Si,1.0,0.00163513,0.0295362,9.34015e-05,100000
gamma,12.499999999999998,Si,1.25,0.00257636,0.0406031,0.000128398,100000
gamma,12.499999999999998,Si,1.5,0.00404745,0.0592853,0.000187477,100000
gamma,12.499999999999998,Si,1.75,0.00517405,0.0704999,0.00022294,100000
gamma,12.499999999999998,Si,2.0,0.00658461,0.082252,0.000260104,100000
gamma,12.599999999999998,Si,0.5,0.000401846,0.0109488,3.46231e-05,100000
gamma,12.599999999999998,Si,0.75,0.00081736,0.017194,5.43724e-05,100000
gamma,12.599999999999998,Si,1.0,0.00147331,0.0281312,8.89587e-05,100000
gamma,12.599999999999998,Si,1.25,0.00277067,0.0423643,0.000133968,100000
gamma,12.599999999999998,Si,1.5,0.00385834,0.0560209,0.000177154,100000
gamma,12.599999999999998,Si,1.75,0.00493874,0.0685872,0.000216892,100000
gamma,12.599999999999998,Si,2.0,0.00692644,0.0875473,0.000276849,100000
gamma,12.7,Si,0.5,0.000400729,0.0101601,3.21291e-05,100000
gamma,12.7,Si,0.75,0.000937541,0.0187311,5.9233e-05,100000
gamma,12.7,Si,1.0,0.00154832,0.0281015,8.88649e-05,100000
gamma,12.7,Si,1.25,0.00253593,0.0398775,0.000126104,100000
gamma,12.7,Si,1.5,0.00391909,0.0570241,0.000180326,100000
gamma,12.7,Si,1.75,0.0053852,0.0737244,0.000233137,100000
gamma,12.7,Si,2.0,0.00671602,0.085185,0.000269379,100000
gamma,12.799999999999999,Si,0.5,0.000435753,0.0113648,3.59386e-05,100000
gamma,12.799999999999999,Si,0.75,0.00084584,0.0172994,5.47055e-05,100000
gamma,12.799999999999999,Si,1.0,0.00170735,0.0305791,9.66998e-05,100000
gamma,12.799999999999999,Si,1.25,0.00244942,0.0396494,0.000125382,100000
gamma,12.799999999999999,Si,1.5,0.00367741,0.0525613,0.000166214,100000
gamma,12.799999999999999,Si,1.75,0.00509923,0.0694743,0.000219697,100000
gamma,12.799999999999999,Si,2.0,0.00647293,0.0818907,0.000258961,100000
gamma,12.899999999999999,Si,0.5,0.00036213,0.00962829,3.04473e-05,100000
gamma,12.899999999999999,Si,0.75,0.00100632,0.0197669,6.25083e-05,100000
gamma,12.899999999999999,Si,1.0,0.00166753,0.0311753,9.8585e-05,100000
gamma,12.899999999999999,Si,1.25,0.0027029,0.0421639,0.000133334,100000
gamma,12.899999999999999,Si,1.5,0.00359785,0.0532741,0.000168468,100000
gamma,12.899999999999999,Si,1.75,0.00529303,0.0680932,0.00021533,100000
gamma,12.899999999999999,Si,2.0,0.0069408,0.086684,0.000274119,100000
gamma,12.999999999999998,Si,0.5,0.000389588,0.00985571,3.11665e-05,100000
gamma,12.999999999999998,Si,0.75,0.000902996,0.018022,5.69905e-05,100000
gamma,12.999999999999998,Si,1.0,0.00163059,0.0299844,9.48191e-05,100000
gamma,12.999999999999998,Si,1.25,0.00270521,0.0409426,0.000129472,100000
gamma,12.999999999999998,Si,1.5,0.00379929,0.054614,0.000172705,100000
gamma,12.999999999999998,Si,1.75,0.0052545,0.0695538,0.000219948,100000
gamma,12.999999999999998,Si,2.0,0.00702429,0.0863353,0.000273016,100000
gamma,13.099999999999998,Si,0.5,0.000396343,0.00997659,3.15488e-05,100000
gamma,13.099999999999998,Si,0.75,0.000903339,0.0195342,6.17727e-05,100000
gamma,13.099999999999998,Si,1.0,0.00164316,0.0311054,9.83641e-05,100000
gamma,13.099999999999998,Si,1.25,0.00282677,0.0443997,0.000140404,100000
gamma,13.099999999999998,Si,1.5,0.00336268,0.0503919,0.000159353,100000
gamma,13.099999999999998,Si,1.75,0.00491229,0.0669384,0.000211678,100000
gamma,13.099999999999998,Si,2.0,0.006427,0.0852129,0.000269467,100000
gamma,13.2,Si,0.5,0.000388194,0.00948053,2.99801e-05,100000
gamma,13.2,Si,0.75,0.000894204,0.0179013,5.6609e-05,100000
gamma,13.2,Si,1.0,0.00179175,0.0312376,9.87821e-05,100000
gamma,13.2,Si,1.25,0.00267611,0.0431898,0.000136578,100000
gamma,13.2,Si,1.5,0.00370385,0.0557801,0.000176392,100000
gamma,13.2,Si,1.75,0.00498988,0.065299,0.000206494,100000
gamma,13.2,Si,2.0,0.00669958,0.0850482,0.000268946,100000
gamma,13.299999999999999,Si,0.5,0.000359108,0.00957472,3.02779e-05,100000
gamma,13.299999999999999,Si,0.75,0.00114411,0.0211573,6.69051e-05,100000
gamma,13.299999999999999,Si,1.0,0.00160424,0.0293828,9.29166e-05,100000
gamma,13.299999999999999,Si,1.25,0.00248418,0.0401731,0.000127039,100000
gamma,13.299999999999999,Si,1.5,0.00380175,0.0547513,0.000173139,100000
gamma,13.299999999999999,Si,1.75,0.00524384,0.0705121,0.000222979,100000
gamma,13.299999999999999,Si,2.0,0.00668365,0.083053,0.000262637,100000
gamma,13.399999999999999,Si,0.5,0.00043461,0.0117818,3.72573e-05,100000
gamma,13.399999999999999,Si,0.75,0.00067912,0.0147831,4.67484e-05,100000
gamma,13.399999999999999,Si,1.0,0.00161151,0.0292081,9.2364e-05,100000
gamma,13.399999999999999,Si,1.25,0.00253018,0.0402716,0.00012735,100000
gamma,13.399999999999999,Si,1.5,0.00354405,0.054891,0.00017358,100000
gamma,13.399999999999999,Si,1.75,0.00539038,0.070432,0.000222726,100000
gamma,13.399999999999999,Si,2.0,0.00688992,0.0863394,0.000273029,100000
gamma,13.499999999999998,Si,0.5,0.00040022,0.0103043,3.25849e-05,100000
gamma,13.499999999999998,Si,0.75,0.000954719,0.0204922,6.48019e-05,100000
gamma,13.499999999999998,Si,1.0,0.00151221,0.0271785,8.5946e-05,100000
gamma,13.499999999999998,Si,1.25,0.00275356,0.0423335,0.00013387,100000
gamma,13.499999999999998,Si,1.5,0.00373805,0.0560954,0.000177389,100000
gamma,13.499999999999998,Si,1.75,0.00533235,0.0743562,0.000235135,100000
gamma,13.499999999999998,Si,2.0,0.00696199,0.086461,0.000273414,100000
gamma,13.599999999999998,Si,0.5,0.000436139,0.0108232,3.42261e-05,100000
gamma,13.599999999999998,Si,0.75,0.000896187,0.0184963,5.84903e-05,100000
gamma,13.599999999999998,Si,1.0,0.00157818,0.0281823,8.91201e-05,100000
gamma,13.599999999999998,Si,1.25,0.00258495,0.0415692,0.000131453,100000
gamma,13.599999999999998,Si,1.5,0.00364573,0.0527908,0.000166939,100000
gamma,13.599999999999998,Si,1.75,0.00519038,0.0725678,0.00022948,100000
gamma,13.599999999999998,Si,2.0,0.00671078,0.0852221,0.000269496,100000
gamma,13.7,Si,0.5,0.000407727,0.0100485,3.17762e-05,100000
gamma,13.7,Si,0.75,0.000920476,0.0183189,5.79295e-05,100000
gamma,13.7,Si,1.0,0.00169085,0.0289883,9.16691e-05,100000
gamma,13.7,Si,1.25,0.00254501,0.0415188,0.000131294,100000
gamma,13.7,Si,1.5,0.00367039,0.0540712,0.000170988,100000
gamma,13.7,Si,1.75,0.00529315,0.0718964,0.000227356,100000
gamma,13.7,Si,2.0,0.00638492,0.0842396,0.000266389,100000
gamma,13.799999999999999,Si,0.5,0.000306367,0.00841043,2.65961e-05,100000
gamma,13.799999999999999,Si,0.75,0.000989812,0.0193365,6.11475e-05,100000
gamma,13.799999999999999,Si,1.0,0.00165273,0.0302633,9.57009e-05,100000
gamma,13.799999999999999,Si,1.25,0.00285288,0.0446557,0.000141214,100000
gamma,13.799999999999999,Si,1.5,0.00393631,0.0575356,0.000181943,100000
gamma,13.799999999999999,Si,1.75,0.00493885,0.0667234,0.000210998,100000
gamma,13.799999999999999,Si,2.0,0.0071115,0.0863958,0.000273208,100000
gamma,13.899999999999999,Si,0.5,0.000366815,0.00984324,3.1127e-05,100000
gamma,13.899999999999999,Si,0.75,0.000949766,0.0201317,6.36619e-05,100000
gamma,13.899999999999999,Si,1.0,0.0015403,0.0279537,8.83974e-05,100000
gamma,13.899999999999999,Si,1.25,0.00239234,0.0396566,0.000125405,100000
gamma,13.899999999999999,Si,1.5,0.00355223,0.0561111,0.000177439,100000
gamma,13.899999999999999,Si,1.75,0.00483018,0.0657423,0.000207895,100000
gamma,13.899999999999999,Si,2.0,0.0070993,0.0860387,0.000272078,100000
gamma,13.999999999999998,Si,0.5,0.000413405,0.0106653,3.37268e-05,100000
gamma,13.999999999999998,Si,0.75,0.000922525,0.0188783,5.96985e-05,100000
gamma,13.999999999999998,Si,1.0,0.00159469,0.0282686,8.9393e-05,100000
gamma,13.999999999999998,Si,1.25,0.002775,0.0440638,0.000139342,100000
gamma,13.999999999999998,Si,1.5,0.00409179,0.0598898,0.000189388,100000
gamma,13.999999999999998,Si,1.75,0.00486589,0.0660033,0.000208721,100000
gamma,13.999999999999998,Si,2.0,0.0065277,0.0825281,0.000260977,100000
gamma,14.099999999999998,Si,0.5,0.000457293,0.0118619,3.75108e-05,100000
gamma,14.099999999999998,Si,0.75,0.00098943,0.0203695,6.44141e-05,100000
gamma,14.099999999999998,Si,1.0,0.0016433,0.0293763,9.28961e-05,100000
gamma,14.099999999999998,Si,1.25,0.00225292,0.0378913,0.000119823,100000
gamma,14.099999999999998,Si,1.5,0.00362528,0.053755,0.000169988,100000
gamma,14.099999999999998,Si,1.75,0.00523599,0.0717083,0.000226761,100000
gamma,14.099999999999998,Si,2.0,0.00673909,0.0854745,0.000270294,100000
gamma,14.2,Si,0.5,0.000431316,0.0113238,3.58091e-05,100000
gamma,14.2,Si,0.75,0.000959759,0.0186323,5.89206e-05,100000
gamma,14.2,Si,1.0,0.00133561,0.024481,7.74158e-05,100000
gamma,14.2,Si,1.25,0.00247653,0.0387731,0.000122611,100000
gamma,14.2,Si,1.5,0.0036547,0.0529411,0.000167414,100000
gamma,14.2,Si,1.75,0.00497641,0.0666013,0.000210612,100000
gamma,14.2,Si,2.0,0.00690393,0.085262,0.000269622,100000
gamma,14.299999999999999,Si,0.5,0.000398405,0.0107102,3.38685e-05,100000
gamma,14.299999999999999,Si,0.75,0.000983782,0.0199159,6.29795e-05,100000
gamma,14.299999999999999,Si,1.0,0.00159766,0.027869,8.81294e-05,100000
gamma,14.299999999999999,Si,1.25,0.00266544,0.0427738,0.000135263,100000
gamma,14.299999999999999,Si,1.5,0.00362238,0.0549273,0.000173695,100000
gamma,14.299999999999999,Si,1.75,0.00530674,0.0718189,0.000227111,100000
gamma,14.299999999999999,Si,2.0,0.00630964,0.0798777,0.000252595,100000
gamma,14.399999999999999,Si,0.5,0.000360953,0.00916263,2.89748e-05,100000
gamma,14.399999999999999,Si,0.75,0.000824496,0.0170252,5.38383e-05,100000
gamma,14.399999999999999,Si,1.0,0.00176594,0.0321367,0.000101625,100000
gamma,14.399999999999999,Si,1.25,0.00278645,0.0446166,0.00014109,100000
gamma,14.399999999999999,Si,1.5,0.00363522,0.0539161,0.000170498,100000
gamma,14.399999999999999,Si,1.75,0.00507028,0.0668475,0.00021139,100000
gamma,14.399999999999999,Si,2.0,0.00643046,0.0805537,0.000254733,100000
gamma,14.499999999999998,Si,0.5,0.000420431,0.0107824,3.40971e-05,100000
gamma,14.499999999999998,Si,0.75,0.000944723,0.0190186,6.01422e-05,100000
gamma,14.499999999999998,Si,1.0,0.00170749,0.0307363,9.71967e-05,100000
gamma,14.499999999999998,Si,1.25,0.00271956,0.0419604,0.000132691,100000
gamma,14.499999999999998,Si,1.5,0.00392078,0.0570954,0.000180552,100000
gamma,14.499999999999998,Si,1.75,0.00539475,0.0730992,0.00023116,100000
gamma,14.499999999999998,Si,2.0,0.00743261,0.0929538,0.000293946,100000
gamma,14.599999999999998,Si,0.5,0.000413127,0.0103698,3.27922e-05,100000
gamma,14.599999999999998,Si,0.75,0.00083941,0.0171728,5.43052e-05,100000
gamma,14.599999999999998,Si,1.0,0.00160835,0.0301673,9.53975e-05,100000
gamma,14.599999999999998,Si,1.25,0.00257277,0.0414822,0.000131178,100000
gamma,14.599999999999998,Si,1.5,0.00359912,0.0531895,0.0001682,100000
gamma,14.599999999999998,Si,1.75,0.00489828,0.0659205,0.000208459,100000
gamma,14.599999999999998,Si,2.0,0.00682656,0.0833891,0.000263699,100000
gamma,14.7,Si,0.5,0.000419336,0.0115243,3.6443e-05,100000
gamma,14.7,Si,0.75,0.000824687,0.0175107,5.53736e-05,100000
gamma,14.7,Si,1.0,0.00172592,0.0297737,9.41526e-05,100000
gamma,14.7,Si,1.25,0.00280359,0.0434774,0.000137488,100000
gamma,14.7,Si,1.5,0.00371702,0.0532449,0.000168375,100000
gamma,14.7,Si,1.75,0.00516956,0.0689483,0.000218034,100000
gamma,14.7,Si,2.0,0.00669,0.0836983,0.000264677,100000
gamma,14.799999999999999,Si,0.5,0.000403769,0.00996107,3.14997e-05,100000
gamma,14.799999999999999,Si,0.75,0.000912272,0.0177888,5.6253e-05,100000
gamma,14.799999999999999,Si,1.0,0.00151539,0.0283728,8.97226e-05,100000
gamma,14.799999999999999,Si,1.25,0.00271139,0.0429824,0.000135922,100000
gamma,14.799999999999999,Si,1.5,0.00413997,0.0574935,0.00018181,100000
gamma,14.799999999999999,Si,1.75,0.00495535,0.0699413,0.000221174,100000
gamma,14.799999999999999,Si,2.0,0.00675262,0.0844533,0.000267065,100000
gamma,14.899999999999999,Si,0.5,0.000341784,0.0088946,2.81272e-05,100000
gamma,14.899999999999999,Si,0.75,0.000808449,0.0169331,5.35471e-05,100000
gamma,14.899999999999999,Si,1.0,0.00162419,0.0298224,9.43068e-05,100000
gamma,14.899999999999999,Si,1.25,0.00286325,0.0447279,0.000141442,100000
gamma,14.899999999999999,Si,1.5,0.00390353,0.0555058,0.000175525,100000
gamma,14.899999999999999,Si,1.75,0.00472464,0.0651161,0.000205915,100000
gamma,14.899999999999999,Si,2.0,0.00649342,0.0825104,0.000260921,100000
gamma,14.999999999999998,Si,0.5,0.000365696,0.00988638,3.12635e-05,100000
gamma,14.999999999999998,Si,0.75,0.000889215,0.0184636,5.8387e-05,100000
gamma,14.999999999999998,Si,1.0,0.00154279,0.0266991,8.44299e-05,100000
gamma,14.999999999999998,Si,1.25,0.00250129,0.0405929,0.000128366,100000
gamma,14.999999999999998,Si,1.5,0.00407569,0.0572736,0.000181115,100000
gamma,14.999999999999998,Si,1.75,0.00478665,0.0644054,0.000203668,100000
gamma,14.999999999999998,Si,2.0,0.00694842,0.0863929,0.000273198,100000
gamma,15.099999999999998,Si,0.5,0.000416606,0.0104399,3.30139e-05,100000
gamma,15.099999999999998,Si,0.75,0.00101985,0.0221254,6.99667e-05,100000
gamma,15.099999999999998,Si,1.0,0.00150732,0.0269143,8.51106e-05,100000
gamma,15.099999999999998,Si,1.25,0.00255974,0.0415199,0.000131297,100000
gamma,15.099999999999998,Si,1.5,0.00363115,0.0537393,0.000169939,100000
gamma,15.099999999999998,Si,1.75,0.00520389,0.0689698,0.000218102,100000
gamma,15.099999999999998,Si,2.0,0.00676879,0.0843545,0.000266752,100000
gamma,15.199999999999998,Si,0.5,0.000457079,0.0119222,3.77013e-05,100000
gamma,15.199999999999998,Si,0.75,0.00104973,0.0212123,6.70793e-05,100000
gamma,15.199999999999998,Si,1.0,0.00164228,0.0287075,9.07812e-05,100000
gamma,15.199999999999998,Si,1.25,0.00268006,0.0421391,0.000133256,100000
gamma,15.199999999999998,Si,1.5,0.00412314,0.0610272,0.000192985,100000
gamma,15.199999999999998,Si,1.75,0.00495341,0.0656433,0.000207582,100000
gamma,15.199999999999998,Si,2.0,0.00712008,0.0909411,0.000287581,100000
gamma,15.299999999999999,Si,0.5,0.000359405,0.00975933,3.08617e-05,100000
gamma,15.299999999999999,Si,0.75,0.00106022,0.0225789,7.14007e-05,100000
gamma,15.299999999999999,Si,1.0,0.00159894,0.0286948,9.07409e-05,100000
gamma,15.299999999999999,Si,1.25,0.00254227,0.0397812,0.000125799,100000
gamma,15.299999999999999,Si,1.5,0.00373431,0.0567861,0.000179574,100000
gamma,15.299999999999999,Si,1.75,0.00493087,0.0674784,0.000213385,100000
gamma,15.299999999999999,Si,2.0,0.00677056,0.0846032,0.000267539,100000
gamma,15.399999999999999,Si,0.5,0.000393731,0.0103316,3.26714e-05,100000
gamma,15.399999999999999,Si,0.75,0.000909095,0.0210656,6.66154e-05,100000
gamma,15.399999999999999,Si,1.0,0.00166154,0.0285101,9.01568e-05,100000
gamma,15.399999999999999,Si,1.25,0.00273795,0.0412556,0.000130462,100000
gamma,15.399999999999999,Si,1.5,0.00360457,0.0534453,0.000169009,100000
gamma,15.399999999999999,Si,1.75,0.0051657,0.0690275,0.000218284,100000
gamma,15.399999999999999,Si,2.0,0.0061681,0.0806041,0.000254893,100000
gamma,15.499999999999998,Si,0.5,0.000358165,0.00918325,2.904e-05,100000
gamma,15.499999999999998,Si,0.75,0.000938569,0.0196691,6.21992e-05,100000
gamma,15.499999999999998,Si,1.0,0.00160573,0.0281524,8.90257e-05,100000
gamma,15.499999999999998,Si,1.25,0.00263999,0.0406383,0.000128509,100000
gamma,15.499999999999998,Si,1.5,0.00394813,0.0567286,0.000179391,100000
gamma,15.499999999999998,Si,1.75,0.00513433,0.0686697,0.000217153,100000
gamma,15.499999999999998,Si,2.0,0.00649226,0.0823316,0.000260356,100000
gamma,15.599999999999998,Si,0.5,0.000423007,0.0107285,3.39265e-05,100000
gamma,15.599999999999998,Si,0.75,0.000902462,0.0181526,5.74035e-05,100000
gamma,15.599999999999998,Si,1.0,0.00171092,0.0304815,9.63909e-05,100000
gamma,15.599999999999998,Si,1.25,0.00266786,0.0440219,0.00013921,100000
gamma,15.599999999999998,Si,1.5,0.00413234,0.058263,0.000184244,100000
gamma,15.599999999999998,Si,1.75,0.00519028,0.0682889,0.000215949,100000
gamma,15.599999999999998,Si,2.0,0.00707033,0.0875953,0.000277001,100000
gamma,15.699999999999998,Si,0.5,0.00041953,0.0104371,3.30051e-05,100000
gamma,15.699999999999998,Si,0.75,0.000905001,0.0181995,5.7552e-05,100000
gamma,15.699999999999998,Si,1.0,0.0017014,0.0321934,0.000101804,100000
gamma,15.699999999999998,Si,1.25,0.00242087,0.0393421,0.000124411,100000
gamma,15.699999999999998,Si,1.5,0.00378036,0.0541152,0.000171127,100000
gamma,15.699999999999998,Si,1.75,0.00527581,0.0717975,0.000227043,100000
gamma,15.699999999999998,Si,2.0,0.00660655,0.086144,0.000272411,100000
gamma,15.799999999999999,Si,0.5,0.000400276,0.0106634,3.37207e-05,100000
gamma,15.799999999999999,Si,0.75,0.000895596,0.0195453,6.18076e-05,100000
gamma,15.799999999999999,Si,1.0,0.00154361,0.0279743,8.84624e-05,100000
gamma,15.799999999999999,Si,1.25,0.0026636,0.0430417,0.00013611,100000
gamma,15.799999999999999,Si,1.5,0.00382318,0.0543235,0.000171786,100000
gamma,15.799999999999999,Si,1.75,0.00496498,0.0649639,0.000205434,100000
gamma,15.799999999999999,Si,2.0,0.00640965,0.0824951,0.000260873,100000
gamma,15.899999999999999,Si,0.5,0.00041849,0.0103575,3.27533e-05,100000
gamma,15.899999999999999,Si,0.75,0.000905113,0.0187621,5.93309e-05,100000
gamma,15.899999999999999,Si,1.0,0.00149449,0.0255703,8.08603e-05,100000
gamma,15.899999999999999,Si,1.25,0.00248585,0.0405856,0.000128343,100000
gamma,15.899999999999999,Si,1.5,0.00374991,0.0551947,0.000174541,100000
gamma,15.899999999999999,Si,1.75,0.00505565,0.068261,0.00021586,100000
gamma,15.899999999999999,Si,2.0,0.00699359,0.0871292,0.000275527,100000
gamma,15.999999999999998,Si,0.5,0.000387516,0.00940067,2.97275e-05,100000
gamma,15.999999999999998,Si,0.75,0.000933238,0.0207414,6.55901e-05,100000
gamma,15.999999999999998,Si,1.0,0.00180921,0.0315501,9.97702e-05,100000
gamma,15.999999999999998,Si,1.25,0.00256188,0.041917,0.000132553,100000
gamma,15.999999999999998,Si,1.5,0.00381132,0.0570279,0.000180338,100000
gamma,15.999999999999998,Si,1.75,0.00551305,0.0712734,0.000225386,100000
gamma,15.999999999999998,Si,2.0,0.00703631,0.0878186,0.000277707,100000
gamma,16.099999999999998,Si,0.5,0.000361393,0.00937176,2.96361e-05,100000
gamma,16.099999999999998,Si,0.75,0.000857094,0.0179766,5.68469e-05,100000
gamma,16.099999999999998,Si,1.0,0.00157214,0.0281338,8.89668e-05,100000
gamma,16.099999999999998,Si,1.25,0.00248753,0.0396641,0.000125429,100000
gamma,16.099999999999998,Si,1.5,0.00378848,0.0549475,0.000173759,100000
gamma,16.099999999999998,Si,1.75,0.00477837,0.0638956,0.000202056,100000
gamma,16.099999999999998,Si,2.0,0.00732387,0.0923647,0.000292083,100000
gamma,16.2,Si,0.5,0.000419289,0.0101959,3.22421e-05,100000
gamma,16.2,Si,0.75,0.000911493,0.0190644,6.02869e-05,100000
gamma,16.2,Si,1.0,0.0016243,0.0284932,9.01034e-05,100000
gamma,16.2,Si,1.25,0.00255964,0.0421341,0.00013324,100000
gamma,16.2,Si,1.5,0.00400919,0.0567871,0.000179577,100000
gamma,16.2,Si,1.75,0.0050173,0.0658279,0.000208166,100000
gamma,16.2,Si,2.0,0.00728636,0.0896559,0.000283517,100000
gamma,16.3,Si,0.5,0.000409653,0.0108008,3.41552e-05,100000
gamma,16.3,Si,0.75,0.000813773,0.0169254,5.35228e-05,100000
gamma,16.3,Si,1.0,0.00170263,0.0297117,9.39565e-05,100000
gamma,16.3,Si,1.25,0.00265901,0.0420879,0.000133094,100000
gamma,16.3,Si,1.5,0.00413362,0.0588996,0.000186257,100000
gamma,16.3,Si,1.75,0.0049902,0.0686687,0.000217149,100000
gamma,16.3,Si,2.0,0.00708005,0.0865136,0.00027358,100000
gamma,16.4,Si,0.5,0.000405515,0.0102469,3.24035e-05,100000
gamma,16.4,Si,0.75,0.000857765,0.0183568,5.80494e-05,100000
gamma,16.4,Si,1.0,0.00143013,0.0257425,8.1405e-05,100000
gamma,16.4,Si,1.25,0.00252494,0.0401867,0.000127082,100000
gamma,16.4,Si,1.5,0.00391894,0.0582487,0.000184198,100000
gamma,16.4,Si,1.75,0.00492371,0.0652288,0.000206272,100000
gamma,16.4,Si,2.0,0.00701385,0.0870201,0.000275182,100000
gamma,16.5,Si,0.5,0.00034553,0.00897667,2.83867e-05,100000
gamma,16.5,Si,0.75,0.000953818,0.0189263,5.98501e-05,100000
gamma,16.5,Si,1.0,0.00156266,0.0296186,9.36622e-05,100000
gamma,16.5,Si,1.25,0.00272468,0.0409701,0.000129559,100000
gamma,16.5,Si,1.5,0.0037403,0.055287,0.000174833,100000
gamma,16.5,Si,1.75,0.00509407,0.0685334,0.000216722,100000
gamma,16.5,Si,2.0,0.00663431,0.0826959,0.000261507,100000
gamma,16.6,Si,0.5,0.000412885,0.0106557,3.36964e-05,100000
gamma,16.6,Si,0.75,0.00103286,0.0205136,6.48698e-05,100000
gamma,16.6,Si,1.0,0.00172634,0.0300777,9.5114e-05,100000
gamma,16.6,Si,1.25,0.00252853,0.0413925,0.000130895,100000
gamma,16.6,Si,1.5,0.00384315,0.0543412,0.000171842,100000
gamma,16.6,Si,1.75,0.00514025,0.068967,0.000218093,100000
gamma,16.6,Si,2.0,0.00668281,0.0832303,0.000263197,100000
gamma,16.7,Si,0.5,0.0004297,0.0106687,3.37375e-05,100000
gamma,16.7,Si,0.75,0.000823089,0.0174352,5.51349e-05,100000
gamma,16.7,Si,1.0,0.0016524,0.02901,9.17377e-05,100000
gamma,16.7,Si,1.25,0.00286482,0.0460986,0.000145776,100000
gamma,16.7,Si,1.5,0.00367218,0.055091,0.000174213,100000
gamma,16.7,Si,1.75,0.00516836,0.0707299,0.000223668,100000
gamma,16.7,Si,2.0,0.00678612,0.084335,0.000266691,100000
gamma,16.8,Si,0.5,0.000400514,0.00990554,3.13241e-05,100000
gamma,16.8,Si,0.75,0.000873973,0.0188325,5.95536e-05,100000
gamma,16.8,Si,1.0,0.00162196,0.0283604,8.96835e-05,100000
gamma,16.8,Si,1.25,0.00267197,0.0406557,0.000128565,100000
gamma,16.8,Si,1.5,0.00398508,0.0556525,0.000175989,100000
gamma,16.8,Si,1.75,0.00502984,0.0657139,0.000207806,100000
gamma,16.8,Si,2.0,0.00677287,0.0837743,0.000264918,100000
gamma,16.9,Si,0.5,0.000367596,0.010124,3.20149e-05,100000
gamma,16.9,Si,0.75,0.000960649,0.0210975,6.67161e-05,100000
gamma,16.9,Si,1.0,0.00167992,0.0305092,9.64786e-05,100000
gamma,16.9,Si,1.25,0.00262285,0.0423307,0.000133861,100000
gamma,16.9,Si,1.5,0.00370901,0.0551562,0.000174419,100000
gamma,16.9,Si,1.75,0.00520028,0.0691986,0.000218825,100000
gamma,16.9,Si,2.0,0.00670935,0.0832714,0.000263327,100000
gamma,17.0,Si,0.5,0.00046117,0.0122035,3.85909e-05,100000
gamma,17.0,Si,0.75,0.00100241,0.0215898,6.82728e-05,100000
gamma,17.0,Si,1.0,0.00159118,0.027822,8.79808e-05,100000
gamma,17.0,Si,1.25,0.00266128,0.0421466,0.000133279,100000
gamma,17.0,Si,1.5,0.00387561,0.0568614,0.000179811,100000
gamma,17.0,Si,1.75,0.0053267,0.0693433,0.000219283,100000
gamma,17.0,Si,2.0,0.00708279,0.0873305,0.000276163,100000
gamma,17.1,Si,0.5,0.000421588,0.0112306,3.55144e-05,100000
gamma,17.1,Si,0.75,0.00093833,0.019464,6.15507e-05,100000
gamma,17.1,Si,1.0,0.00159406,0.0281367,8.8976e-05,100000
gamma,17.1,Si,1.25,0.00267454,0.044293,0.000140067,100000
gamma,17.1,Si,1.5,0.00362801,0.0542397,0.000171521,100000
gamma,17.1,Si,1.75,0.00483547,0.0655201,0.000207193,100000
gamma,17.1,Si,2.0,0.00663821,0.0821897,0.000259907,100000
gamma,17.2,Si,0.5,0.000497491,0.0135526,4.28572e-05,100000
gamma,17.2,Si,0.75,0.000939556,0.0189686,5.99841e-05,100000
gamma,17.2,Si,1.0,0.00159902,0.0296542,9.37748e-05,100000
gamma,17.2,Si,1.25,0.00283988,0.0436186,0.000137934,100000
gamma,17.2,Si,1.5,0.00381682,0.0537163,0.000169866,100000
gamma,17.2,Si,1.75,0.00559048,0.0716716,0.000226645,100000
gamma,17.2,Si,2.0,0.00725608,0.0888074,0.000280834,100000
gamma,17.3,Si,0.5,0.000338007,0.00915508,2.89509e-05,100000
gamma,17.3,Si,0.75,0.000997404,0.0213939,6.76533e-05,100000
gamma,17.3,Si,1.0,0.00157266,0.0289538,9.156e-05,100000
gamma,17.3,Si,1.25,0.00269125,0.0417367,0.000131983,100000
gamma,17.3,Si,1.5,0.00375056,0.0542695,0.000171615,100000
gamma,17.3,Si,1.75,0.00495849,0.0672456,0.000212649,100000
gamma,17.3,Si,2.0,0.0071698,0.0922031,0.000291572,100000
gamma,17.4,Si,0.5,0.000496632,0.012229,3.86716e-05,100000
gamma,17.4,Si,0.75,0.000977163,0.0194006,6.13502e-05,100000
gamma,17.4,Si,1.0,0.001763,0.0307905,9.73681e-05,100000
gamma,17.4,Si,1.25,0.0025019,0.0408396,0.000129146,100000
gamma,17.4,Si,1.5,0.00361452,0.0543342,0.00017182,100000
gamma,17.4,Si,1.75,0.00528995,0.0709317,0.000224306,100000
gamma,17.4,Si,2.0,0.00683243,0.0838368,0.000265115,100000
gamma,17.5,Si,0.5,0.000386761,0.0100412,3.17531e-05,100000
gamma,17.5,Si,0.75,0.000954959,0.0189784,6.0015e-05,100000
gamma,17.5,Si,1.0,0.00166252,0.0302345,9.561e-05,100000
gamma,17.5,Si,1.25,0.00271295,0.0440688,0.000139358,100000
gamma,17.5,Si,1.5,0.00374944,0.053716,0.000169865,100000
gamma,17.5,Si,1.75,0.00515845,0.0689013,0.000217885,100000
gamma,17.5,Si,2.0,0.00688325,0.0860246,0.000272034,100000
gamma,17.6,Si,0.5,0.000416547,0.010531,3.3302e-05,100000
gamma,17.6,Si,0.75,0.000936709,0.0188526,5.9617e-05,100000
gamma,17.6,Si,1.0,0.00150014,0.026929,8.51569e-05,100000
gamma,17.6,Si,1.25,0.00249965,0.0401148,0.000126854,100000
gamma,17.6,Si,1.5,0.00390455,0.0557987,0.000176451,100000
gamma,17.6,Si,1.75,0.00523386,0.0685836,0.000216881,100000
gamma,17.6,Si,2.0,0.00667019,0.0816732,0.000258273,100000
gamma,17.7,Si,0.5,0.000413166,0.0106031,3.353e-05,100000
gamma,17.7,Si,0.75,0.000914873,0.0193614,6.12262e-05,100000
gamma,17.7,Si,1.0,0.00172636,0.0312964,9.89681e-05,100000
gamma,17.7,Si,1.25,0.00276446,0.0430831,0.000136241,100000
gamma,17.7,Si,1.5,0.00391074,0.0554504,0.00017535,100000
gamma,17.7,Si,1.75,0.00537158,0.071522,0.000226172,100000
gamma,17.7,Si,2.0,0.00623991,0.0818003,0.000258675,100000
gamma,17.8,Si,0.5,0.000370955,0.00933306,2.95137e-05,100000
gamma,17.8,Si,0.75,0.000818598,0.017296,5.46949e-05,100000
gamma,17.8,Si,1.0,0.0017407,0.0295184,9.33454e-05,100000
gamma,17.8,Si,1.25,0.00264255,0.0412267,0.00013037,100000
gamma,17.8,Si,1.5,0.00393208,0.0587371,0.000185743,100000
gamma,17.8,Si,1.75,0.00518123,0.0684438,0.000216438,100000
gamma,17.8,Si,2.0,0.00716662,0.0881247,0.000278675,100000
gamma,17.9,Si,0.5,0.000451515,0.0110768,3.50279e-05,100000
gamma,17.9,Si,0.75,0.000921178,0.0178983,5.65995e-05,100000
gamma,17.9,Si,1.0,0.00171953,0.0309864,9.79876e-05,100000
gamma,17.9,Si,1.25,0.00267984,0.0428928,0.000135639,100000
gamma,17.9,Si,1.5,0.00345744,0.0509043,0.000160973,100000
gamma,17.9,Si,1.75,0.00539204,0.0715098,0.000226134,100000
gamma,17.9,Si,2.0,0.00697552,0.0865463,0.000273684,100000
gamma,18.0,Si,0.5,0.000415761,0.0106893,3.38024e-05,100000
gamma,18.0,Si,0.75,0.000784143,0.0167893,5.30923e-05,100000
gamma,18.0,Si,1.0,0.00173394,0.0300633,9.50684e-05,100000
gamma,18.0,Si,1.25,0.00250902,0.0392697,0.000124182,100000
gamma,18.0,Si,1.5,0.00365334,0.0530873,0.000167877,100000
gamma,18.0,Si,1.75,0.00537559,0.0707835,0.000223837,100000
gamma,18.0,Si,2.0,0.00674142,0.0810002,0.000256145,100000
gamma,18.1,Si,0.5,0.000433512,0.010107,3.1961e-05,100000
gamma,18.1,Si,0.75,0.00095832,0.0199191,6.29898e-05,100000
gamma,18.1,Si,1.0,0.00166313,0.0297202,9.39835e-05,100000
gamma,18.1,Si,1.25,0.00259037,0.0428637,0.000135547,100000
gamma,18.1,Si,1.5,0.00372613,0.0531501,0.000168075,100000
gamma,18.1,Si,1.75,0.00508767,0.0697765,0.000220653,100000
gamma,18.1,Si,2.0,0.0070635,0.0878959,0.000277951,100000
gamma,18.2,Si,0.5,0.000416177,0.0103084,3.25981e-05,100000
gamma,18.2,Si,0.75,0.000988356,0.0206125,6.51825e-05,100000
gamma,18.2,Si,1.0,0.00175069,0.0314853,9.95653e-05,100000
gamma,18.2,Si,1.25,0.00247255,0.0400015,0.000126496,100000
gamma,18.2,Si,1.5,0.00396052,0.054163,0.000171278,100000
gamma,18.2,Si,1.75,0.0050401,0.0680106,0.000215069,100000
gamma,18.2,Si,2.0,0.00722235,0.0903538,0.000285724,100000
gamma,18.3,Si,0.5,0.000393675,0.00997646,3.15483e-05,100000
gamma,18.3,Si,0.75,0.00102697,0.0208659,6.59838e-05,100000
gamma,18.3,Si,1.0,0.0015638,0.0280696,8.87638e-05,100000
gamma,18.3,Si,1.25,0.0026755,0.0431721,0.000136522,100000
gamma,18.3,Si,1.5,0.00366837,0.0540139,0.000170807,100000
gamma,18.3,Si,1.75,0.00561243,0.07144,0.000225913,100000
gamma,18.3,Si,2.0,0.00684958,0.0868266,0.00027457,100000
gamma,18.4,Si,0.5,0.000366159,0.00928776,2.93705e-05,100000
gamma,18.4,Si,0.75,0.000940424,0.0189983,6.00778e-05,100000
gamma,18.4,Si,1.0,0.00187631,0.0327903,0.000103692,100000
gamma,18.4,Si,1.25,0.00243767,0.0398351,0.00012597,100000
gamma,18.4,Si,1.5,0.00371132,0.0558119,0.000176493,100000
gamma,18.4,Si,1.75,0.0051571,0.068325,0.000216063,100000
gamma,18.4,Si,2.0,0.00695688,0.0850938,0.00026909,100000
gamma,18.5,Si,0.5,0.000454504,0.0117283,3.70883e-05,100000
gamma,18.5,Si,0.75,0.000956001,0.0186916,5.9108e-05,100000
gamma,18.5,Si,1.0,0.00168876,0.0289694,9.16093e-05,100000
gamma,18.5,Si,1.25,0.0027512,0.0433785,0.000137175,100000
gamma,18.5,Si,1.5,0.00363544,0.0538176,0.000170186,100000
gamma,18.5,Si,1.75,0.0051632,0.0671486,0.000212342,100000
gamma,18.5,Si,2.0,0.00711093,0.0874367,0.000276499,100000
gamma,18.6,Si,0.5,0.000440029,0.0102349,3.23655e-05,100000
gamma,18.6,Si,0.75,0.00090516,0.0195551,6.18387e-05,100000
gamma,18.6,Si,1.0,0.00165986,0.0281556,8.90358e-05,100000
gamma,18.6,Si,1.25,0.00264257,0.0422,0.000133448,100000
gamma,18.6,Si,1.5,0.00383591,0.0557668,0.00017635,100000
gamma,18.6,Si,1.75,0.00498892,0.0647692,0.000204818,100000
gamma,18.6,Si,2.0,0.00631593,0.08033,0.000254026,100000
gamma,18.7,Si,0.5,0.000401915,0.0100187,3.16819e-05,100000
gamma,18.7,Si,0.75,0.000961456,0.0198749,6.28498e-05,100000
gamma,18.7,Si,1.0,0.00158048,0.0289773,9.16342e-05,100000
gamma,18.7,Si,1.25,0.00255805,0.0411092,0.000129999,100000
gamma,18.7,Si,1.5,0.00398811,0.0547692,0.000173195,100000
gamma,18.7,Si,1.75,0.00518739,0.0674995,0.000213452,100000
gamma,18.7,Si,2.0,0.00699744,0.0858987,0.000271636,100000
gamma,18.8,Si,0.5,0.000416312,0.0114484,3.62031e-05,100000
gamma,18.8,Si,0.75,0.00086278,0.0176065,5.56767e-05,100000
gamma,18.8,Si,1.0,0.00174703,0.0307874,9.73583e-05,100000
gamma,18.8,Si,1.25,0.00267478,0.0412548,0.000130459,100000
gamma,18.8,Si,1.5,0.00368576,0.052268,0.000165286,100000
gamma,18.8,Si,1.75,0.0052431,0.0696648,0.000220299,100000
gamma,18.8,Si,2.0,0.00688976,0.0849611,0.000268671,100000
gamma,18.9,Si,0.5,0.000387993,0.0101864,3.22121e-05,100000
gamma,18.9,Si,0.75,0.000873666,0.0191443,6.05395e-05,100000
gamma,18.9,Si,1.0,0.00176179,0.0303912,9.61053e-05,100000
gamma,18.9,Si,1.25,0.0026492,0.0427696,0.000135249,100000
gamma,18.9,Si,1.5,0.00354841,0.0512254,0.000161989,100000
gamma,18.9,Si,1.75,0.00569289,0.0743241,0.000235033,100000
gamma,18.9,Si,2.0,0.00726658,0.0905796,0.000286438,100000
gamma,19.0,Si,0.5,0.000409468,0.0101386,3.20611e-05,100000
gamma,19.0,Si,0.75,0.00096656,0.0191723,6.0628e-05,100000
gamma,19.0,Si,1.0,0.00166899,0.0302462,9.5647e-05,100000
gamma,19.0,Si,1.25,0.00270392,0.0422386,0.00013357,100000
gamma,19.0,Si,1.5,0.00397629,0.0557968,0.000176445,100000
gamma,19.0,Si,1.75,0.00514878,0.0680545,0.000215207,100000
gamma,19.0,Si,2.0,0.00720557,0.0886114,0.000280214,100000
gamma,19.1,Si,0.5,0.000403325,0.0101771,3.2183e-05,100000
gamma,19.1,Si,0.75,0.00103062,0.0209231,6.61648e-05,100000
gamma,19.1,Si,1.0,0.00175605,0.029046,9.18515e-05,100000
gamma,19.1,Si,1.25,0.00231362,0.0369132,0.00011673,100000
gamma,19.1,Si,1.5,0.00382139,0.0528777,0.000167214,100000
gamma,19.1,Si,1.75,0.00536223,0.0698589,0.000220913,100000
gamma,19.1,Si,2.0,0.00675763,0.0849324,0.00026858,100000
gamma,19.2,Si,0.5,0.000405987,0.0102153,3.23037e-05,100000
gamma,19.2,Si,0.75,0.000844705,0.0172905,5.46773e-05,100000
gamma,19.2,Si,1.0,0.00170017,0.0309031,9.77243e-05,100000
gamma,19.2,Si,1.25,0.00265048,0.040817,0.000129075,100000
gamma,19.2,Si,1.5,0.00383652,0.0550283,0.000174015,100000
gamma,19.2,Si,1.75,0.00513404,0.0676762,0.000214011,100000
gamma,19.2,Si,2.0,0.00682655,0.083312,0.000263456,100000
gamma,19.3,Si,0.5,0.000393066,0.0108278,3.42404e-05,100000
gamma,19.3,Si,0.75,0.000958961,0.0195449,6.18065e-05,100000
gamma,19.3,Si,1.0,0.00167003,0.031135,9.84576e-05,100000
gamma,19.3,Si,1.25,0.0026449,0.0423085,0.000133791,100000
gamma,19.3,Si,1.5,0.00369051,0.0540391,0.000170887,100000
gamma,19.3,Si,1.75,0.00546616,0.0723076,0.000228657,100000
gamma,19.3,Si,2.0,0.00667789,0.0835563,0.000264228,100000
gamma,19.4,Si,0.5,0.000394701,0.0110321,3.48866e-05,100000
gamma,19.4,Si,0.75,0.000929857,0.0192361,6.08299e-05,100000
gamma,19.4,Si,1.0,0.0016551,0.0289218,9.14588e-05,100000
gamma,19.4,Si,1.25,0.00271406,0.0432704,0.000136833,100000
gamma,19.4,Si,1.5,0.00366719,0.0552511,0.000174719,100000
gamma,19.4,Si,1.75,0.0055227,0.0731659,0.000231371,100000
gamma,19.4,Si,2.0,0.00710193,0.0882736,0.000279146,100000
gamma,19.5,Si,0.5,0.000411746,0.00999946,3.16211e-05,100000
gamma,19.5,Si,0.75,0.00086847,0.0184351,5.82969e-05,100000
gamma,19.5,Si,1.0,0.00162193,0.0303066,9.58379e-05,100000
gamma,19.5,Si,1.25,0.00262482,0.0403541,0.000127611,100000
gamma,19.5,Si,1.5,0.00363412,0.0519959,0.000164425,100000
gamma,19.5,Si,1.75,0.00523956,0.0679396,0.000214844,100000
gamma,19.5,Si,2.0,0.00692601,0.0873981,0.000276377,100000
gamma,19.6,Si,0.5,0.000407395,0.00986811,3.12057e-05,100000
gamma,19.6,Si,0.75,0.000969754,0.0197236,6.23713e-05,100000
gamma,19.6,Si,1.0,0.00169074,0.0285655,9.03321e-05,100000
gamma,19.6,Si,1.25,0.00246987,0.0431168,0.000136347,100000
gamma,19.6,Si,1.5,0.00388559,0.0555005,0.000175508,100000
gamma,19.6,Si,1.75,0.00556098,0.0720083,0.00022771,100000
gamma,19.6,Si,2.0,0.00713494,0.0890324,0.000281545,100000
gamma,19.7,Si,0.5,0.000419519,0.0109621,3.46652e-05,100000
gamma,19.7,Si,0.75,0.000948154,0.0190211,6.01499e-05,100000
gamma,19.7,Si,1.0,0.00173507,0.029696,9.39071e-05,100000
gamma,19.7,Si,1.25,0.00255666,0.040408,0.000127781,100000
gamma,19.7,Si,1.5,0.00392218,0.0557462,0.000176285,100000
gamma,19.7,Si,1.75,0.00530498,0.0706205,0.000223322,100000
gamma,19.7,Si,2.0,0.00646314,0.0809786,0.000256077,100000
gamma,19.8,Si,0.5,0.000448914,0.0105809,3.34599e-05,100000
gamma,19.8,Si,0.75,0.000886313,0.0199377,6.30484e-05,100000
gamma,19.8,Si,1.0,0.00164056,0.0279725,8.84568e-05,100000
gamma,19.8,Si,1.25,0.00297004,0.0460986,0.000145777,100000
gamma,19.8,Si,1.5,0.0037924,0.0549378,0.000173729,100000
gamma,19.8,Si,1.75,0.00509758,0.0666928,0.000210901,100000
gamma,19.8,Si,2.0,0.00675544,0.0846725,0.000267758,100000
gamma,19.9,Si,0.5,0.000400402,0.00977053,3.08971e-05,100000
gamma,19.9,Si,0.75,0.0009196,0.0188943,5.97489e-05,100000
gamma,19.9,Si,1.0,0.00177306,0.0314448,9.94371e-05,100000
gamma,19.9,Si,1.25,0.00272622,0.0434507,0.000137403,100000
gamma,19.9,Si,1.5,0.00381821,0.0541163,0.000171131,100000
gamma,19.9,Si,1.75,0.00542536,0.0705229,0.000223013,100000
gamma,19.9,Si,2.0,0.00707083,0.0876692,0.000277234,100000
gamma,20.0,Si,0.5,0.00045566,0.0108853,3.44223e-05,100000
gamma,20.0,Si,0.75,0.00093626,0.019001,6.00864e-05,100000
gamma,20.0,Si,1.0,0.00167192,0.0289878,9.16675e-05,100000
gamma,20.0,Si,1.25,0.00269366,0.0414751,0.000131156,100000
gamma,20.0,Si,1.5,0.00385763,0.0564326,0.000178455,100000
gamma,20.0,Si,1.75,0.00530724,0.0690238,0.000218272,100000
gamma,20.0,Si,2.0,0.00685266,0.0870123,0.000275157,100000
neutron,0.1,Si,0.5,1.74779e-05,0.00038751,1.22541e-06,100000
neutron,0.1,Si,0.75,2.52427e-05,0.000473159,1.49626e-06,100000
neutron,0.1,Si,1.0,3.29864e-05,0.000534733,1.69097e-06,100000
neutron,0.1,Si,1.25,4.56947e-05,0.000635615,2.00999e-06,100000
neutron,0.1,Si,1.5,5.43729e-05,0.000691714,2.18739e-06,100000
neutron,0.1,Si,1.75,6.2116e-05,0.000750069,2.37193e-06,100000
neutron,0.1,Si,2.0,7.17776e-05,0.000802664,2.53825e-06,100000
neutron,0.2,Si,0.5,0.000411558,0.0028013,8.8585e-06,100000
neutron,0.2,Si,0.75,0.000648992,0.00358074,1.13233e-05,100000
neutron,0.2,Si,1.0,0.000829295,0.00405254,1.28153e-05,100000
neutron,0.2,Si,1.25,0.00106787,0.00464948,1.4703e-05,100000
neutron,0.2,Si,1.5,0.0012724,0.00507901,1.60612e-05,100000
neutron,0.2,Si,1.75,0.00150593,0.00557342,1.76247e-05,100000
neutron,0.2,Si,2.0,0.00177892,0.00609262,1.92666e-05,100000
neutron,0.3,Si,0.5,0.00020963,0.00240034,7.59054e-06,100000
neutron,0.3,Si,0.75,0.000311863,0.00295278,9.33751e-06,100000
neutron,0.3,Si,1.0,0.000423248,0.00341291,1.07926e-05,100000
neutron,0.3,Si,1.25,0.000537869,0.00389796,1.23264e-05,100000
neutron,0.3,Si,1.5,0.000654361,0.00433994,1.37241e-05,100000
neutron,0.3,Si,1.75,0.000788376,0.0047616,1.50575e-05,100000
neutron,0.3,Si,2.0,0.000866594,0.00504437,1.59517e-05,100000
neutron,0.4,Si,0.5,0.000218272,0.00281173,8.89147e-06,100000
neutron,0.4,Si,0.75,0.000321419,0.00335457,1.06081e-05,100000
neutron,0.4,Si,1.0,0.000440254,0.00399981,1.26485e-05,100000
neutron,0.4,Si,1.25,0.000569733,0.00456924,1.44492e-05,100000
neutron,0.4,Si,1.5,0.000672501,0.00492183,1.55642e-05,100000
neutron,0.4,Si,1.75,0.000807969,0.00549004,1.7361e-05,100000
neutron,0.4,Si,2.0,0.000910623,0.00585733,1.85225e-05,100000
neutron,0.5,Si,0.5,0.000243015,0.00328926,1.04016e-05,100000
neutron,0.5,Si,0.75,0.000369327,0.00420742,1.3305e-05,100000
neutron,0.5,Si,1.0,0.000497579,0.00480837,1.52054e-05,100000
neutron,0.5,Si,1.25,0.000643717,0.00547022,1.72984e-05,100000
neutron,0.5,Si,1.5,0.000781665,0.00613087,1.93875e-05,100000
neutron,0.5,Si,1.75,0.000899992,0.00647701,2.04821e-05,100000
neutron,0.5,Si,2.0,0.00103757,0.00704192,2.22685e-05,100000
neutron,0.6,Si,0.5,0.000225318,0.00319626,1.01075e-05,100000
neutron,0.6,Si,0.75,0.000363148,0.00413141,1.30647e-05,100000
neutron,0.6,Si,1.0,0.000506666,0.00505333,1.598e-05,100000
neutron,0.6,Si,1.25,0.000622011,0.00558976,1.76764e-05,100000
neutron,0.6,Si,1.5,0.000738335,0.0060902,1.92589e-05,100000
neutron,0.6,Si,1.75,0.000888161,0.00672698,2.12726e-05,100000
neutron,0.6,Si,2.0,0.000984901,0.00710544,2.24694e-05,100000
neutron,0.7,Si,0.5,0.000269147,0.00401391,1.26931e-05,100000
neutron,0.7,Si,0.75,0.000391399,0.00486334,1.53792e-05,100000
neutron,0.7,Si,1.0,0.000508172,0.00556368,1.75939e-05,100000
neutron,0.7,Si,1.25,0.000621333,0.00618002,1.95429e-05,100000
neutron,0.7,Si,1.5,0.000806432,0.00704743,2.22859e-05,100000
neutron,0.7,Si,1.75,0.000957302,0.00772901,2.44413e-05,100000
neutron,0.7,Si,2.0,0.00103195,0.00810246,2.56222e-05,100000
neutron,0.7999999999999999,Si,0.5,0.000665445,0.00714002,2.25787e-05,100000
neutron,0.7999999999999999,Si,0.75,0.000905898,0.00836119,2.64404e-05,100000
neutron,0.7999999999999999,Si,1.0,0.00131507,0.00996452,3.15106e-05,100000
neutron,0.7999999999999999,Si,1.25,0.00160512,0.0110338,3.48921e-05,100000
neutron,0.7999999999999999,Si,1.5,0.00189569,0.0120122,3.7986e-05,100000
neutron,0.7999999999999999,Si,1.75,0.00231938,0.01462,4.62325e-05,100000
neutron,0.7999999999999999,Si,2.0,0.00265277,0.0142854,4.51742e-05,100000
neutron,0.8999999999999999,Si,0.5,0.000373529,0.00536663,1.69708e-05,100000
neutron,0.8999999999999999,Si,0.75,0.000533033,0.0064179,2.02952e-05,100000
neutron,0.8999999999999999,Si,1.0,0.000696915,0.00735358,2.32541e-05,100000
neutron,0.8999999999999999,Si,1.25,0.000955817,0.00881169,2.7865e-05,100000
neutron,0.8999999999999999,Si,1.5,0.00109565,0.00935455,2.95817e-05,100000
neutron,0.8999999999999999,Si,1.75,0.00128648,0.0101917,3.22289e-05,100000
neutron,0.8999999999999999,Si,2.0,0.00153013,0.0113015,3.57383e-05,100000
neutron,0.9999999999999999,Si,0.5,0.000432554,0.00542485,1.71549e-05,100000
neutron,0.9999999999999999,Si,0.75,0.000704053,0.00700246,2.21437e-05,100000
neutron,0.9999999999999999,Si,1.0,0.000900257,0.00813693,2.57312e-05,100000
neutron,0.9999999999999999,Si,1.25,0.00113558,0.00899843,2.84555e-05,100000
neutron,0.9999999999999999,Si,1.5,0.00137205,0.0100549,3.17963e-05,100000
neutron,0.9999999999999999,Si,1.75,0.00156259,0.0106242,3.35967e-05,100000
neutron,0.9999999999999999,Si,2.0,0.00185853,0.0117403,3.7126e-05,100000
neutron,1.0999999999999999,Si,0.5,0.000288194,0.00463722,1.46642e-05,100000
neutron,1.0999999999999999,Si,0.75,0.000442119,0.00577631,1.82663e-05,100000
neutron,1.0999999999999999,Si,1.0,0.000622811,0.00694953,2.19764e-05,100000
neutron,1.0999999999999999,Si,1.25,0.000771895,0.00767979,2.42856e-05,100000
neutron,1.0999999999999999,Si,1.5,0.000936464,0.00875674,2.76912e-05,100000
neutron,1.0999999999999999,Si,1.75,0.00108672,0.00928949,2.93759e-05,100000
neutron,1.0999999999999999,Si,2.0,0.00122219,0.00977492,3.0911e-05,100000
neutron,1.2,Si,0.5,0.000469105,0.00691294,2.18606e-05,100000
neutron,1.2,Si,0.75,0.000736503,0.00852543,2.69598e-05,100000
neutron,1.2,Si,1.0,0.000910485,0.00948546,2.99957e-05,100000
neutron,1.2,Si,1.25,0.00115414,0.0106906,3.38066e-05,100000
neutron,1.2,Si,1.5,0.00139152,0.0117224,3.70693e-05,100000
neutron,1.2,Si,1.75,0.00160797,0.0127082,4.0187e-05,100000
neutron,1.2,Si,2.0,0.00193008,0.0140427,4.44069e-05,100000
neutron,1.3,Si,0.5,0.000476097,0.00723458,2.28777e-05,100000
neutron,1.3,Si,0.75,0.0007915,0.00926593,2.93015e-05,100000
neutron,1.3,Si,1.0,0.000998143,0.0102938,3.25518e-05,100000
neutron,1.3,Si,1.25,0.00129845,0.0118061,3.73341e-05,100000
neutron,1.3,Si,1.5,0.00148596,0.0127672,4.03735e-05,100000
neutron,1.3,Si,1.75,0.00176545,0.0138374,4.37578e-05,100000
neutron,1.3,Si,2.0,0.00204514,0.0150042,4.74473e-05,100000
neutron,1.4,Si,0.5,0.000429678,0.00684072,2.16323e-05,100000
neutron,1.4,Si,0.75,0.000604463,0.0081458,2.57593e-05,100000
neutron,1.4,Si,1.0,0.000874126,0.00988605,3.12624e-05,100000
neutron,1.4,Si,1.25,0.00116067,0.0114886,3.63301e-05,100000
neutron,1.4,Si,1.5,0.00134928,0.0126371,3.99622e-05,100000
neutron,1.4,Si,1.75,0.00153487,0.0132975,4.20503e-05,100000
neutron,1.4,Si,2.0,0.00174196,0.0143555,4.53961e-05,100000
neutron,1.5,Si,0.5,0.000508257,0.00789522,2.49669e-05,100000
neutron,1.5,Si,0.75,0.000707336,0.00951979,3.01042e-05,100000
neutron,1.5,Si,1.0,0.000939547,0.0109281,3.45578e-05,100000
neutron,1.5,Si,1.25,0.00123471,0.0127189,4.02208e-05,100000
neutron,1.5,Si,1.5,0.00139946,0.0133031,4.20681e-05,100000
neutron,1.5,Si,1.75,0.00179778,0.0154486,4.88526e-05,100000
neutron,1.5,Si,2.0,0.00197579,0.0158917,5.02538e-05,100000
neutron,1.5999999999999999,Si,0.5,0.000916656,0.0109664,3.46788e-05,100000
neutron,1.5999999999999999,Si,0.75,0.00141211,0.0136258,4.30886e-05,100000
neutron,1.5999999999999999,Si,1.0,0.00195022,0.0162366,5.13445e-05,100000
neutron,1.5999999999999999,Si,1.25,0.00236667,0.0176737,5.58891e-05,100000
neutron,1.5999999999999999,Si,1.5,0.00281299,0.0193556,6.12079e-05,100000
neutron,1.5999999999999999,Si,1.75,0.00334746,0.021466,6.78814e-05,100000
neutron,1.5999999999999999,Si,2.0,0.00390213,0.0231168,7.31019e-05,100000
neutron,1.7,Si,0.5,0.000437167,0.00793347,2.50878e-05,100000
neutron,1.7,Si,0.75,0.000719585,0.0102577,3.24377e-05,100000
neutron,1.7,Si,1.0,0.00101163,0.0121512,3.84253e-05,100000
neutron,1.7,Si,1.25,0.00117307,0.0131504,4.15851e-05,100000
neutron,1.7,Si,1.5,0.00135559,0.0139531,4.41234e-05,100000
neutron,1.7,Si,1.75,0.00167552,0.0156668,4.95427e-05,100000
neutron,1.7,Si,2.0,0.00195384,0.0169306,5.35394e-05,100000
neutron,1.8,Si,0.5,0.000527918,0.00927507,2.93303e-05,100000
neutron,1.8,Si,0.75,0.000724392,0.0107107,3.38702e-05,100000
neutron,1.8,Si,1.0,0.000974525,0.0124736,3.94449e-05,100000
neutron,1.8,Si,1.25,0.00119298,0.0139164,4.40075e-05,100000
neutron,1.8,Si,1.5,0.00147043,0.0155732,4.92467e-05,100000
neutron,1.8,Si,1.75,0.00176875,0.0171672,5.42874e-05,100000
neutron,1.8,Si,2.0,0.00200168,0.0185592,5.86893e-05,100000
neutron,1.9,Si,0.5,0.000492795,0.00860792,2.72206e-05,100000
neutron,1.9,Si,0.75,0.000783076,0.0111168,3.51545e-05,100000
neutron,1.9,Si,1.0,0.00103032,0.0127054,4.01779e-05,100000
neutron,1.9,Si,1.25,0.00124289,0.0141625,4.47856e-05,100000
neutron,1.9,Si,1.5,0.00163428,0.0171683,5.4291e-05,100000
neutron,1.9,Si,1.75,0.00187631,0.0175099,5.53711e-05,100000
neutron,1.9,Si,2.0,0.00214321,0.0189197,5.98292e-05,100000
neutron,2.0,Si,0.5,0.000434185,0.00777294,2.45802e-05,100000
neutron,2.0,Si,0.75,0.000749267,0.0106958,3.3823e-05,100000
neutron,2.0,Si,1.0,0.000994153,0.0122487,3.87339e-05,100000
neutron,2.0,Si,1.25,0.00126413,0.0141312,4.46867e-05,100000
neutron,2.0,Si,1.5,0.00147175,0.0150256,4.7515e-05,100000
neutron,2.0,Si,1.75,0.00181964,0.0166189,5.25535e-05,100000
neutron,2.0,Si,2.0,0.00212872,0.0204052,6.4527e-05,100000
neutron,2.0999999999999996,Si,0.5,0.000794013,0.0109705,3.46917e-05,100000
neutron,2.0999999999999996,Si,0.75,0.00112936,0.0129778,4.10394e-05,100000
neutron,2.0999999999999996,Si,1.0,0.00165434,0.0160969,5.09028e-05,100000
neutron,2.0999999999999996,Si,1.25,0.00200278,0.0176834,5.59198e-05,100000
neutron,2.0999999999999996,Si,1.5,0.00244176,0.0199691,6.31477e-05,100000
neutron,2.0999999999999996,Si,1.75,0.0028837,0.0217425,6.87559e-05,100000
neutron,2.0999999999999996,Si,2.0,0.00325357,0.023317,7.37349e-05,100000
neutron,2.1999999999999997,Si,0.5,0.000547365,0.009706,3.06931e-05,100000
neutron,2.1999999999999997,Si,0.75,0.000832092,0.0118382,3.74357e-05,100000
neutron,2.1999999999999997,Si,1.0,0.00108902,0.0139255,4.40364e-05,100000
neutron,2.1999999999999997,Si,1.25,0.00137152,0.0151772,4.79947e-05,100000
neutron,2.1999999999999997,Si,1.5,0.00166511,0.0175303,5.54358e-05,100000
neutron,2.1999999999999997,Si,1.75,0.00193592,0.0181716,5.74637e-05,100000
neutron,2.1999999999999997,Si,2.0,0.00238005,0.0222599,7.03921e-05,100000
neutron,2.3,Si,0.5,0.000688865,0.0102528,3.24223e-05,100000
neutron,2.3,Si,0.75,0.000902873,0.0117516,3.71619e-05,100000
neutron,2.3,Si,1.0,0.00122641,0.0142694,4.51238e-05,100000
neutron,2.3,Si,1.25,0.00159916,0.0155733,4.9247e-05,100000
neutron,2.3,Si,1.5,0.00186194,0.0174506,5.51835e-05,100000
neutron,2.3,Si,1.75,0.00226861,0.0195372,6.1782e-05,100000
neutron,2.3,Si,2.0,0.00260567,0.0237748,7.51826e-05,100000
neutron,2.4,Si,0.5,0.000514996,0.00918185,2.90356e-05,100000
neutron,2.4,Si,0.75,0.000795958,0.0113092,3.57628e-05,100000
neutron,2.4,Si,1.0,0.00123883,0.0159502,5.0439e-05,100000
neutron,2.4,Si,1.25,0.00125225,0.0148102,4.6834e-05,100000
neutron,2.4,Si,1.5,0.00167605,0.0194226,6.14195e-05,100000
neutron,2.4,Si,1.75,0.00192387,0.0199103,6.29617e-05,100000
neutron,2.4,Si,2.0,0.00230567,0.0232274,7.34514e-05,100000
neutron,2.5,Si,0.5,0.00135544,0.0165948,5.24773e-05,100000
neutron,2.5,Si,0.75,0.00206703,0.0204013,6.45146e-05,100000
neutron,2.5,Si,1.0,0.00269848,0.0238421,7.53954e-05,100000
neutron,2.5,Si,1.25,0.00332367,0.0268258,8.48306e-05,100000
neutron,2.5,Si,1.5,0.0040907,0.0298272,9.43218e-05,100000
neutron,2.5,Si,1.75,0.00478166,0.0324855,0.000102728,100000
neutron,2.5,Si,2.0,0.00557691,0.0361953,0.00011446,100000
neutron,2.6,Si,0.5,0.000761423,0.0115458,3.6511e-05,100000
neutron,2.6,Si,0.75,0.00119504,0.0156811,4.9588e-05,100000
neutron,2.6,Si,1.0,0.00146355,0.0165221,5.22474e-05,100000
neutron,2.6,Si,1.25,0.00190209,0.019448,6.14999e-05,100000
neutron,2.6,Si,1.5,0.00253619,0.0229187,7.24754e-05,100000
neutron,2.6,Si,1.75,0.00283519,0.0260509,8.23801e-05,100000
neutron,2.6,Si,2.0,0.00304018,0.0251473,7.95228e-05,100000
neutron,2.6999999999999997,Si,0.5,0.000728942,0.0116513,3.68445e-05,100000
neutron,2.6999999999999997,Si,0.75,0.000965073,0.0137707,4.35468e-05,100000
neutron,2.6999999999999997,Si,1.0,0.00131759,0.0154427,4.88342e-05,100000
neutron,2.6999999999999997,Si,1.25,0.00180421,0.0185314,5.86013e-05,100000
neutron,2.6999999999999997,Si,1.5,0.00215946,0.0217945,6.89201e-05,100000
neutron,2.6999999999999997,Si,1.75,0.00261304,0.0251194,7.94346e-05,100000
neutron,2.6999999999999997,Si,2.0,0.00282378,0.0259161,8.19538e-05,100000
neutron,2.8,Si,0.5,0.000726984,0.0121749,3.85004e-05,100000
neutron,2.8,Si,0.75,0.00105324,0.0150374,4.75524e-05,100000
neutron,2.8,Si,1.0,0.0014827,0.0185013,5.85063e-05,100000
neutron,2.8,Si,1.25,0.00185099,0.0210283,6.64972e-05,100000
neutron,2.8,Si,1.5,0.00213661,0.0223625,7.07163e-05,100000
neutron,2.8,Si,1.75,0.00273195,0.0270982,8.56919e-05,100000
neutron,2.8,Si,2.0,0.00289962,0.026085,8.2488e-05,100000
neutron,2.9,Si,0.5,0.000624857,0.0114881,3.63287e-05,100000
neutron,2.9,Si,0.75,0.000920437,0.016597,5.24843e-05,100000
neutron,2.9,Si,1.0,0.00134125,0.0173163,5.47588e-05,100000
neutron,2.9,Si,1.25,0.00164377,0.0195888,6.19451e-05,100000
neutron,2.9,Si,1.5,0.00198641,0.0221599,7.00757e-05,100000
neutron,2.9,Si,1.75,0.00241806,0.0246872,7.80676e-05,100000
neutron,2.9,Si,2.0,0.00264323,0.0284128,8.98492e-05,100000
neutron,3.0,Si,0.5,0.000584631,0.0110844,3.5052e-05,100000
neutron,3.0,Si,0.75,0.00102426,0.0147553,4.66603e-05,100000
neutron,3.0,Si,1.0,0.00122007,0.0184094,5.82156e-05,100000
neutron,3.0,Si,1.25,0.00171152,0.0196571,6.21611e-05,100000
neutron,3.0,Si,1.5,0.00202133,0.0220733,6.9802e-05,100000
neutron,3.0,Si,1.75,0.00224539,0.0241197,7.62731e-05,100000
neutron,3.0,Si,2.0,0.00273571,0.0274514,8.68089e-05,100000
neutron,3.0999999999999996,Si,0.5,0.000737373,0.0136231,4.30799e-05,100000
neutron,3.0999999999999996,Si,0.75,0.00111778,0.0163348,5.16551e-05,100000
neutron,3.0999999999999996,Si,1.0,0.00152961,0.019479,6.15981e-05,100000
neutron,3.0999999999999996,Si,1.25,0.00203745,0.0251028,7.93819e-05,100000
neutron,3.0999999999999996,Si,1.5,0.00247643,0.0267957,8.47353e-05,100000
neutron,3.0999999999999996,Si,1.75,0.00288362,0.0288951,9.13744e-05,100000
neutron,3.0999999999999996,Si,2.0,0.00324025,0.0304775,9.63783e-05,100000
neutron,3.1999999999999997,Si,0.5,0.000536819,0.0114112,3.60853e-05,100000
neutron,3.1999999999999997,Si,0.75,0.00096595,0.0159675,5.04938e-05,100000
neutron,3.1999999999999997,Si,1.0,0.00122908,0.0173574,5.48889e-05,100000
neutron,3.1999999999999997,Si,1.25,0.00162635,0.0206096,6.51734e-05,100000
neutron,3.1999999999999997,Si,1.5,0.00195116,0.0230318,7.28329e-05,100000
neutron,3.1999999999999997,Si,1.75,0.00235089,0.0270671,8.55935e-05,100000
neutron,3.1999999999999997,Si,2.0,0.00284523,0.0296618,9.3799e-05,100000
neutron,3.3,Si,0.5,0.000685781,0.0132492,4.18976e-05,100000
neutron,3.3,Si,0.75,0.000968365,0.0155608,4.92075e-05,100000
neutron,3.3,Si,1.0,0.0014421,0.0190685,6.03e-05,100000
neutron,3.3,Si,1.25,0.00178769,0.0243792,7.70938e-05,100000
neutron,3.3,Si,1.5,0.0022113,0.0254296,8.04154e-05,100000
neutron,3.3,Si,1.75,0.00264146,0.0290074,9.17296e-05,100000
neutron,3.3,Si,2.0,0.00299414,0.030534,9.65568e-05,100000
neutron,3.4,Si,0.5,0.000720685,0.0134228,4.24465e-05,100000
neutron,3.4,Si,0.75,0.00109044,0.0164041,5.18745e-05,100000
neutron,3.4,Si,1.0,0.00146178,0.0190136,6.01262e-05,100000
neutron,3.4,Si,1.25,0.00182239,0.0243627,7.70417e-05,100000
neutron,3.4,Si,1.5,0.00238745,0.026717,8.44865e-05,100000
neutron,3.4,Si,1.75,0.00277814,0.0305155,9.64986e-05,100000
neutron,3.4,Si,2.0,0.00307545,0.0311771,9.85906e-05,100000
neutron,3.5,Si,0.5,0.00072073,0.0135895,4.29739e-05,100000
neutron,3.5,Si,0.75,0.00126684,0.0179548,5.67781e-05,100000
neutron,3.5,Si,1.0,0.00174499,0.0219004,6.92552e-05,100000
neutron,3.5,Si,1.25,0.00215623,0.0246741,7.80263e-05,100000
neutron,3.5,Si,1.5,0.00248228,0.0256992,8.12681e-05,100000
neutron,3.5,Si,1.75,0.00299938,0.0299951,9.48528e-05,100000
neutron,3.5,Si,2.0,0.00350844,0.0321227,0.000101581,100000
neutron,3.5999999999999996,Si,0.5,0.000698699,0.0136297,4.31009e-05,100000
neutron,3.5999999999999996,Si,0.75,0.000992571,0.0163487,5.16992e-05,100000
neutron,3.5999999999999996,Si,1.0,0.00136337,0.0195104,6.16973e-05,100000
neutron,3.5999999999999996,Si,1.25,0.00184744,0.0231785,7.32969e-05,100000
neutron,3.5999999999999996,Si,1.5,0.00222113,0.0283965,8.97975e-05,100000
neutron,3.5999999999999996,Si,1.75,0.00255542,0.0275978,8.72719e-05,100000
neutron,3.5999999999999996,Si,2.0,0.00319613,0.0318194,0.000100622,100000
neutron,3.6999999999999997,Si,0.5,0.000690583,0.0137591,4.351e-05,100000
neutron,3.6999999999999997,Si,0.75,0.00125126,0.0222516,7.03657e-05,100000
neutron,3.6999999999999997,Si,1.0,0.00156531,0.021331,6.74547e-05,100000
neutron,3.6999999999999997,Si,1.25,0.00204661,0.0273329,8.64341e-05,100000
neutron,3.6999999999999997,Si,1.5,0.00245631,0.0291157,9.20719e-05,100000
neutron,3.6999999999999997,Si,1.75,0.00297536,0.030252,9.56653e-05,100000
neutron,3.6999999999999997,Si,2.0,0.00315929,0.030906,9.77333e-05,100000
neutron,3.8,Si,0.5,0.000860901,0.0189887,6.00474e-05,100000
neutron,3.8,Si,0.75,0.00122224,0.0184234,5.82599e-05,100000
neutron,3.8,Si,1.0,0.00170444,0.02318,7.33018e-05,100000
neutron,3.8,Si,1.25,0.00223207,0.0286183,9.0499e-05,100000
neutron,3.8,Si,1.5,0.00263465,0.0332262,0.00010507,100000
neutron,3.8,Si,1.75,0.00315984,0.0324211,0.000102525,100000
neutron,3.8,Si,2.0,0.00363222,0.0379264,0.000119934,100000
neutron,3.9,Si,0.5,0.000856978,0.0194897,6.16319e-05,100000
neutron,3.9,Si,0.75,0.00120823,0.0187877,5.9412e-05,100000
neutron,3.9,Si,1.0,0.00155378,0.0253843,8.02723e-05,100000
neutron,3.9,Si,1.25,0.00188909,0.023896,7.55659e-05,100000
neutron,3.9,Si,1.5,0.0025304,0.0341003,0.000107835,100000
neutron,3.9,Si,1.75,0.00301502,0.0356487,0.000112731,100000
neutron,3.9,Si,2.0,0.00342991,0.0360185,0.0001139,100000
neutron,3.9999999999999996,Si,0.5,0.000926871,0.0173814,5.49647e-05,100000
neutron,3.9999999999999996,Si,0.75,0.00151372,0.0256771,8.11982e-05,100000
neutron,3.9999999999999996,Si,1.0,0.00185844,0.0275101,8.69946e-05,100000
neutron,3.9999999999999996,Si,1.25,0.00231397,0.0276212,8.7346e-05,100000
neutron,3.9999999999999996,Si,1.5,0.00300362,0.0345862,0.000109371,100000
neutron,3.9999999999999996,Si,1.75,0.00336472,0.0350052,0.000110696,100000
neutron,3.9999999999999996,Si,2.0,0.00381029,0.0399229,0.000126247,100000
neutron,4.1,Si,0.5,0.000710816,0.0196346,6.20901e-05,100000
neutron,4.1,Si,0.75,0.00106049,0.0188092,5.948e-05,100000
neutron,4.1,Si,1.0,0.00127994,0.0231758,7.32882e-05,100000
neutron,4.1,Si,1.25,0.00189332,0.0277615,8.77895e-05,100000
neutron,4.1,Si,1.5,0.00203116,0.0256006,8.09561e-05,100000
neutron,4.1,Si,1.75,0.00270823,0.0381238,0.000120558,100000
neutron,4.1,Si,2.0,0.00296359,0.0381361,0.000120597,100000
neutron,4.199999999999999,Si,0.5,0.00105468,0.0186922,5.911e-05,100000
neutron,4.199999999999999,Si,0.75,0.00145287,0.0251709,7.95973e-05,100000
neutron,4.199999999999999,Si,1.0,0.00187327,0.0280091,8.85727e-05,100000
neutron,4.199999999999999,Si,1.25,0.00247524,0.0290937,9.20023e-05,100000
neutron,4.199999999999999,Si,1.5,0.00326127,0.0337609,0.000106761,100000
neutron,4.199999999999999,Si,1.75,0.00340159,0.0408424,0.000129155,100000
neutron,4.199999999999999,Si,2.0,0.00407719,0.04047,0.000127977,100000
neutron,4.299999999999999,Si,0.5,0.00100723,0.0191159,6.04498e-05,100000
neutron,4.299999999999999,Si,0.75,0.00162443,0.0244388,7.72822e-05,100000
neutron,4.299999999999999,Si,1.0,0.00211486,0.0293235,9.27291e-05,100000
neutron,4.299999999999999,Si,1.25,0.0027636,0.0349555,0.000110539,100000
neutron,4.299999999999999,Si,1.5,0.00305692,0.0354253,0.000112025,100000
neutron,4.299999999999999,Si,1.75,0.00358726,0.0406217,0.000128457,100000
neutron,4.299999999999999,Si,2.0,0.00424567,0.0407914,0.000128994,100000
neutron,4.3999999999999995,Si,0.5,0.00116833,0.0306224,9.68366e-05,100000
neutron,4.3999999999999995,Si,0.75,0.00136472,0.0210743,6.66429e-05,100000
neutron,4.3999999999999995,Si,1.0,0.00193409,0.0290553,9.18809e-05,100000
neutron,4.3999999999999995,Si,1.25,0.0024401,0.0292765,9.25803e-05,100000
neutron,4.3999999999999995,Si,1.5,0.00293248,0.0328631,0.000103922,100000
neutron,4.3999999999999995,Si,1.75,0.00344686,0.0379853,0.00012012,100000
neutron,4.3999999999999995,Si,2.0,0.00411729,0.0425059,0.000134415,100000
neutron,4.499999999999999,Si,0.5,0.0011168,0.0206441,6.52823e-05,100000
neutron,4.499999999999999,Si,0.75,0.0017083,0.0287816,9.10154e-05,100000
neutron,4.499999999999999,Si,1.0,0.00218943,0.0287935,9.10529e-05,100000
neutron,4.499999999999999,Si,1.25,0.00256353,0.0335104,0.000105969,100000
neutron,4.499999999999999,Si,1.5,0.00331497,0.0376026,0.00011891,100000
neutron,4.499999999999999,Si,1.75,0.00403708,0.0424515,0.000134243,100000
neutron,4.499999999999999,Si,2.0,0.00473155,0.0456924,0.000144492,100000
neutron,4.6,Si,0.5,0.000950551,0.0188991,5.97641e-05,100000
neutron,4.6,Si,0.75,0.00139006,0.0227618,7.19792e-05,100000
neutron,4.6,Si,1.0,0.00194031,0.0304575,9.63151e-05,100000
neutron,4.6,Si,1.25,0.00252201,0.033021,0.000104422,100000
neutron,4.6,Si,1.5,0.00296902,0.0353424,0.000111762,100000
neutron,4.6,Si,1.75,0.0035503,0.0451218,0.000142688,100000
neutron,4.6,Si,2.0,0.00405293,0.0476097,0.000150555,100000
neutron,4.699999999999999,Si,0.5,0.00135617,0.0229319,7.25171e-05,100000
neutron,4.699999999999999,Si,0.75,0.00208777,0.0322288,0.000101916,100000
neutron,4.699999999999999,Si,1.0,0.00293543,0.0355461,0.000112407,100000
neutron,4.699999999999999,Si,1.25,0.00349026,0.0384768,0.000121674,100000
neutron,4.699999999999999,Si,1.5,0.00420457,0.0438069,0.00013853,100000
neutron,4.699999999999999,Si,1.75,0.00496152,0.052326,0.000165469,100000
neutron,4.699999999999999,Si,2.0,0.00608823,0.0562128,0.00017776,100000
neutron,4.799999999999999,Si,0.5,0.00134509,0.023899,7.55753e-05,100000
neutron,4.799999999999999,Si,0.75,0.0022695,0.0342671,0.000108362,100000
neutron,4.799999999999999,Si,1.0,0.00271786,0.0402999,0.000127439,100000
neutron,4.799999999999999,Si,1.25,0.00331932,0.0413139,0.000130646,100000
neutron,4.799999999999999,Si,1.5,0.00424028,0.0502146,0.000158792,100000
neutron,4.799999999999999,Si,1.75,0.00477968,0.0489552,0.00015481,100000
neutron,4.799999999999999,Si,2.0,0.00559579,0.0555847,0.000175774,100000
neutron,4.8999999999999995,Si,0.5,0.00125112,0.0235559,7.44902e-05,100000
neutron,4.8999999999999995,Si,0.75,0.00185519,0.0313452,9.91222e-05,100000
neutron,4.8999999999999995,Si,1.0,0.00244229,0.0394341,0.000124702,100000
neutron,4.8999999999999995,Si,1.25,0.00345131,0.0505417,0.000159827,100000
neutron,4.8999999999999995,Si,1.5,0.00396092,0.0468461,0.00014814,100000
neutron,4.8999999999999995,Si,1.75,0.00425669,0.0455691,0.000144102,100000
neutron,4.8999999999999995,Si,2.0,0.00493971,0.0523759,0.000165627,100000
neutron,4.999999999999999,Si,0.5,0.00126428,0.0275177,8.70187e-05,100000
neutron,4.999999999999999,Si,0.75,0.00215325,0.0363466,0.000114938,100000
neutron,4.999999999999999,Si,1.0,0.00264433,0.0374079,0.000118294,100000
neutron,4.999999999999999,Si,1.25,0.00349595,0.046268,0.000146312,100000
neutron,4.999999999999999,Si,1.5,0.00426851,0.0544388,0.000172151,100000
neutron,4.999999999999999,Si,1.75,0.00484409,0.0571898,0.00018085,100000
neutron,4.999999999999999,Si,2.0,0.00559803,0.0584074,0.0001847,100000
neutron,5.1,Si,0.5,0.00133934,0.0261521,8.27001e-05,100000
neutron,5.1,Si,0.75,0.00189008,0.029683,9.38658e-05,100000
neutron,5.1,Si,1.0,0.00256377,0.0460509,0.000145626,100000
neutron,5.1,Si,1.25,0.00330965,0.0440407,0.000139269,100000
neutron,5.1,Si,1.5,0.00385384,0.0503584,0.000159247,100000
neutron,5.1,Si,1.75,0.00471856,0.0636816,0.000201379,100000
neutron,5.1,Si,2.0,0.00520391,0.0569457,0.000180078,100000
neutron,5.199999999999999,Si,0.5,0.00166644,0.0327603,0.000103597,100000
neutron,5.199999999999999,Si,0.75,0.00235244,0.0336821,0.000106512,100000
neutron,5.199999999999999,Si,1.0,0.00312517,0.0432192,0.000136671,100000
neutron,5.199999999999999,Si,1.25,0.00408887,0.0472656,0.000149467,100000
neutron,5.199999999999999,Si,1.5,0.00493572,0.0525316,0.000166119,100000
neutron,5.199999999999999,Si,1.75,0.00600958,0.06271,0.000198306,100000
neutron,5.199999999999999,Si,2.0,0.00673671,0.0658818,0.000208337,100000
neutron,5.299999999999999,Si,0.5,0.00132539,0.0260985,8.25307e-05,100000
neutron,5.299999999999999,Si,0.75,0.00185711,0.0326274,0.000103177,100000
neutron,5.299999999999999,Si,1.0,0.0023325,0.0401647,0.000127012,100000
neutron,5.299999999999999,Si,1.25,0.00292071,0.0398442,0.000125999,100000
neutron,5.299999999999999,Si,1.5,0.003772,0.0495051,0.000156549,100000
neutron,5.299999999999999,Si,1.75,0.00438334,0.0547879,0.000173254,100000
neutron,5.299999999999999,Si,2.0,0.0050526,0.058955,0.000186432,100000
neutron,5.3999999999999995,Si,0.5,0.00106453,0.0244489,7.73144e-05,100000
neutron,5.3999999999999995,Si,0.75,0.00167709,0.0324545,0.00010263,100000
neutron,5.3999999999999995,Si,1.0,0.00222461,0.0376321,0.000119003,100000
neutron,5.3999999999999995,Si,1.25,0.00274484,0.0440669,0.000139352,100000
neutron,5.3999999999999995,Si,1.5,0.00366727,0.0507382,0.000160448,100000
neutron,5.3999999999999995,Si,1.75,0.0040632,0.0539195,0.000170508,100000
neutron,5.3999999999999995,Si,2.0,0.00442151,0.0528486,0.000167122,100000
neutron,5.499999999999999,Si,0.5,0.00144618,0.0364606,0.000115298,100000
neutron,5.499999999999999,Si,0.75,0.00176496,0.0331809,0.000104927,100000
neutron,5.499999999999999,Si,1.0,0.00267392,0.0417208,0.000131933,100000
neutron,5.499999999999999,Si,1.25,0.00347975,0.0548051,0.000173309,100000
neutron,5.499999999999999,Si,1.5,0.00405262,0.0545406,0.000172473,100000
neutron,5.499999999999999,Si,1.75,0.00479708,0.0602149,0.000190416,100000
neutron,5.499999999999999,Si,2.0,0.00553275,0.0657971,0.000208069,100000
neutron,5.599999999999999,Si,0.5,0.00121061,0.0277569,8.77749e-05,100000
neutron,5.599999999999999,Si,0.75,0.00184601,0.0424503,0.00013424,100000
neutron,5.599999999999999,Si,1.0,0.00268801,0.0471471,0.000149092,100000
neutron,5.599999999999999,Si,1.25,0.00335377,0.0530711,0.000167826,100000
neutron,5.599999999999999,Si,1.5,0.0041544,0.0652263,0.000206264,100000
neutron,5.599999999999999,Si,1.75,0.00485036,0.069181,0.00021877,100000
neutron,5.599999999999999,Si,2.0,0.00621829,0.0829292,0.000262245,100000
neutron,5.699999999999999,Si,0.5,0.00158555,0.0345729,0.000109329,100000
neutron,5.699999999999999,Si,0.75,0.00253118,0.0408488,0.000129175,100000
neutron,5.699999999999999,Si,1.0,0.00346513,0.0516987,0.000163486,100000
neutron,5.699999999999999,Si,1.25,0.00440503,0.0606431,0.00019177,100000
neutron,5.699999999999999,Si,1.5,0.00560554,0.0677502,0.000214245,100000
neutron,5.699999999999999,Si,1.75,0.00684264,0.0776671,0.000245605,100000
neutron,5.699999999999999,Si,2.0,0.00761991,0.0834288,0.000263825,100000
neutron,5.799999999999999,Si,0.5,0.00172712,0.0361906,0.000114445,100000
neutron,5.799999999999999,Si,0.75,0.0028277,0.0568934,0.000179913,100000
neutron,5.799999999999999,Si,1.0,0.00391236,0.0683607,0.000216176,100000
neutron,5.799999999999999,Si,1.25,0.00471152,0.0725678,0.00022948,100000
neutron,5.799999999999999,Si,1.5,0.00571729,0.0795714,0.000251627,100000
neutron,5.799999999999999,Si,1.75,0.00698199,0.090299,0.00028555,100000
neutron,5.799999999999999,Si,2.0,0.00780158,0.0969563,0.000306603,100000
neutron,5.8999999999999995,Si,0.5,0.00163321,0.041867,0.000132395,100000
neutron,5.8999999999999995,Si,0.75,0.00253921,0.0563604,0.000178227,100000
neutron,5.8999999999999995,Si,1.0,0.00348735,0.0651994,0.000206179,100000
neutron,5.8999999999999995,Si,1.25,0.00431513,0.0731128,0.000231203,100000
neutron,5.8999999999999995,Si,1.5,0.00514747,0.0797981,0.000252344,100000
neutron,5.8999999999999995,Si,1.75,0.00545742,0.0805067,0.000254585,100000
neutron,5.8999999999999995,Si,2.0,0.00635885,0.0879892,0.000278246,100000
neutron,5.999999999999999,Si,0.5,0.00148749,0.0399662,0.000126384,100000
neutron,5.999999999999999,Si,0.75,0.00224905,0.0554048,0.000175205,100000
neutron,5.999999999999999,Si,1.0,0.00301956,0.0607025,0.000191958,100000
neutron,5.999999999999999,Si,1.25,0.00358334,0.0684498,0.000216457,100000
neutron,5.999999999999999,Si,1.5,0.00440094,0.0751824,0.000237747,100000
neutron,5.999999999999999,Si,1.75,0.00569365,0.0894334,0.000282813,100000
neutron,5.999999999999999,Si,2.0,0.00623067,0.0918936,0.000290593,100000
neutron,6.099999999999999,Si,0.5,0.00157896,0.0433924,0.000137219,100000
neutron,6.099999999999999,Si,0.75,0.00257146,0.0556379,0.000175942,100000
neutron,6.099999999999999,Si,1.0,0.00362845,0.07447,0.000235495,100000
neutron,6.099999999999999,Si,1.25,0.00412147,0.0732847,0.000231747,100000
neutron,6.099999999999999,Si,1.5,0.00531927,0.0875954,0.000277001,100000
neutron,6.099999999999999,Si,1.75,0.00610457,0.0938729,0.000296852,100000
neutron,6.099999999999999,Si,2.0,0.00793243,0.11299,0.000357305,100000
neutron,6.199999999999999,Si,0.5,0.00168329,0.0498676,0.000157695,100000
neutron,6.199999999999999,Si,0.75,0.00267197,0.0631396,0.000199665,100000
neutron,6.199999999999999,Si,1.0,0.00367957,0.0759012,0.000240021,100000
neutron,6.199999999999999,Si,1.25,0.00442572,0.0817564,0.000258537,100000
neutron,6.199999999999999,Si,1.5,0.00564887,0.0980408,0.000310032,100000
neutron,6.199999999999999,Si,1.75,0.00670958,0.106322,0.00033622,100000
neutron,6.199999999999999,Si,2.0,0.00728388,0.110445,0.000349257,100000
neutron,6.299999999999999,Si,0.5,0.0021342,0.0518285,0.000163896,100000
neutron,6.299999999999999,Si,0.75,0.00343147,0.0694295,0.000219555,100000
neutron,6.299999999999999,Si,1.0,0.00483607,0.0863682,0.00027312,100000
neutron,6.299999999999999,Si,1.25,0.00666638,0.105016,0.00033209,100000
neutron,6.299999999999999,Si,1.5,0.00750824,0.109584,0.000346534,100000
neutron,6.299999999999999,Si,1.75,0.00899889,0.121918,0.000385538,100000
neutron,6.299999999999999,Si,2.0,0.00967516,0.123987,0.00039208,100000
neutron,6.3999999999999995,Si,0.5,0.00269523,0.075529,0.000238844,100000
neutron,6.3999999999999995,Si,0.75,0.00355481,0.0859386,0.000271762,100000
neutron,6.3999999999999995,Si,1.0,0.00553938,0.108819,0.000344115,100000
neutron,6.3999999999999995,Si,1.25,0.00713669,0.124934,0.000395076,100000
neutron,6.3999999999999995,Si,1.5,0.00877196,0.143013,0.000452246,100000
neutron,6.3999999999999995,Si,1.75,0.00999187,0.154992,0.000490128,100000
neutron,6.3999999999999995,Si,2.0,0.013069,0.18113,0.000572782,100000
neutron,6.499999999999999,Si,0.5,0.00280241,0.0793983,0.00025108,100000
neutron,6.499999999999999,Si,0.75,0.00329686,0.0819791,0.000259241,100000
neutron,6.499999999999999,Si,1.0,0.0051923,0.108943,0.000344507,100000
neutron,6.499999999999999,Si,1.25,0.00704003,0.131718,0.000416529,100000
neutron,6.499999999999999,Si,1.5,0.00783288,0.137401,0.000434499,100000
neutron,6.499999999999999,Si,1.75,0.00893732,0.147927,0.000467786,100000
neutron,6.499999999999999,Si,2.0,0.0117888,0.173036,0.000547186,100000
neutron,6.599999999999999,Si,0.5,0.00251153,0.079392,0.000251059,100000
neutron,6.599999999999999,Si,0.75,0.00307794,0.0844749,0.000267133,100000
neutron,6.599999999999999,Si,1.0,0.00402334,0.0942486,0.00029804,100000
neutron,6.599999999999999,Si,1.25,0.00551079,0.112445,0.000355582,100000
neutron,6.599999999999999,Si,1.5,0.00656341,0.130167,0.000411626,100000
neutron,6.599999999999999,Si,1.75,0.0072452,0.137211,0.0004339,100000
neutron,6.599999999999999,Si,2.0,0.00928919,0.158636,0.000501652,100000
neutron,6.699999999999999,Si,0.5,0.00355959,0.0878086,0.000277675,100000
neutron,6.699999999999999,Si,0.75,0.00442458,0.092785,0.000293412,100000
neutron,6.699999999999999,Si,1.0,0.0069597,0.12684,0.000401102,100000
neutron,6.699999999999999,Si,1.25,0.00777877,0.127396,0.00040286,100000
neutron,6.699999999999999,Si,1.5,0.0100585,0.149491,0.000472731,100000
neutron,6.699999999999999,Si,1.75,0.0110088,0.155326,0.000491185,100000
neutron,6.699999999999999,Si,2.0,0.0130972,0.172251,0.000544706,100000
neutron,6.799999999999999,Si,0.5,0.00300393,0.0873399,0.000276193,100000
neutron,6.799999999999999,Si,0.75,0.00445909,0.103952,0.000328727,100000
neutron,6.799999999999999,Si,1.0,0.00730778,0.139702,0.000441776,100000
neutron,6.799999999999999,Si,1.25,0.00956588,0.160825,0.000508574,100000
neutron,6.799999999999999,Si,1.5,0.0105605,0.171293,0.000541677,100000
neutron,6.799999999999999,Si,1.75,0.014118,0.200919,0.000635361,100000
neutron,6.799999999999999,Si,2.0,0.0156063,0.212836,0.000673046,100000
neutron,6.8999999999999995,Si,0.5,0.00258742,0.0773271,0.00024453,100000
neutron,6.8999999999999995,Si,0.75,0.00417334,0.102316,0.000323552,100000
neutron,6.8999999999999995,Si,1.0,0.00545915,0.11638,0.000368025,100000
neutron,6.8999999999999995,Si,1.25,0.00855613,0.152375,0.000481852,100000
neutron,6.8999999999999995,Si,1.5,0.00967413,0.162676,0.000514426,100000
neutron,6.8999999999999995,Si,1.75,0.0105953,0.171365,0.000541904,100000
neutron,6.8999999999999995,Si,2.0,0.0123629,0.185254,0.000585823,100000
neutron,6.999999999999999,Si,0.5,0.00306318,0.0930272,0.000294178,100000
neutron,6.999999999999999,Si,0.75,0.00438065,0.109745,0.000347045,100000
neutron,6.999999999999999,Si,1.0,0.00625869,0.13217,0.00041796,100000
neutron,6.999999999999999,Si,1.25,0.00788419,0.148577,0.000469843,100000
neutron,6.999999999999999,Si,1.5,0.0103221,0.174394,0.000551482,100000
neutron,6.999999999999999,Si,1.75,0.01168,0.184,0.00058186,100000
neutron,6.999999999999999,Si,2.0,0.0148113,0.210879,0.000666858,100000
neutron,7.099999999999999,Si,0.5,0.00340737,0.0987447,0.000312258,100000
neutron,7.099999999999999,Si,0.75,0.00490015,0.116765,0.000369243,100000
neutron,7.099999999999999,Si,1.0,0.00584645,0.127881,0.000404394,100000
neutron,7.099999999999999,Si,1.25,0.00770618,0.144467,0.000456844,100000
neutron,7.099999999999999,Si,1.5,0.00968867,0.16787,0.000530852,100000
neutron,7.099999999999999,Si,1.75,0.0119142,0.192101,0.000607476,100000
neutron,7.099999999999999,Si,2.0,0.0146922,0.212934,0.000673357,100000
neutron,7.199999999999999,Si,0.5,0.00390775,0.103068,0.000325931,100000
neutron,7.199999999999999,Si,0.75,0.005702,0.123701,0.000391176,100000
neutron,7.199999999999999,Si,1.0,0.00761141,0.150071,0.000474566,100000
neutron,7.199999999999999,Si,1.25,0.00902526,0.157992,0.000499614,100000
neutron,7.199999999999999,Si,1.5,0.0118313,0.185918,0.000587925,100000
neutron,7.199999999999999,Si,1.75,0.0136282,0.202408,0.000640071,100000
neutron,7.199999999999999,Si,2.0,0.0158854,0.218103,0.000689703,100000
neutron,7.299999999999999,Si,0.5,0.00415795,0.109731,0.000346999,100000
neutron,7.299999999999999,Si,0.75,0.00574277,0.129911,0.000410815,100000
neutron,7.299999999999999,Si,1.0,0.00868449,0.163106,0.000515787,100000
neutron,7.299999999999999,Si,1.25,0.0105575,0.178825,0.000565496,100000
neutron,7.299999999999999,Si,1.5,0.0131002,0.201291,0.000636538,100000
neutron,7.299999999999999,Si,1.75,0.0155615,0.224657,0.000710429,100000
neutron,7.299999999999999,Si,2.0,0.0166709,0.231389,0.000731716,100000
neutron,7.3999999999999995,Si,0.5,0.00383905,0.103917,0.000328614,100000
neutron,7.3999999999999995,Si,0.75,0.00526461,0.119858,0.000379025,100000
neutron,7.3999999999999995,Si,1.0,0.00761876,0.148046,0.000468164,100000
neutron,7.3999999999999995,Si,1.25,0.010822,0.184375,0.000583046,100000
neutron,7.3999999999999995,Si,1.5,0.0113301,0.184832,0.000584489,100000
neutron,7.3999999999999995,Si,1.75,0.0140259,0.205202,0.000648906,100000
neutron,7.3999999999999995,Si,2.0,0.0170255,0.231861,0.000733209,100000
neutron,7.499999999999999,Si,0.5,0.0038933,0.111421,0.000352345,100000
neutron,7.499999999999999,Si,0.75,0.00562776,0.135592,0.00042878,100000
neutron,7.499999999999999,Si,1.0,0.00705717,0.147892,0.000467675,100000
neutron,7.499999999999999,Si,1.25,0.0101372,0.180847,0.00057189,100000
neutron,7.499999999999999,Si,1.5,0.0127432,0.202124,0.000639171,100000
neutron,7.499999999999999,Si,1.75,0.013449,0.209283,0.000661812,100000
neutron,7.499999999999999,Si,2.0,0.0157058,0.222854,0.000704725,100000
neutron,7.599999999999999,Si,0.5,0.0045713,0.123321,0.000389976,100000
neutron,7.599999999999999,Si,0.75,0.00712481,0.153956,0.000486853,100000
neutron,7.599999999999999,Si,1.0,0.00803993,0.161971,0.000512198,100000
neutron,7.599999999999999,Si,1.25,0.0123276,0.206509,0.000653038,100000
neutron,7.599999999999999,Si,1.5,0.0144355,0.224704,0.000710577,100000
neutron,7.599999999999999,Si,1.75,0.0166859,0.23945,0.000757209,100000
neutron,7.599999999999999,Si,2.0,0.0184648,0.250286,0.000791475,100000
neutron,7.699999999999999,Si,0.5,0.00501505,0.13025,0.000411885,100000
neutron,7.699999999999999,Si,0.75,0.00765751,0.16287,0.000515041,100000
neutron,7.699999999999999,Si,1.0,0.0106044,0.193062,0.000610515,100000
neutron,7.699999999999999,Si,1.25,0.0135689,0.219575,0.000694357,100000
neutron,7.699999999999999,Si,1.5,0.0152935,0.23299,0.000736779,100000
neutron,7.699999999999999,Si,1.75,0.0186976,0.258972,0.000818943,100000
neutron,7.699999999999999,Si,2.0,0.0229725,0.292081,0.00092364,100000
neutron,7.799999999999999,Si,0.5,0.00549108,0.139621,0.000441521,100000
neutron,7.799999999999999,Si,0.75,0.00728475,0.158425,0.000500983,100000
neutron,7.799999999999999,Si,1.0,0.0101202,0.187674,0.000593477,100000
neutron,7.799999999999999,Si,1.25,0.0138068,0.220983,0.00069881,100000
neutron,7.799999999999999,Si,1.5,0.015644,0.232118,0.000734023,100000
neutron,7.799999999999999,Si,1.75,0.0194399,0.262588,0.000830376,100000
neutron,7.799999999999999,Si,2.0,0.0215439,0.276021,0.000872855,100000
neutron,7.899999999999999,Si,0.5,0.00583828,0.144629,0.000457358,100000
neutron,7.899999999999999,Si,0.75,0.00733376,0.158975,0.000502724,100000
neutron,7.899999999999999,Si,1.0,0.0112876,0.199829,0.000631915,100000
neutron,7.899999999999999,Si,1.25,0.0148743,0.23223,0.000734374,100000
neutron,7.899999999999999,Si,1.5,0.0165637,0.246874,0.000780685,100000
neutron,7.899999999999999,Si,1.75,0.0188667,0.259854,0.000821732,100000
neutron,7.899999999999999,Si,2.0,0.0226802,0.288219,0.000911428,100000
neutron,7.999999999999999,Si,0.5,0.00460194,0.124398,0.00039338,100000
neutron,7.999999999999999,Si,0.75,0.0076279,0.168009,0.000531292,100000
neutron,7.999999999999999,Si,1.0,0.0100786,0.187793,0.000593853,100000
neutron,7.999999999999999,Si,1.25,0.0142015,0.230557,0.000729086,100000
neutron,7.999999999999999,Si,1.5,0.0164794,0.243435,0.000769809,100000
neutron,7.999999999999999,Si,1.75,0.0191805,0.264246,0.00083562,100000
neutron,7.999999999999999,Si,2.0,0.0226287,0.290713,0.000919314,100000
neutron,8.1,Si,0.5,0.003644,0.112634,0.00035618,100000
neutron,8.1,Si,0.75,0.00643984,0.151223,0.000478209,100000
neutron,8.1,Si,1.0,0.00833579,0.170717,0.000539854,100000
neutron,8.1,Si,1.25,0.010867,0.198483,0.000627658,100000
neutron,8.1,Si,1.5,0.0147601,0.236688,0.000748473,100000
neutron,8.1,Si,1.75,0.0172302,0.258018,0.000815926,100000
neutron,8.1,Si,2.0,0.0206259,0.280711,0.000887688,100000
neutron,8.2,Si,0.5,0.00482175,0.132553,0.00041917,100000
neutron,8.2,Si,0.75,0.00689293,0.158349,0.000500745,100000
neutron,8.2,Si,1.0,0.00939825,0.185317,0.000586024,100000
neutron,8.2,Si,1.25,0.0119487,0.212371,0.000671577,100000
neutron,8.2,Si,1.5,0.0146495,0.233935,0.000739768,100000
neutron,8.2,Si,1.75,0.0179188,0.26111,0.000825701,100000
neutron,8.2,Si,2.0,0.0202798,0.283823,0.000897528,100000
neutron,8.299999999999999,Si,0.5,0.00429383,0.124351,0.000393234,100000
neutron,8.299999999999999,Si,0.75,0.00649538,0.150927,0.000477273,100000
neutron,8.299999999999999,Si,1.0,0.0094846,0.189798,0.000600193,100000
neutron,8.299999999999999,Si,1.25,0.0115919,0.210977,0.000667168,100000
neutron,8.299999999999999,Si,1.5,0.0146414,0.23772,0.000751736,100000
neutron,8.299999999999999,Si,1.75,0.0147198,0.237138,0.000749895,100000
neutron,8.299999999999999,Si,2.0,0.0203209,0.280794,0.00088795,100000
neutron,8.399999999999999,Si,0.5,0.00513357,0.136914,0.000432959,100000
neutron,8.399999999999999,Si,0.75,0.00754706,0.166497,0.000526511,100000
neutron,8.399999999999999,Si,1.0,0.0108207,0.20549,0.000649816,100000
neutron,8.399999999999999,Si,1.25,0.0127936,0.21813,0.000689787,100000
neutron,8.399999999999999,Si,1.5,0.0154957,0.244935,0.000774551,100000
neutron,8.399999999999999,Si,1.75,0.0191458,0.272187,0.000860731,100000
neutron,8.399999999999999,Si,2.0,0.0214244,0.290991,0.000920196,100000
neutron,8.499999999999998,Si,0.5,0.00502468,0.140073,0.00044295,100000
neutron,8.499999999999998,Si,0.75,0.0077576,0.173389,0.000548305,100000
neutron,8.499999999999998,Si,1.0,0.0115352,0.215145,0.000680349,100000
neutron,8.499999999999998,Si,1.25,0.0133567,0.233954,0.000739828,100000
neutron,8.499999999999998,Si,1.5,0.0169915,0.262318,0.000829524,100000
neutron,8.499999999999998,Si,1.75,0.0189684,0.276672,0.000874913,100000
neutron,8.499999999999998,Si,2.0,0.0208102,0.289155,0.000914388,100000
neutron,8.6,Si,0.5,0.00535022,0.145839,0.000461184,100000
neutron,8.6,Si,0.75,0.00761293,0.175063,0.000553597,100000
neutron,8.6,Si,1.0,0.0111646,0.211066,0.000667448,100000
neutron,8.6,Si,1.25,0.0142885,0.242542,0.000766984,100000
neutron,8.6,Si,1.5,0.0150633,0.246911,0.0007808,100000
neutron,8.6,Si,1.75,0.0189093,0.27733,0.000876993,100000
neutron,8.6,Si,2.0,0.0230652,0.311527,0.000985135,100000
neutron,8.7,Si,0.5,0.0050783,0.137938,0.000436199,100000
neutron,8.7,Si,0.75,0.00835155,0.183109,0.000579043,100000
neutron,8.7,Si,1.0,0.0122544,0.227958,0.000720866,100000
neutron,8.7,Si,1.25,0.0133758,0.236079,0.000746549,100000
neutron,8.7,Si,1.5,0.0170651,0.268471,0.00084898,100000
neutron,8.7,Si,1.75,0.0204332,0.295866,0.000935611,100000
neutron,8.7,Si,2.0,0.0259931,0.337518,0.00106733,100000
neutron,8.799999999999999,Si,0.5,0.00452219,0.134592,0.000425617,100000
neutron,8.799999999999999,Si,0.75,0.00785648,0.180509,0.00057082,100000
neutron,8.799999999999999,Si,1.0,0.0107856,0.21588,0.000682671,100000
neutron,8.799999999999999,Si,1.25,0.0122032,0.225721,0.000713791,100000
neutron,8.799999999999999,Si,1.5,0.0167512,0.269032,0.000850753,100000
neutron,8.799999999999999,Si,1.75,0.0196555,0.296641,0.00093806,100000
neutron,8.799999999999999,Si,2.0,0.021004,0.302226,0.000955723,100000
neutron,8.899999999999999,Si,0.5,0.00577883,0.153253,0.000484628,100000
neutron,8.899999999999999,Si,0.75,0.00761022,0.173938,0.000550039,100000
neutron,8.899999999999999,Si,1.0,0.0105236,0.20913,0.000661327,100000
neutron,8.899999999999999,Si,1.25,0.0133582,0.234102,0.000740294,100000
neutron,8.899999999999999,Si,1.5,0.0166467,0.263491,0.000833232,100000
neutron,8.899999999999999,Si,1.75,0.0211464,0.302513,0.000956629,100000
neutron,8.899999999999999,Si,2.0,0.023409,0.319427,0.00101012,100000
neutron,8.999999999999998,Si,0.5,0.00544118,0.148222,0.000468718,100000
neutron,8.999999999999998,Si,0.75,0.00840467,0.18443,0.00058322,100000
neutron,8.999999999999998,Si,1.0,0.0125507,0.232459,0.000735099,100000
neutron,8.999999999999998,Si,1.25,0.0152839,0.252997,0.000800047,100000
neutron,8.999999999999998,Si,1.5,0.0183931,0.280995,0.000888583,100000
neutron,8.999999999999998,Si,1.75,0.0220965,0.309394,0.000978391,100000
neutron,8.999999999999998,Si,2.0,0.0250767,0.328468,0.00103871,100000
neutron,9.1,Si,0.5,0.00563755,0.154861,0.000489714,100000
neutron,9.1,Si,0.75,0.00737608,0.170988,0.00054071,100000
neutron,9.1,Si,1.0,0.0113678,0.222397,0.000703283,100000
neutron,9.1,Si,1.25,0.0157015,0.260633,0.000824193,100000
neutron,9.1,Si,1.5,0.0185176,0.283639,0.000896945,100000
neutron,9.1,Si,1.75,0.0215964,0.309066,0.000977351,100000
neutron,9.1,Si,2.0,0.0223446,0.313718,0.000992063,100000
neutron,9.2,Si,0.5,0.00532341,0.146611,0.000463626,100000
neutron,9.2,Si,0.75,0.00840348,0.193113,0.000610677,100000
neutron,9.2,Si,1.0,0.0126558,0.240641,0.000760974,100000
neutron,9.2,Si,1.25,0.0156608,0.268192,0.000848099,100000
neutron,9.2,Si,1.5,0.0172985,0.277841,0.000878611,100000
neutron,9.2,Si,1.75,0.0217869,0.317529,0.00100411,100000
neutron,9.2,Si,2.0,0.0237811,0.333497,0.00105461,100000
neutron,9.299999999999999,Si,0.5,0.0060256,0.160238,0.000506719,100000
neutron,9.299999999999999,Si,0.75,0.00877157,0.198094,0.000626428,100000
neutron,9.299999999999999,Si,1.0,0.012313,0.233647,0.000738858,100000
neutron,9.299999999999999,Si,1.25,0.0159531,0.269269,0.000851502,100000
neutron,9.299999999999999,Si,1.5,0.0188698,0.298568,0.000944154,100000
neutron,9.299999999999999,Si,1.75,0.0218594,0.317469,0.00100392,100000
neutron,9.299999999999999,Si,2.0,0.0259254,0.351977,0.00111305,100000
neutron,9.399999999999999,Si,0.5,0.00636713,0.17025,0.000538378,100000
neutron,9.399999999999999,Si,0.75,0.00936595,0.206074,0.000651662,100000
neutron,9.399999999999999,Si,1.0,0.0123416,0.233579,0.000738642,100000
neutron,9.399999999999999,Si,1.25,0.0164878,0.279543,0.000883994,100000
neutron,9.399999999999999,Si,1.5,0.0185291,0.291708,0.000922463,100000
neutron,9.399999999999999,Si,1.75,0.0224531,0.321167,0.00101562,100000
neutron,9.399999999999999,Si,2.0,0.0257311,0.344191,0.00108843,100000
neutron,9.499999999999998,Si,0.5,0.00573482,0.159341,0.000503881,100000
neutron,9.499999999999998,Si,0.75,0.00854311,0.192755,0.000609545,100000
neutron,9.499999999999998,Si,1.0,0.0129549,0.243409,0.000769727,100000
neutron,9.499999999999998,Si,1.25,0.0150552,0.26442,0.00083617,100000
neutron,9.499999999999998,Si,1.5,0.0207953,0.315583,0.000997962,100000
neutron,9.499999999999998,Si,1.75,0.0246884,0.345863,0.00109371,100000
neutron,9.499999999999998,Si,2.0,0.0267792,0.358458,0.00113354,100000
neutron,9.6,Si,0.5,0.0066197,0.170304,0.000538549,100000
neutron,9.6,Si,0.75,0.00918852,0.207013,0.000654633,100000
neutron,9.6,Si,1.0,0.0126265,0.24458,0.000773431,100000
neutron,9.6,Si,1.25,0.0165091,0.280919,0.000888345,100000
neutron,9.6,Si,1.5,0.0187431,0.292259,0.000924204,100000
neutron,9.6,Si,1.75,0.0238001,0.340527,0.00107684,100000
neutron,9.6,Si,2.0,0.0253574,0.346931,0.00109709,100000
neutron,9.7,Si,0.5,0.00659542,0.176616,0.000558508,100000
neutron,9.7,Si,0.75,0.00992728,0.219598,0.00069443,100000
neutron,9.7,Si,1.0,0.0133949,0.253377,0.000801249,100000
neutron,9.7,Si,1.25,0.0168229,0.282003,0.000891772,100000
neutron,9.7,Si,1.5,0.0172049,0.287972,0.000910648,100000
neutron,9.7,Si,1.75,0.0233869,0.335161,0.00105987,100000
neutron,9.7,Si,2.0,0.0257932,0.353902,0.00111914,100000
neutron,9.799999999999999,Si,0.5,0.00685678,0.176944,0.000559546,100000
neutron,9.799999999999999,Si,0.75,0.0085252,0.196968,0.000622867,100000
neutron,9.799999999999999,Si,1.0,0.0129544,0.249536,0.000789103,100000
neutron,9.799999999999999,Si,1.25,0.0173077,0.287832,0.000910205,100000
neutron,9.799999999999999,Si,1.5,0.0183808,0.29831,0.00094334,100000
neutron,9.799999999999999,Si,1.75,0.023394,0.337052,0.00106585,100000
neutron,9.799999999999999,Si,2.0,0.0280089,0.368246,0.0011645,100000
neutron,9.899999999999999,Si,0.5,0.00667307,0.17998,0.000569147,100000
neutron,9.899999999999999,Si,0.75,0.00910724,0.207121,0.000654974,100000
neutron,9.899999999999999,Si,1.0,0.0119336,0.236736,0.000748625,100000
neutron,9.899999999999999,Si,1.25,0.0178417,0.296446,0.000937443,100000
neutron,9.899999999999999,Si,1.5,0.0201122,0.309624,0.000979118,100000
neutron,9.899999999999999,Si,1.75,0.0239196,0.345095,0.00109129,100000
neutron,9.899999999999999,Si,2.0,0.0292812,0.384695,0.00121651,100000
neutron,9.999999999999998,Si,0.5,0.00643842,0.174973,0.000553312,100000
neutron,9.999999999999998,Si,0.75,0.00870866,0.201269,0.000636468,100000
neutron,9.999999999999998,Si,1.0,0.0132481,0.253947,0.000803051,100000
neutron,9.999999999999998,Si,1.25,0.0181253,0.302316,0.000956007,100000
neutron,9.999999999999998,Si,1.5,0.0214889,0.325787,0.00103023,100000
neutron,9.999999999999998,Si,1.75,0.026532,0.36978,0.00116935,100000
neutron,9.999999999999998,Si,2.0,0.0291724,0.381655,0.0012069,100000
neutron,10.1,Si,0.5,0.00690294,0.182923,0.000578453,100000
neutron,10.1,Si,0.75,0.0097736,0.219179,0.000693106,100000
neutron,10.1,Si,1.0,0.0141882,0.264183,0.000835419,100000
neutron,10.1,Si,1.25,0.0180649,0.300065,0.00094889,100000
neutron,10.1,Si,1.5,0.0233635,0.345054,0.00109116,100000
neutron,10.1,Si,1.75,0.0243433,0.348525,0.00110213,100000
neutron,10.1,Si,2.0,0.0284519,0.382524,0.00120965,100000
neutron,10.2,Si,0.5,0.00717336,0.185185,0.000585607,100000
neutron,10.2,Si,0.75,0.00967789,0.217776,0.000688669,100000
neutron,10.2,Si,1.0,0.01316,0.254261,0.000804043,100000
neutron,10.2,Si,1.25,0.0168617,0.283492,0.000896479,100000
neutron,10.2,Si,1.5,0.021351,0.327724,0.00103636,100000
neutron,10.2,Si,1.75,0.0243485,0.351901,0.00111281,100000
neutron,10.2,Si,2.0,0.0285624,0.379183,0.00119908,100000
neutron,10.299999999999999,Si,0.5,0.00620858,0.177113,0.00056008,100000
neutron,10.299999999999999,Si,0.75,0.0098999,0.222718,0.000704297,100000
neutron,10.299999999999999,Si,1.0,0.0133914,0.256096,0.000809847,100000
neutron,10.299999999999999,Si,1.25,0.0174384,0.292317,0.000924389,100000
neutron,10.299999999999999,Si,1.5,0.0216581,0.332845,0.00105255,100000
neutron,10.299999999999999,Si,1.75,0.024333,0.354113,0.0011198,100000
neutron,10.299999999999999,Si,2.0,0.0297498,0.393648,0.00124482,100000
neutron,10.399999999999999,Si,0.5,0.00633658,0.175124,0.000553792,100000
neutron,10.399999999999999,Si,0.75,0.00989438,0.21662,0.000685012,100000
neutron,10.399999999999999,Si,1.0,0.0143625,0.271711,0.000859224,100000
neutron,10.399999999999999,Si,1.25,0.0183415,0.30327,0.000959025,100000
neutron,10.399999999999999,Si,1.5,0.023283,0.346038,0.00109427,100000
neutron,10.399999999999999,Si,1.75,0.0245825,0.356836,0.00112842,100000
neutron,10.399999999999999,Si,2.0,0.0304089,0.397943,0.0012584,100000
neutron,10.499999999999998,Si,0.5,0.00691685,0.189599,0.000599565,100000
neutron,10.499999999999998,Si,0.75,0.0106712,0.235803,0.000745675,100000
neutron,10.499999999999998,Si,1.0,0.0152656,0.279816,0.000884855,100000
neutron,10.499999999999998,Si,1.25,0.0182333,0.310389,0.000981536,100000
neutron,10.499999999999998,Si,1.5,0.0210947,0.333068,0.00105325,100000
neutron,10.499999999999998,Si,1.75,0.025129,0.362564,0.00114653,100000
neutron,10.499999999999998,Si,2.0,0.0291691,0.394602,0.00124784,100000
neutron,10.6,Si,0.5,0.00652601,0.179849,0.000568734,100000
neutron,10.6,Si,0.75,0.0115466,0.244408,0.000772886,100000
neutron,10.6,Si,1.0,0.0154759,0.286784,0.000906891,100000
neutron,10.6,Si,1.25,0.0181755,0.308601,0.000975883,100000
neutron,10.6,Si,1.5,0.0230732,0.352323,0.00111414,100000
neutron,10.6,Si,1.75,0.0267958,0.381232,0.00120556,100000
neutron,10.6,Si,2.0,0.0325729,0.41969,0.00132718,100000
neutron,10.7,Si,0.5,0.00799503,0.204133,0.000645526,100000
neutron,10.7,Si,0.75,0.0119659,0.252843,0.000799558,100000
neutron,10.7,Si,1.0,0.013941,0.270219,0.000854508,100000
neutron,10.7,Si,1.25,0.0193353,0.323063,0.00102161,100000
neutron,10.7,Si,1.5,0.0225957,0.346583,0.00109599,100000
neutron,10.7,Si,1.75,0.025592,0.36906,0.00116707,100000
neutron,10.7,Si,2.0,0.0286234,0.397866,0.00125816,100000
neutron,10.799999999999999,Si,0.5,0.00638417,0.176981,0.000559663,100000
neutron,10.799999999999999,Si,0.75,0.0113198,0.24504,0.000774885,100000
neutron,10.799999999999999,Si,1.0,0.0159109,0.292932,0.000926332,100000
neutron,10.799999999999999,Si,1.25,0.0186765,0.312327,0.000987666,100000
neutron,10.799999999999999,Si,1.5,0.0245299,0.362283,0.00114564,100000
neutron,10.799999999999999,Si,1.75,0.0255811,0.368868,0.00116646,100000
neutron,10.799999999999999,Si,2.0,0.0311124,0.409366,0.00129453,100000
neutron,10.899999999999999,Si,0.5,0.00788055,0.20194,0.00063859,100000
neutron,10.899999999999999,Si,0.75,0.0124463,0.255801,0.000808914,100000
neutron,10.899999999999999,Si,1.0,0.0162289,0.295295,0.000933803,100000
neutron,10.899999999999999,Si,1.25,0.0199737,0.328082,0.00103749,100000
neutron,10.899999999999999,Si,1.5,0.0248302,0.369325,0.00116791,100000
neutron,10.899999999999999,Si,1.75,0.0301224,0.408063,0.00129041,100000
neutron,10.899999999999999,Si,2.0,0.0333906,0.428912,0.00135634,100000
neutron,10.999999999999998,Si,0.5,0.00657837,0.181549,0.000574108,100000
neutron,10.999999999999998,Si,0.75,0.0120746,0.257649,0.000814757,100000
neutron,10.999999999999998,Si,1.0,0.0144121,0.276109,0.000873134,100000
neutron,10.999999999999998,Si,1.25,0.0195231,0.331032,0.00104682,100000
neutron,10.999999999999998,Si,1.5,0.0223754,0.348789,0.00110297,100000
neutron,10.999999999999998,Si,1.75,0.0274566,0.388406,0.00122825,100000
neutron,10.999999999999998,Si,2.0,0.0335957,0.437454,0.00138335,100000
neutron,11.099999999999998,Si,0.5,0.00831301,0.215418,0.000681211,100000
neutron,11.099999999999998,Si,0.75,0.010337,0.23306,0.000737,100000
neutron,11.099999999999998,Si,1.0,0.0150024,0.287901,0.000910424,100000
neutron,11.099999999999998,Si,1.25,0.0194035,0.324569,0.00102638,100000
neutron,11.099999999999998,Si,1.5,0.0240798,0.367813,0.00116313,100000
neutron,11.099999999999998,Si,1.75,0.0275028,0.392472,0.00124111,100000
neutron,11.099999999999998,Si,2.0,0.0338753,0.436461,0.00138021,100000
neutron,11.2,Si,0.5,0.00744419,0.200561,0.000634229,100000
neutron,11.2,Si,0.75,0.0114514,0.250287,0.000791476,100000
neutron,11.2,Si,1.0,0.0159003,0.294607,0.00093163,100000
neutron,11.2,Si,1.25,0.0190753,0.32744,0.00103546,100000
neutron,11.2,Si,1.5,0.0234802,0.366125,0.00115779,100000
neutron,11.2,Si,1.75,0.0283264,0.397928,0.00125836,100000
neutron,11.2,Si,2.0,0.0329368,0.42942,0.00135794,100000
neutron,11.299999999999999,Si,0.5,0.00778321,0.199451,0.000630719,100000
neutron,11.299999999999999,Si,0.75,0.0111501,0.247391,0.00078232,100000
neutron,11.299999999999999,Si,1.0,0.0142647,0.279086,0.000882546,100000
neutron,11.299999999999999,Si,1.25,0.0190771,0.328876,0.00104,100000
neutron,11.299999999999999,Si,1.5,0.0253711,0.387383,0.00122501,100000
neutron,11.299999999999999,Si,1.75,0.0288106,0.408717,0.00129248,100000
neutron,11.299999999999999,Si,2.0,0.0316323,0.420528,0.00132983,100000
neutron,11.399999999999999,Si,0.5,0.00741785,0.194235,0.000614226,100000
neutron,11.399999999999999,Si,0.75,0.0122844,0.263339,0.000832751,100000
neutron,11.399999999999999,Si,1.0,0.0141101,0.277019,0.000876011,100000
neutron,11.399999999999999,Si,1.25,0.0199323,0.339421,0.00107334,100000
neutron,11.399999999999999,Si,1.5,0.0240131,0.369616,0.00116883,100000
neutron,11.399999999999999,Si,1.75,0.0302641,0.416014,0.00131555,100000
neutron,11.399999999999999,Si,2.0,0.0343819,0.444184,0.00140463,100000
neutron,11.499999999999998,Si,0.5,0.00664868,0.185353,0.000586139,100000
neutron,11.499999999999998,Si,0.75,0.0128557,0.271901,0.000859825,100000
neutron,11.499999999999998,Si,1.0,0.0165852,0.309668,0.000979257,100000
neutron,11.499999999999998,Si,1.25,0.021074,0.350354,0.00110792,100000
neutron,11.499999999999998,Si,1.5,0.0277271,0.399842,0.00126441,100000
neutron,11.499999999999998,Si,1.75,0.0308638,0.421446,0.00133273,100000
neutron,11.499999999999998,Si,2.0,0.0361317,0.462649,0.00146302,100000
neutron,11.599999999999998,Si,0.5,0.00663003,0.186428,0.000589538,100000
neutron,11.599999999999998,Si,0.75,0.0125275,0.268025,0.000847569,100000
neutron,11.599999999999998,Si,1.0,0.0155916,0.296948,0.000939033,100000
neutron,11.599999999999998,Si,1.25,0.0197568,0.33193,0.00104965,100000
neutron,11.599999999999998,Si,1.5,0.0239902,0.36881,0.00116628,100000
neutron,11.599999999999998,Si,1.75,0.0313966,0.429426,0.00135796,100000
neutron,11.599999999999998,Si,2.0,0.0368481,0.468034,0.00148005,100000
neutron,11.7,Si,0.5,0.0075412,0.201459,0.000637069,100000
neutron,11.7,Si,0.75,0.0122544,0.26326,0.000832501,100000
neutron,11.7,Si,1.0,0.017359,0.31477,0.000995391,100000
neutron,11.7,Si,1.25,0.0214336,0.356469,0.00112725,100000
neutron,11.7,Si,1.5,0.0242679,0.372257,0.00117718,100000
neutron,11.7,Si,1.75,0.0308757,0.427127,0.00135069,100000
neutron,11.7,Si,2.0,0.0336186,0.446778,0.00141284,100000
neutron,11.799999999999999,Si,0.5,0.00789503,0.208222,0.000658456,100000
neutron,11.799999999999999,Si,0.75,0.0118541,0.255216,0.000807065,100000
neutron,11.799999999999999,Si,1.0,0.017854,0.322162,0.00101876,100000
neutron,11.799999999999999,Si,1.25,0.0211301,0.353591,0.00111815,100000
neutron,11.799999999999999,Si,1.5,0.02471,0.379162,0.00119902,100000
neutron,11.799999999999999,Si,1.75,0.0303074,0.422159,0.00133498,100000
neutron,11.799999999999999,Si,2.0,0.0353439,0.459234,0.00145223,100000
neutron,11.899999999999999,Si,0.5,0.00856604,0.222392,0.000703264,100000
neutron,11.899999999999999,Si,0.75,0.0124574,0.264447,0.000836255,100000
neutron,11.899999999999999,Si,1.0,0.0169423,0.315455,0.000997556,100000
neutron,11.899999999999999,Si,1.25,0.0202413,0.341348,0.00107944,100000
neutron,11.899999999999999,Si,1.5,0.0251244,0.384825,0.00121692,100000
neutron,11.899999999999999,Si,1.75,0.0306114,0.428967,0.00135651,100000
neutron,11.899999999999999,Si,2.0,0.0341588,0.450786,0.00142551,100000
neutron,11.999999999999998,Si,0.5,0.00807155,0.21281,0.000672965,100000
neutron,11.999999999999998,Si,0.75,0.0122853,0.267013,0.00084437,100000
neutron,11.999999999999998,Si,1.0,0.0164368,0.303917,0.00096107,100000
neutron,11.999999999999998,Si,1.25,0.0218405,0.353362,0.00111743,100000
neutron,11.999999999999998,Si,1.5,0.0276088,0.409675,0.00129551,100000
neutron,11.999999999999998,Si,1.75,0.0303061,0.422177,0.00133504,100000
neutron,11.999999999999998,Si,2.0,0.0368581,0.473496,0.00149733,100000
neutron,12.099999999999998,Si,0.5,0.00929288,0.231485,0.000732019,100000
neutron,12.099999999999998,Si,0.75,0.0122152,0.262634,0.000830523,100000
neutron,12.099999999999998,Si,1.0,0.0166654,0.31414,0.000993398,100000
neutron,12.099999999999998,Si,1.25,0.0226824,0.364605,0.00115298,100000
neutron,12.099999999999998,Si,1.5,0.030189,0.42531,0.00134495,100000
neutron,12.099999999999998,Si,1.75,0.0312537,0.435179,0.00137616,100000
neutron,12.099999999999998,Si,2.0,0.0358008,0.464374,0.00146848,100000
neutron,12.2,Si,0.5,0.00858795,0.221322,0.000699881,100000
neutron,12.2,Si,0.75,0.0121646,0.264745,0.000837198,100000
neutron,12.2,Si,1.0,0.0173739,0.321963,0.00101814,100000
neutron,12.2,Si,1.25,0.0214919,0.353116,0.00111665,100000
neutron,12.2,Si,1.5,0.0257841,0.392488,0.00124116,100000
neutron,12.2,Si,1.75,0.0297586,0.424238,0.00134156,100000
neutron,12.2,Si,2.0,0.0379863,0.478314,0.00151256,100000
neutron,12.299999999999999,Si,0.5,0.00858618,0.22329,0.000706106,100000
neutron,12.299999999999999,Si,0.75,0.0133209,0.282842,0.000894425,100000
neutron,12.299999999999999,Si,1.0,0.0172492,0.31665,0.00100133,100000
neutron,12.299999999999999,Si,1.25,0.0231911,0.37596,0.00118889,100000
neutron,12.299999999999999,Si,1.5,0.0260421,0.393286,0.00124368,100000
neutron,12.299999999999999,Si,1.75,0.030992,0.432514,0.00136773,100000
neutron,12.299999999999999,Si,2.0,0.0354332,0.461172,0.00145835,100000
neutron,12.399999999999999,Si,0.5,0.00875477,0.222916,0.000704923,100000
neutron,12.399999999999999,Si,0.75,0.0107057,0.249653,0.000789472,100000
neutron,12.399999999999999,Si,1.0,0.0185214,0.332342,0.00105096,100000
neutron,12.399999999999999,Si,1.25,0.0230448,0.368344,0.00116481,100000
neutron,12.399999999999999,Si,1.5,0.0285391,0.419036,0.00132511,100000
neutron,12.399999999999999,Si,1.75,0.0356623,0.470294,0.0014872,100000
neutron,12.399999999999999,Si,2.0,0.0373659,0.478738,0.0015139,100000
neutron,12.499999999999998,Si,0.5,0.00863586,0.223013,0.000705228,100000
neutron,12.499999999999998,Si,0.75,0.0137623,0.285994,0.000904393,100000
neutron,12.499999999999998,Si,1.0,0.0193094,0.343402,0.00108593,100000
neutron,12.499999999999998,Si,1.25,0.0230091,0.373339,0.0011806,100000
neutron,12.499999999999998,Si,1.5,0.0286134,0.425834,0.00134661,100000
neutron,12.499999999999998,Si,1.75,0.0338033,0.460478,0.00145616,100000
neutron,12.499999999999998,Si,2.0,0.0382286,0.491297,0.00155362,100000
neutron,12.599999999999998,Si,0.5,0.00872762,0.229625,0.000726137,100000
neutron,12.599999999999998,Si,0.75,0.0139045,0.291289,0.000921137,100000
neutron,12.599999999999998,Si,1.0,0.0163025,0.310754,0.00098269,100000
neutron,12.599999999999998,Si,1.25,0.0219961,0.368342,0.0011648,100000
neutron,12.599999999999998,Si,1.5,0.0280583,0.416359,0.00131664,100000
neutron,12.599999999999998,Si,1.75,0.0322286,0.450774,0.00142547,100000
neutron,12.599999999999998,Si,2.0,0.037529,0.479395,0.00151598,100000
neutron,12.7,Si,0.5,0.0076591,0.205137,0.000648701,100000
neutron,12.7,Si,0.75,0.0132028,0.27925,0.000883066,100000
neutron,12.7,Si,1.0,0.0176019,0.327512,0.00103568,100000
neutron,12.7,Si,1.25,0.0223063,0.372415,0.00117768,100000
neutron,12.7,Si,1.5,0.0251362,0.39116,0.00123696,100000
neutron,12.7,Si,1.75,0.033319,0.455334,0.00143989,100000
neutron,12.7,Si,2.0,0.0372632,0.484223,0.00153125,100000
neutron,12.799999999999999,Si,0.5,0.00797033,0.207808,0.000657146,100000
neutron,12.799999999999999,Si,0.75,0.0145728,0.298323,0.000943382,100000
neutron,12.799999999999999,Si,1.0,0.0173375,0.32366,0.0010235,100000
neutron,12.799999999999999,Si,1.25,0.0215132,0.366049,0.00115755,100000
neutron,12.799999999999999,Si,1.5,0.0280847,0.412003,0.00130287,100000
neutron,12.799999999999999,Si,1.75,0.0338871,0.467246,0.00147756,100000
neutron,12.799999999999999,Si,2.0,0.0361871,0.474158,0.00149942,100000
neutron,12.899999999999999,Si,0.5,0.0079021,0.203673,0.00064407,100000
neutron,12.899999999999999,Si,0.75,0.0132591,0.277727,0.000878251,100000
neutron,12.899999999999999,Si,1.0,0.0166004,0.316917,0.00100218,100000
neutron,12.899999999999999,Si,1.25,0.0222468,0.373791,0.00118203,100000
neutron,12.899999999999999,Si,1.5,0.0274378,0.411828,0.00130231,100000
neutron,12.899999999999999,Si,1.75,0.0318882,0.444278,0.00140493,100000
neutron,12.899999999999999,Si,2.0,0.0379588,0.489303,0.00154731,100000
neutron,12.999999999999998,Si,0.5,0.00950254,0.237245,0.000750236,100000
neutron,12.999999999999998,Si,0.75,0.0146393,0.304289,0.000962246,100000
neutron,12.999999999999998,Si,1.0,0.0176848,0.322509,0.00101986,100000
neutron,12.999999999999998,Si,1.25,0.0236497,0.383019,0.00121121,100000
neutron,12.999999999999998,Si,1.5,0.0285247,0.421143,0.00133177,100000
neutron,12.999999999999998,Si,1.75,0.0331022,0.457044,0.0014453,100000
neutron,12.999999999999998,Si,2.0,0.039406,0.500155,0.00158163,100000
neutron,13.099999999999998,Si,0.5,0.00842833,0.222128,0.000702432,100000
neutron,13.099999999999998,Si,0.75,0.0114639,0.255006,0.000806401,100000
neutron,13.099999999999998,Si,1.0,0.0161233,0.31149,0.000985017,100000
neutron,13.099999999999998,Si,1.25,0.0230176,0.376625,0.00119099,100000
neutron,13.099999999999998,Si,1.5,0.0275337,0.411031,0.0012998,100000
neutron,13.099999999999998,Si,1.75,0.0318297,0.442028,0.00139782,100000
neutron,13.099999999999998,Si,2.0,0.0356233,0.472792,0.0014951,100000
neutron,13.2,Si,0.5,0.00918415,0.231375,0.000731672,100000
neutron,13.2,Si,0.75,0.0126724,0.272575,0.000861956,100000
neutron,13.2,Si,1.0,0.0206557,0.36837,0.00116489,100000
neutron,13.2,Si,1.25,0.0247176,0.394655,0.00124801,100000
neutron,13.2,Si,1.5,0.0313033,0.448259,0.00141752,100000
neutron,13.2,Si,1.75,0.0354216,0.479124,0.00151512,100000
neutron,13.2,Si,2.0,0.0364183,0.479018,0.00151479,100000
neutron,13.299999999999999,Si,0.5,0.00826355,0.221522,0.000700515,100000
neutron,13.299999999999999,Si,0.75,0.0138387,0.291816,0.000922804,100000
neutron,13.299999999999999,Si,1.0,0.0161556,0.316434,0.00100065,100000
neutron,13.299999999999999,Si,1.25,0.0222348,0.373947,0.00118253,100000
neutron,13.299999999999999,Si,1.5,0.0283733,0.418611,0.00132376,100000
neutron,13.299999999999999,Si,1.75,0.0318604,0.453726,0.00143481,100000
neutron,13.299999999999999,Si,2.0,0.0393765,0.502562,0.00158924,100000
neutron,13.399999999999999,Si,0.5,0.00959043,0.244091,0.000771885,100000
neutron,13.399999999999999,Si,0.75,0.0133005,0.291676,0.000922362,100000
neutron,13.399999999999999,Si,1.0,0.0178515,0.334784,0.00105868,100000
neutron,13.399999999999999,Si,1.25,0.0220552,0.373561,0.0011813,100000
neutron,13.399999999999999,Si,1.5,0.0309753,0.448207,0.00141736,100000
neutron,13.399999999999999,Si,1.75,0.0309342,0.445407,0.0014085,100000
neutron,13.399999999999999,Si,2.0,0.0393149,0.493933,0.00156195,100000
neutron,13.499999999999998,Si,0.5,0.0077595,0.207189,0.000655188,100000
neutron,13.499999999999998,Si,0.75,0.0138336,0.292034,0.000923492,100000
neutron,13.499999999999998,Si,1.0,0.0179618,0.335246,0.00106014,100000
neutron,13.499999999999998,Si,1.25,0.024493,0.398605,0.0012605,100000
neutron,13.499999999999998,Si,1.5,0.0289024,0.434227,0.00137315,100000
neutron,13.499999999999998,Si,1.75,0.0351573,0.475141,0.00150253,100000
neutron,13.499999999999998,Si,2.0,0.0393393,0.506706,0.00160234,100000
neutron,13.599999999999998,Si,0.5,0.00911375,0.234694,0.000742167,100000
neutron,13.599999999999998,Si,0.75,0.0142278,0.300031,0.000948781,100000
neutron,13.599999999999998,Si,1.0,0.0181739,0.334323,0.00105722,100000
neutron,13.599999999999998,Si,1.25,0.0249946,0.399055,0.00126192,100000
neutron,13.599999999999998,Si,1.5,0.0276278,0.420752,0.00133053,100000
neutron,13.599999999999998,Si,1.75,0.0303363,0.443608,0.00140281,100000
neutron,13.599999999999998,Si,2.0,0.0387293,0.50236,0.0015886,100000
neutron,13.7,Si,0.5,0.00841235,0.223591,0.000707057,100000
neutron,13.7,Si,0.75,0.0129636,0.286147,0.000904877,100000
neutron,13.7,Si,1.0,0.0179519,0.338039,0.00106897,100000
neutron,13.7,Si,1.25,0.0238599,0.390913,0.00123617,100000
neutron,13.7,Si,1.5,0.0290898,0.431412,0.00136425,100000
neutron,13.7,Si,1.75,0.0322085,0.451262,0.00142702,100000
neutron,13.7,Si,2.0,0.0375677,0.489291,0.00154727,100000
neutron,13.799999999999999,Si,0.5,0.00923696,0.235939,0.000746103,100000
neutron,13.799999999999999,Si,0.75,0.0133371,0.289434,0.00091527,100000
neutron,13.799999999999999,Si,1.0,0.0164626,0.312049,0.000986784,100000
neutron,13.799999999999999,Si,1.25,0.0216901,0.373922,0.00118245,100000
neutron,13.799999999999999,Si,1.5,0.0268963,0.420556,0.00132992,100000
neutron,13.799999999999999,Si,1.75,0.0345964,0.473893,0.00149858,100000
neutron,13.799999999999999,Si,2.0,0.0374401,0.488401,0.00154446,100000
neutron,13.899999999999999,Si,0.5,0.00914194,0.237709,0.000751702,100000
neutron,13.899999999999999,Si,0.75,0.0119637,0.258973,0.000818946,100000
neutron,13.899999999999999,Si,1.0,0.0170181,0.321484,0.00101662,100000
neutron,13.899999999999999,Si,1.25,0.0235438,0.387588,0.00122566,100000
neutron,13.899999999999999,Si,1.5,0.0260184,0.407962,0.00129009,100000
neutron,13.899999999999999,Si,1.75,0.0317823,0.460574,0.00145646,100000
neutron,13.899999999999999,Si,2.0,0.0376843,0.497446,0.00157306,100000
neutron,13.999999999999998,Si,0.5,0.00882683,0.224786,0.000710836,100000
neutron,13.999999999999998,Si,0.75,0.0140571,0.297857,0.000941905,100000
neutron,13.999999999999998,Si,1.0,0.0166836,0.326871,0.00103366,100000
neutron,13.999999999999998,Si,1.25,0.0214977,0.368323,0.00116474,100000
neutron,13.999999999999998,Si,1.5,0.0281924,0.428999,0.00135661,100000
neutron,13.999999999999998,Si,1.75,0.0306086,0.444447,0.00140547,100000
neutron,13.999999999999998,Si,2.0,0.0353301,0.480001,0.0015179,100000
neutron,14.099999999999998,Si,0.5,0.0085256,0.221806,0.000701412,100000
neutron,14.099999999999998,Si,0.75,0.0129876,0.284056,0.000898264,100000
neutron,14.099999999999998,Si,1.0,0.0175044,0.331875,0.00104948,100000
neutron,14.099999999999998,Si,1.25,0.0232131,0.381454,0.00120626,100000
neutron,14.099999999999998,Si,1.5,0.0283729,0.424362,0.00134195,100000
neutron,14.099999999999998,Si,1.75,0.0321364,0.455961,0.00144188,100000
neutron,14.099999999999998,Si,2.0,0.0387275,0.505177,0.00159751,100000
neutron,14.2,Si,0.5,0.00768109,0.220997,0.000698854,100000
neutron,14.2,Si,0.75,0.0117607,0.2679,0.000847173,100000
neutron,14.2,Si,1.0,0.0169808,0.324978,0.00102767,100000
neutron,14.2,Si,1.25,0.0238596,0.383822,0.00121375,100000
neutron,14.2,Si,1.5,0.0285541,0.430231,0.00136051,100000
neutron,14.2,Si,1.75,0.035134,0.480455,0.00151933,100000
neutron,14.2,Si,2.0,0.0358797,0.483498,0.00152895,100000
neutron,14.299999999999999,Si,0.5,0.00965071,0.249004,0.00078742,100000
neutron,14.299999999999999,Si,0.75,0.0137389,0.290947,0.000920057,100000
neutron,14.299999999999999,Si,1.0,0.0159171,0.30985,0.000979832,100000
neutron,14.299999999999999,Si,1.25,0.0227176,0.386257,0.00122145,100000
neutron,14.299999999999999,Si,1.5,0.0299102,0.450166,0.00142355,100000
neutron,14.299999999999999,Si,1.75,0.0322094,0.456976,0.00144508,100000
neutron,14.299999999999999,Si,2.0,0.0331988,0.46513,0.00147087,100000
neutron,14.399999999999999,Si,0.5,0.00816742,0.223292,0.000706112,100000
neutron,14.399999999999999,Si,0.75,0.0121387,0.266861,0.000843887,100000
neutron,14.399999999999999,Si,1.0,0.0182992,0.336147,0.00106299,100000
neutron,14.399999999999999,Si,1.25,0.0217912,0.363327,0.00114894,100000
neutron,14.399999999999999,Si,1.5,0.0245169,0.396762,0.00125467,100000
neutron,14.399999999999999,Si,1.75,0.0318397,0.4517,0.0014284,100000
neutron,14.399999999999999,Si,2.0,0.0347979,0.471387,0.00149066,100000
neutron,14.499999999999998,Si,0.5,0.00820367,0.216857,0.000685763,100000
neutron,14.499999999999998,Si,0.75,0.0139042,0.294761,0.000932117,100000
neutron,14.499999999999998,Si,1.0,0.0171097,0.32237,0.00101942,100000
neutron,14.499999999999998,Si,1.25,0.0221245,0.37495,0.0011857,100000
neutron,14.499999999999998,Si,1.5,0.0259443,0.403526,0.00127606,100000
neutron,14.499999999999998,Si,1.75,0.0325513,0.46249,0.00146252,100000
neutron,14.499999999999998,Si,2.0,0.0371767,0.493157,0.0015595,100000
neutron,14.599999999999998,Si,0.5,0.00776991,0.215529,0.000681562,100000
neutron,14.599999999999998,Si,0.75,0.0149314,0.316511,0.0010009,100000
neutron,14.599999999999998,Si,1.0,0.0170379,0.325966,0.00103079,100000
neutron,14.599999999999998,Si,1.25,0.0220618,0.377287,0.00119308,100000
neutron,14.599999999999998,Si,1.5,0.029087,0.442015,0.00139777,100000
neutron,14.599999999999998,Si,1.75,0.0327872,0.463243,0.0014649,100000
neutron,14.599999999999998,Si,2.0,0.0373288,0.501374,0.00158548,100000
neutron,14.7,Si,0.5,0.00751174,0.217493,0.000687775,100000
neutron,14.7,Si,0.75,0.0125751,0.282439,0.000893149,100000
neutron,14.7,Si,1.0,0.0187983,0.345952,0.001094,100000
neutron,14.7,Si,1.25,0.021289,0.36728,0.00116144,100000
neutron,14.7,Si,1.5,0.0275083,0.430874,0.00136254,100000
neutron,14.7,Si,1.75,0.0303192,0.452331,0.0014304,100000
neutron,14.7,Si,2.0,0.037515,0.500722,0.00158342,100000
neutron,14.799999999999999,Si,0.5,0.00905627,0.238023,0.000752695,100000
neutron,14.799999999999999,Si,0.75,0.00999818,0.236503,0.00074789,100000
neutron,14.799999999999999,Si,1.0,0.0178295,0.333983,0.00105615,100000
neutron,14.799999999999999,Si,1.25,0.0206251,0.361883,0.00114438,100000
neutron,14.799999999999999,Si,1.5,0.0255325,0.396779,0.00125472,100000
neutron,14.799999999999999,Si,1.75,0.0322144,0.45921,0.00145215,100000
neutron,14.799999999999999,Si,2.0,0.0401196,0.515568,0.00163037,100000
neutron,14.899999999999999,Si,0.5,0.00764645,0.218193,0.000689988,100000
neutron,14.899999999999999,Si,0.75,0.0108481,0.252088,0.000797172,100000
neutron,14.899999999999999,Si,1.0,0.0180062,0.342948,0.0010845,100000
neutron,14.899999999999999,Si,1.25,0.0226691,0.38341,0.00121245,100000
neutron,14.899999999999999,Si,1.5,0.0253768,0.397396,0.00125668,100000
neutron,14.899999999999999,Si,1.75,0.0333571,0.475484,0.00150361,100000
neutron,14.899999999999999,Si,2.0,0.0382587,0.504399,0.00159505,100000
neutron,14.999999999999998,Si,0.5,0.00799606,0.228215,0.000721679,100000
neutron,14.999999999999998,Si,0.75,0.0137729,0.295596,0.000934758,100000
neutron,14.999999999999998,Si,1.0,0.017558,0.336216,0.00106321,100000
neutron,14.999999999999998,Si,1.25,0.022535,0.384055,0.00121449,100000
neutron,14.999999999999998,Si,1.5,0.0240251,0.393836,0.00124542,100000
neutron,14.999999999999998,Si,1.75,0.0331824,0.473481,0.00149728,100000
neutron,14.999999999999998,Si,2.0,0.0392504,0.512395,0.00162033,100000
neutron,15.099999999999998,Si,0.5,0.00833468,0.228891,0.000723816,100000
neutron,15.099999999999998,Si,0.75,0.012051,0.277649,0.000878004,100000
neutron,15.099999999999998,Si,1.0,0.018158,0.343737,0.00108699,100000
neutron,15.099999999999998,Si,1.25,0.0226438,0.382959,0.00121102,100000
neutron,15.099999999999998,Si,1.5,0.0260826,0.410475,0.00129804,100000
neutron,15.099999999999998,Si,1.75,0.0330447,0.469871,0.00148586,100000
neutron,15.099999999999998,Si,2.0,0.0378278,0.503639,0.00159265,100000
neutron,15.199999999999998,Si,0.5,0.00907936,0.240741,0.000761289,100000
neutron,15.199999999999998,Si,0.75,0.0123167,0.277381,0.000877155,100000
neutron,15.199999999999998,Si,1.0,0.0163292,0.32132,0.0010161,100000
neutron,15.199999999999998,Si,1.25,0.0214581,0.375101,0.00118617,100000
neutron,15.199999999999998,Si,1.5,0.0306841,0.462633,0.00146297,100000
neutron,15.199999999999998,Si,1.75,0.0304324,0.450373,0.0014242,100000
neutron,15.199999999999998,Si,2.0,0.0392176,0.516638,0.00163375,100000
neutron,15.299999999999999,Si,0.5,0.00775814,0.216684,0.000685214,100000
neutron,15.299999999999999,Si,0.75,0.0104832,0.260134,0.000822617,100000
neutron,15.299999999999999,Si,1.0,0.0173731,0.325826,0.00103035,100000
neutron,15.299999999999999,Si,1.25,0.0240586,0.40101,0.0012681,100000
neutron,15.299999999999999,Si,1.5,0.0282584,0.435351,0.0013767,100000
neutron,15.299999999999999,Si,1.75,0.0339935,0.47431,0.0014999,100000
neutron,15.299999999999999,Si,2.0,0.039443,0.517805,0.00163744,100000
neutron,15.399999999999999,Si,0.5,0.00659205,0.193864,0.000613052,100000
neutron,15.399999999999999,Si,0.75,0.0103536,0.240999,0.000762107,100000
neutron,15.399999999999999,Si,1.0,0.0171008,0.336641,0.00106455,100000
neutron,15.399999999999999,Si,1.25,0.0216286,0.375539,0.00118756,100000
neutron,15.399999999999999,Si,1.5,0.0268944,0.42534,0.00134504,100000
neutron,15.399999999999999,Si,1.75,0.0311287,0.453914,0.0014354,100000
neutron,15.399999999999999,Si,2.0,0.0415889,0.538583,0.00170315,100000
neutron,15.499999999999998,Si,0.5,0.00852592,0.226779,0.000717138,100000
neutron,15.499999999999998,Si,0.75,0.0131042,0.290436,0.000918441,100000
neutron,15.499999999999998,Si,1.0,0.0180501,0.342092,0.00108179,100000
neutron,15.499999999999998,Si,1.25,0.0233308,0.391963,0.00123949,100000
neutron,15.499999999999998,Si,1.5,0.029083,0.442253,0.00139853,100000
neutron,15.499999999999998,Si,1.75,0.0324271,0.467248,0.00147757,100000
neutron,15.499999999999998,Si,2.0,0.0382437,0.511623,0.00161789,100000
neutron,15.599999999999998,Si,0.5,0.00799899,0.217147,0.000686679,100000
neutron,15.599999999999998,Si,0.75,0.0116383,0.262462,0.000829978,100000
neutron,15.599999999999998,Si,1.0,0.0177532,0.335887,0.00106217,100000
neutron,15.599999999999998,Si,1.25,0.0222258,0.378215,0.00119602,100000
neutron,15.599999999999998,Si,1.5,0.026398,0.426564,0.00134892,100000
neutron,15.599999999999998,Si,1.75,0.0304688,0.449076,0.0014201,100000
neutron,15.599999999999998,Si,2.0,0.0378192,0.510418,0.00161408,100000
neutron,15.699999999999998,Si,0.5,0.00900525,0.240744,0.000761299,100000
neutron,15.699999999999998,Si,0.75,0.0110887,0.261049,0.000825511,100000
neutron,15.699999999999998,Si,1.0,0.0153503,0.310782,0.000982778,100000
neutron,15.699999999999998,Si,1.25,0.0209723,0.377271,0.00119304,100000
neutron,15.699999999999998,Si,1.5,0.0262064,0.417628,0.00132065,100000
neutron,15.699999999999998,Si,1.75,0.0330319,0.479265,0.00151557,100000
neutron,15.699999999999998,Si,2.0,0.0353461,0.481365,0.00152221,100000
neutron,15.799999999999999,Si,0.5,0.00740849,0.210814,0.000666652,100000
neutron,15.799999999999999,Si,0.75,0.0118123,0.273278,0.000864181,100000
neutron,15.799999999999999,Si,1.0,0.0173292,0.340785,0.00107766,100000
neutron,15.799999999999999,Si,1.25,0.0234601,0.395049,0.00124925,100000
neutron,15.799999999999999,Si,1.5,0.0264906,0.42512,0.00134435,100000
neutron,15.799999999999999,Si,1.75,0.0318741,0.467904,0.00147964,100000
neutron,15.799999999999999,Si,2.0,0.0354866,0.494909,0.00156504,100000
neutron,15.899999999999999,Si,0.5,0.00948836,0.245523,0.000776411,100000
neutron,15.899999999999999,Si,0.75,0.0134354,0.294951,0.000932718,100000
neutron,15.899999999999999,Si,1.0,0.0166657,0.335208,0.00106002,100000
neutron,15.899999999999999,Si,1.25,0.0228857,0.388433,0.00122833,100000
neutron,15.899999999999999,Si,1.5,0.0248233,0.400662,0.001267,100000
neutron,15.899999999999999,Si,1.75,0.0297423,0.442563,0.00139951,100000
neutron,15.899999999999999,Si,2.0,0.0379764,0.509324,0.00161062,100000
neutron,15.999999999999998,Si,0.5,0.00812167,0.21592,0.000682799,100000
neutron,15.999999999999998,Si,0.75,0.0133358,0.289112,0.000914253,100000
neutron,15.999999999999998,Si,1.0,0.0193408,0.35314,0.00111673,100000
neutron,15.999999999999998,Si,1.25,0.0220529,0.384195,0.00121493,100000
neutron,15.999999999999998,Si,1.5,0.0276879,0.42651,0.00134874,100000
neutron,15.999999999999998,Si,1.75,0.0307796,0.449909,0.00142274,100000
neutron,15.999999999999998,Si,2.0,0.0355161,0.486626,0.00153885,100000
neutron,16.099999999999998,Si,0.5,0.00830648,0.228049,0.000721155,100000
neutron,16.099999999999998,Si,0.75,0.01378,0.299473,0.000947017,100000
neutron,16.099999999999998,Si,1.0,0.0157536,0.319895,0.0010116,100000
neutron,16.099999999999998,Si,1.25,0.0230261,0.391112,0.0012368,100000
neutron,16.099999999999998,Si,1.5,0.0276222,0.430883,0.00136257,100000
neutron,16.099999999999998,Si,1.75,0.0328137,0.467072,0.00147701,100000
neutron,16.099999999999998,Si,2.0,0.0333413,0.465937,0.00147342,100000
neutron,16.2,Si,0.5,0.00862402,0.238434,0.000753994,100000
neutron,16.2,Si,0.75,0.0123183,0.284249,0.000898875,100000
neutron,16.2,Si,1.0,0.018612,0.351438,0.00111134,100000
neutron,16.2,Si,1.25,0.0248998,0.424377,0.001342,100000
neutron,16.2,Si,1.5,0.0257389,0.413716,0.00130829,100000
neutron,16.2,Si,1.75,0.0305944,0.447022,0.00141361,100000
neutron,16.2,Si,2.0,0.0370384,0.499223,0.00157868,100000
neutron,16.3,Si,0.5,0.00795248,0.216468,0.000684533,100000
neutron,16.3,Si,0.75,0.0121739,0.271877,0.000859752,100000
neutron,16.3,Si,1.0,0.0158565,0.315312,0.000997106,100000
neutron,16.3,Si,1.25,0.0212213,0.370646,0.00117208,100000
neutron,16.3,Si,1.5,0.0280047,0.429069,0.00135684,100000
neutron,16.3,Si,1.75,0.0347038,0.488367,0.00154435,100000
neutron,16.3,Si,2.0,0.0361438,0.500978,0.00158423,100000
neutron,16.4,Si,0.5,0.00808016,0.223598,0.000707078,100000
neutron,16.4,Si,0.75,0.0133022,0.299203,0.000946164,100000
neutron,16.4,Si,1.0,0.0183895,0.341615,0.00108028,100000
neutron,16.4,Si,1.25,0.0218174,0.384526,0.00121598,100000
neutron,16.4,Si,1.5,0.0290969,0.4495,0.00142144,100000
neutron,16.4,Si,1.75,0.0344489,0.493889,0.00156181,100000
neutron,16.4,Si,2.0,0.0377784,0.504379,0.00159499,100000
neutron,16.5,Si,0.5,0.00745539,0.209969,0.00066398,100000
neutron,16.5,Si,0.75,0.0139168,0.303918,0.000961074,100000
neutron,16.5,Si,1.0,0.0163986,0.324024,0.00102466,100000
neutron,16.5,Si,1.25,0.0229771,0.390944,0.00123627,100000
neutron,16.5,Si,1.5,0.0290179,0.446625,0.00141235,100000
neutron,16.5,Si,1.75,0.0325819,0.470963,0.00148932,100000
neutron,16.5,Si,2.0,0.0376004,0.50401,0.00159382,100000
neutron,16.6,Si,0.5,0.00620401,0.182552,0.000577282,100000
neutron,16.6,Si,0.75,0.0129131,0.281822,0.000891201,100000
neutron,16.6,Si,1.0,0.0193734,0.359824,0.00113786,100000
neutron,16.6,Si,1.25,0.023212,0.39619,0.00125286,100000
neutron,16.6,Si,1.5,0.027805,0.434573,0.00137424,100000
neutron,16.6,Si,1.75,0.0331573,0.475437,0.00150346,100000
neutron,16.6,Si,2.0,0.0361014,0.491908,0.00155555,100000
neutron,16.7,Si,0.5,0.008347,0.224456,0.000709792,100000
neutron,16.7,Si,0.75,0.0130496,0.278532,0.000880795,100000
neutron,16.7,Si,1.0,0.0176758,0.333304,0.001054,100000
neutron,16.7,Si,1.25,0.0222694,0.38049,0.00120322,100000
neutron,16.7,Si,1.5,0.0275049,0.437646,0.00138396,100000
neutron,16.7,Si,1.75,0.0312247,0.460948,0.00145765,100000
neutron,16.7,Si,2.0,0.0352395,0.491717,0.00155495,100000
neutron,16.8,Si,0.5,0.00898834,0.242761,0.000767678,100000
neutron,16.8,Si,0.75,0.0125481,0.288657,0.000912812,100000
neutron,16.8,Si,1.0,0.0185591,0.353196,0.0011169,100000
neutron,16.8,Si,1.25,0.0231212,0.397105,0.00125576,100000
neutron,16.8,Si,1.5,0.0282934,0.433765,0.00137169,100000
neutron,16.8,Si,1.75,0.0336341,0.479965,0.00151778,100000
neutron,16.8,Si,2.0,0.0387754,0.524591,0.0016589,100000
neutron,16.9,Si,0.5,0.0088973,0.234081,0.000740228,100000
neutron,16.9,Si,0.75,0.0137051,0.29778,0.000941663,100000
neutron,16.9,Si,1.0,0.0181679,0.341442,0.00107974,100000
neutron,16.9,Si,1.25,0.02384,0.399494,0.00126331,100000
neutron,16.9,Si,1.5,0.0263073,0.411089,0.00129998,100000
neutron,16.9,Si,1.75,0.0368068,0.510666,0.00161487,100000
neutron,16.9,Si,2.0,0.0381103,0.512306,0.00162005,100000
neutron,17.0,Si,0.5,0.00813835,0.228628,0.000722986,100000
neutron,17.0,Si,0.75,0.01226,0.275682,0.000871784,100000
neutron,17.0,Si,1.0,0.0181606,0.351287,0.00111087,100000
neutron,17.0,Si,1.25,0.0231327,0.396713,0.00125452,100000
neutron,17.0,Si,1.5,0.0320965,0.473627,0.00149774,100000
neutron,17.0,Si,1.75,0.0333657,0.479697,0.00151694,100000
neutron,17.0,Si,2.0,0.0380976,0.515302,0.00162953,100000
neutron,17.1,Si,0.5,0.00904271,0.23617,0.000746834,100000
neutron,17.1,Si,0.75,0.0152825,0.320054,0.0010121,100000
neutron,17.1,Si,1.0,0.0179353,0.348038,0.00110059,100000
neutron,17.1,Si,1.25,0.0211768,0.373375,0.00118072,100000
neutron,17.1,Si,1.5,0.0286938,0.457246,0.00144594,100000
neutron,17.1,Si,1.75,0.0307191,0.459491,0.00145304,100000
neutron,17.1,Si,2.0,0.0419624,0.54623,0.00172733,100000
neutron,17.2,Si,0.5,0.0079101,0.214539,0.000678433,100000
neutron,17.2,Si,0.75,0.0130603,0.295275,0.000933742,100000
neutron,17.2,Si,1.0,0.0195586,0.363679,0.00115005,100000
neutron,17.2,Si,1.25,0.0209002,0.364707,0.00115331,100000
neutron,17.2,Si,1.5,0.0292313,0.455727,0.00144113,100000
neutron,17.2,Si,1.75,0.0323131,0.46611,0.00147397,100000
neutron,17.2,Si,2.0,0.041943,0.547992,0.0017329,100000
neutron,17.3,Si,0.5,0.00822753,0.221968,0.000701925,100000
neutron,17.3,Si,0.75,0.0122535,0.282355,0.000892883,100000
neutron,17.3,Si,1.0,0.0192326,0.360293,0.00113935,100000
neutron,17.3,Si,1.25,0.0223709,0.385717,0.00121974,100000
neutron,17.3,Si,1.5,0.0281601,0.429855,0.00135932,100000
neutron,17.3,Si,1.75,0.0308646,0.452786,0.00143184,100000
neutron,17.3,Si,2.0,0.0380013,0.523187,0.00165446,100000
neutron,17.4,Si,0.5,0.00740218,0.213237,0.000674315,100000
neutron,17.4,Si,0.75,0.0135611,0.29483,0.000932334,100000
neutron,17.4,Si,1.0,0.019957,0.367116,0.00116092,100000
neutron,17.4,Si,1.25,0.0225637,0.379717,0.00120077,100000
neutron,17.4,Si,1.5,0.0287178,0.4423,0.00139868,100000
neutron,17.4,Si,1.75,0.0338693,0.487491,0.00154158,100000
neutron,17.4,Si,2.0,0.036232,0.494805,0.00156471,100000
neutron,17.5,Si,0.5,0.00841399,0.227526,0.000719502,100000
neutron,17.5,Si,0.75,0.0108777,0.255734,0.000808703,100000
neutron,17.5,Si,1.0,0.0190627,0.346711,0.0010964,100000
neutron,17.5,Si,1.25,0.0211009,0.365803,0.00115677,100000
neutron,17.5,Si,1.5,0.0286441,0.444287,0.00140496,100000
neutron,17.5,Si,1.75,0.0349535,0.491288,0.00155359,100000
neutron,17.5,Si,2.0,0.0376796,0.513299,0.00162319,100000
neutron,17.6,Si,0.5,0.00887227,0.234878,0.000742748,100000
neutron,17.6,Si,0.75,0.0122288,0.279357,0.000883403,100000
neutron,17.6,Si,1.0,0.0179573,0.347007,0.00109733,100000
neutron,17.6,Si,1.25,0.0249387,0.411485,0.00130123,100000
neutron,17.6,Si,1.5,0.0281754,0.432393,0.00136735,100000
neutron,17.6,Si,1.75,0.0331895,0.483946,0.00153037,100000
neutron,17.6,Si,2.0,0.0363474,0.492219,0.00155653,100000
neutron,17.7,Si,0.5,0.00799988,0.218231,0.000690106,100000
neutron,17.7,Si,0.75,0.0128909,0.289346,0.000914991,100000
neutron,17.7,Si,1.0,0.0172571,0.327905,0.00103693,100000
neutron,17.7,Si,1.25,0.0208098,0.365184,0.00115481,100000
neutron,17.7,Si,1.5,0.0299479,0.445807,0.00140977,100000
neutron,17.7,Si,1.75,0.0316788,0.460182,0.00145522,100000
neutron,17.7,Si,2.0,0.0390413,0.521293,0.00164847,100000
neutron,17.8,Si,0.5,0.00804078,0.205693,0.000650459,100000
neutron,17.8,Si,0.75,0.0143421,0.298957,0.000945386,100000
neutron,17.8,Si,1.0,0.0198537,0.365742,0.00115658,100000
neutron,17.8,Si,1.25,0.0223942,0.379193,0.00119911,100000
neutron,17.8,Si,1.5,0.0266316,0.414097,0.00130949,100000
neutron,17.8,Si,1.75,0.0314034,0.457361,0.0014463,100000
neutron,17.8,Si,2.0,0.0377728,0.50842,0.00160777,100000
neutron,17.9,Si,0.5,0.00741523,0.209308,0.000661889,100000
neutron,17.9,Si,0.75,0.0126673,0.274308,0.000867439,100000
neutron,17.9,Si,1.0,0.0179335,0.343184,0.00108524,100000
neutron,17.9,Si,1.25,0.0220823,0.380546,0.00120339,100000
neutron,17.9,Si,1.5,0.0278435,0.441837,0.00139721,100000
neutron,17.9,Si,1.75,0.0340537,0.48374,0.00152972,100000
neutron,17.9,Si,2.0,0.0414827,0.548237,0.00173368,100000
neutron,18.0,Si,0.5,0.00888611,0.23637,0.000747469,100000
neutron,18.0,Si,0.75,0.0117035,0.262536,0.000830213,100000
neutron,18.0,Si,1.0,0.0197237,0.364901,0.00115392,100000
neutron,18.0,Si,1.25,0.0235463,0.399226,0.00126246,100000
neutron,18.0,Si,1.5,0.0284382,0.436068,0.00137897,100000
neutron,18.0,Si,1.75,0.0352552,0.502193,0.00158807,100000
neutron,18.0,Si,2.0,0.0384643,0.51156,0.00161769,100000
neutron,18.1,Si,0.5,0.00827953,0.219351,0.000693649,100000
neutron,18.1,Si,0.75,0.0134807,0.282261,0.000892589,100000
neutron,18.1,Si,1.0,0.0182398,0.339215,0.00107269,100000
neutron,18.1,Si,1.25,0.0234008,0.403705,0.00127663,100000
neutron,18.1,Si,1.5,0.028213,0.438425,0.00138642,100000
neutron,18.1,Si,1.75,0.0313228,0.460963,0.00145769,100000
neutron,18.1,Si,2.0,0.0396009,0.521081,0.0016478,100000
neutron,18.2,Si,0.5,0.00852757,0.221261,0.000699688,100000
neutron,18.2,Si,0.75,0.0148839,0.307128,0.000971224,100000
neutron,18.2,Si,1.0,0.0164968,0.326934,0.00103386,100000
neutron,18.2,Si,1.25,0.0217083,0.380765,0.00120408,100000
neutron,18.2,Si,1.5,0.0296926,0.461216,0.00145849,100000
neutron,18.2,Si,1.75,0.0328693,0.481385,0.00152227,100000
neutron,18.2,Si,2.0,0.0360485,0.492561,0.00155761,100000
neutron,18.3,Si,0.5,0.00880028,0.22512,0.000711893,100000
neutron,18.3,Si,0.75,0.0120067,0.266128,0.000841571,100000
neutron,18.3,Si,1.0,0.0166372,0.329277,0.00104127,100000
neutron,18.3,Si,1.25,0.0209564,0.372257,0.00117718,100000
neutron,18.3,Si,1.5,0.027186,0.416242,0.00131627,100000
neutron,18.3,Si,1.75,0.0347393,0.490313,0.0015505,100000
neutron,18.3,Si,2.0,0.0393848,0.524983,0.00166014,100000
neutron,18.4,Si,0.5,0.008623,0.227688,0.000720013,100000
neutron,18.4,Si,0.75,0.0146775,0.307162,0.000971331,100000
neutron,18.4,Si,1.0,0.0172326,0.330308,0.00104453,100000
neutron,18.4,Si,1.25,0.0262578,0.430756,0.00136217,100000
neutron,18.4,Si,1.5,0.0262571,0.41871,0.00132408,100000
neutron,18.4,Si,1.75,0.032307,0.473828,0.00149838,100000
neutron,18.4,Si,2.0,0.0378026,0.515212,0.00162924,100000
neutron,18.5,Si,0.5,0.00762979,0.209807,0.000663468,100000
neutron,18.5,Si,0.75,0.0130328,0.28754,0.000909282,100000
neutron,18.5,Si,1.0,0.0180632,0.339907,0.00107488,100000
neutron,18.5,Si,1.25,0.0211701,0.363739,0.00115024,100000
neutron,18.5,Si,1.5,0.0294867,0.445465,0.00140868,100000
neutron,18.5,Si,1.75,0.0334978,0.488008,0.00154322,100000
neutron,18.5,Si,2.0,0.0390639,0.528233,0.00167042,100000
neutron,18.6,Si,0.5,0.0085869,0.229001,0.000724165,100000
neutron,18.6,Si,0.75,0.0135979,0.291354,0.000921341,100000
neutron,18.6,Si,1.0,0.0167674,0.332233,0.00105061,100000
neutron,18.6,Si,1.25,0.0238848,0.403958,0.00127743,100000
neutron,18.6,Si,1.5,0.0309898,0.457245,0.00144594,100000
neutron,18.6,Si,1.75,0.03416,0.490217,0.0015502,100000
neutron,18.6,Si,2.0,0.0385322,0.510699,0.00161497,100000
neutron,18.7,Si,0.5,0.00845038,0.226227,0.000715392,100000
neutron,18.7,Si,0.75,0.0145982,0.302849,0.000957691,100000
neutron,18.7,Si,1.0,0.0199071,0.366553,0.00115914,100000
neutron,18.7,Si,1.25,0.023237,0.387361,0.00122494,100000
neutron,18.7,Si,1.5,0.0289646,0.438295,0.00138601,100000
neutron,18.7,Si,1.75,0.0357239,0.502873,0.00159022,100000
neutron,18.7,Si,2.0,0.0394943,0.52124,0.00164831,100000
neutron,18.8,Si,0.5,0.00921344,0.245601,0.00077666,100000
neutron,18.8,Si,0.75,0.0135093,0.298161,0.000942866,100000
neutron,18.8,Si,1.0,0.0188488,0.351678,0.0011121,100000
neutron,18.8,Si,1.25,0.0224937,0.37991,0.00120138,100000
neutron,18.8,Si,1.5,0.0280981,0.433804,0.00137181,100000
neutron,18.8,Si,1.75,0.0372412,0.514488,0.00162695,100000
neutron,18.8,Si,2.0,0.0376977,0.498919,0.00157772,100000
neutron,18.9,Si,0.5,0.00793837,0.219899,0.000695381,100000
neutron,18.9,Si,0.75,0.0134315,0.29646,0.00093749,100000
neutron,18.9,Si,1.0,0.0178519,0.339327,0.00107305,100000
neutron,18.9,Si,1.25,0.0240636,0.397092,0.00125572,100000
neutron,18.9,Si,1.5,0.0284674,0.444931,0.001407,100000
neutron,18.9,Si,1.75,0.0328183,0.476558,0.00150701,100000
neutron,18.9,Si,2.0,0.0380889,0.509422,0.00161093,100000
neutron,19.0,Si,0.5,0.00648323,0.187549,0.000593082,100000
neutron,19.0,Si,0.75,0.0121806,0.277862,0.000878676,100000
neutron,19.0,Si,1.0,0.0180843,0.339076,0.00107225,100000
neutron,19.0,Si,1.25,0.0259016,0.433,0.00136927,100000
neutron,19.0,Si,1.5,0.028897,0.444159,0.00140455,100000
neutron,19.0,Si,1.75,0.0339211,0.484941,0.00153352,100000
neutron,19.0,Si,2.0,0.0355197,0.474129,0.00149933,100000
neutron,19.1,Si,0.5,0.00975227,0.244841,0.000774255,100000
neutron,19.1,Si,0.75,0.0132599,0.271948,0.000859975,100000
neutron,19.1,Si,1.0,0.0193012,0.342562,0.00108328,100000
neutron,19.1,Si,1.25,0.0241231,0.390927,0.00123622,100000
neutron,19.1,Si,1.5,0.0291413,0.433197,0.00136989,100000
neutron,19.1,Si,1.75,0.0335473,0.471588,0.00149129,100000
neutron,19.1,Si,2.0,0.0398551,0.534548,0.00169039,100000
neutron,19.2,Si,0.5,0.0075027,0.211576,0.000669062,100000
neutron,19.2,Si,0.75,0.0134539,0.29859,0.000944226,100000
neutron,19.2,Si,1.0,0.019176,0.362279,0.00114563,100000
neutron,19.2,Si,1.25,0.0231963,0.387336,0.00122486,100000
neutron,19.2,Si,1.5,0.0274492,0.427171,0.00135083,100000
neutron,19.2,Si,1.75,0.0350188,0.496754,0.00157087,100000
neutron,19.2,Si,2.0,0.0390073,0.518548,0.00163979,100000
neutron,19.3,Si,0.5,0.00828567,0.224455,0.000709789,100000
neutron,19.3,Si,0.75,0.0138866,0.303196,0.00095879,100000
neutron,19.3,Si,1.0,0.0182133,0.349368,0.0011048,100000
neutron,19.3,Si,1.25,0.0240315,0.393691,0.00124496,100000
neutron,19.3,Si,1.5,0.0301692,0.451421,0.00142752,100000
neutron,19.3,Si,1.75,0.0316141,0.455661,0.00144093,100000
neutron,19.3,Si,2.0,0.0385865,0.512096,0.00161939,100000
neutron,19.4,Si,0.5,0.00842052,0.222315,0.000703023,100000
neutron,19.4,Si,0.75,0.013445,0.299096,0.000945825,100000
neutron,19.4,Si,1.0,0.0199857,0.362441,0.00114614,100000
neutron,19.4,Si,1.25,0.0234514,0.389111,0.00123048,100000
neutron,19.4,Si,1.5,0.0285501,0.442739,0.00140006,100000
neutron,19.4,Si,1.75,0.0363519,0.499629,0.00157997,100000
neutron,19.4,Si,2.0,0.0396689,0.527884,0.00166932,100000
neutron,19.5,Si,0.5,0.00926972,0.236873,0.000749059,100000
neutron,19.5,Si,0.75,0.0116974,0.255082,0.000806639,100000
neutron,19.5,Si,1.0,0.0199121,0.368976,0.00116681,100000
neutron,19.5,Si,1.25,0.0225476,0.376034,0.00118913,100000
neutron,19.5,Si,1.5,0.0275741,0.426291,0.00134805,100000
neutron,19.5,Si,1.75,0.0360688,0.502905,0.00159032,100000
neutron,19.5,Si,2.0,0.039224,0.517439,0.00163628,100000
neutron,19.6,Si,0.5,0.00867948,0.229477,0.000725669,100000
neutron,19.6,Si,0.75,0.0140233,0.303193,0.000958781,100000
neutron,19.6,Si,1.0,0.0189061,0.346017,0.0010942,100000
neutron,19.6,Si,1.25,0.0239677,0.399517,0.00126338,100000
neutron,19.6,Si,1.5,0.0274306,0.406649,0.00128594,100000
neutron,19.6,Si,1.75,0.034288,0.478854,0.00151427,100000
neutron,19.6,Si,2.0,0.0381032,0.503391,0.00159186,100000
neutron,19.7,Si,0.5,0.00881332,0.216495,0.000684616,100000
neutron,19.7,Si,0.75,0.013723,0.29241,0.000924681,100000
neutron,19.7,Si,1.0,0.0170385,0.318592,0.00100748,100000
neutron,19.7,Si,1.25,0.0231019,0.383065,0.00121136,100000
neutron,19.7,Si,1.5,0.0302665,0.443553,0.00140264,100000
neutron,19.7,Si,1.75,0.0352849,0.485968,0.00153676,100000
neutron,19.7,Si,2.0,0.0429006,0.553881,0.00175153,100000
neutron,19.8,Si,0.5,0.00813923,0.214061,0.00067692,100000
neutron,19.8,Si,0.75,0.0162459,0.321842,0.00101775,100000
neutron,19.8,Si,1.0,0.0184374,0.348449,0.00110189,100000
neutron,19.8,Si,1.25,0.0249998,0.403226,0.00127511,100000
neutron,19.8,Si,1.5,0.0303526,0.450392,0.00142427,100000
neutron,19.8,Si,1.75,0.0330387,0.457493,0.00144672,100000
neutron,19.8,Si,2.0,0.0418458,0.5322,0.00168296,100000
neutron,19.9,Si,0.5,0.00985913,0.238098,0.000752933,100000
neutron,19.9,Si,0.75,0.0147,0.296484,0.000937566,100000
neutron,19.9,Si,1.0,0.0193797,0.342769,0.00108393,100000
neutron,19.9,Si,1.25,0.0253288,0.401623,0.00127004,100000
neutron,19.9,Si,1.5,0.0296714,0.438324,0.0013861,100000
neutron,19.9,Si,1.75,0.0371018,0.488033,0.0015433,100000
neutron,19.9,Si,2.0,0.041037,0.510989,0.00161589,100000
neutron,20.0,Si,0.5,0.00741417,0.175735,0.000555724,100000
neutron,20.0,Si,0.75,0.0120366,0.232179,0.000734214,100000
neutron,20.0,Si,1.0,0.0176883,0.282133,0.000892183,100000
neutron,20.0,Si,1.25,0.0219907,0.334821,0.0010588,100000
neutron,20.0,Si,1.5,0.0256822,0.354161,0.00111995,100000
neutron,20.0,Si,1.75,0.0342596,0.425248,0.00134475,100000
neutron,20.0,Si,2.0,0.035514,0.409002,0.00129338,100000
proton,0.1,Si,0.5,0.0623975,0.00290301,2.90301e-05,10000
proton,0.1,Si,0.75,0.0624593,0.00283353,2.83353e-05,10000
proton,0.1,Si,1.0,0.0624143,0.00290756,2.90756e-05,10000
proton,0.1,Si,1.25,0.0623823,0.00278308,2.78308e-05,10000
proton,0.1,Si,1.5,0.0623365,0.00299336,2.99336e-05,10000
proton,0.1,Si,1.75,0.0624138,0.00271089,2.71089e-05,10000
proton,0.1,Si,2.0,0.0624363,0.00284105,2.84105e-05,10000
proton,0.2,Si,0.5,0.169098,0.00384997,3.84997e-05,10000
proton,0.2,Si,0.75,0.16916,0.00244708,2.44708e-05,10000
proton,0.2,Si,1.0,0.169184,0.00247845,2.47845e-05,10000
proton,0.2,Si,1.25,0.169199,0.00246771,2.46771e-05,10000
proton,0.2,Si,1.5,0.169108,0.00299644,2.99644e-05,10000
proton,0.2,Si,1.75,0.169159,0.00248017,2.48017e-05,10000
proton,0.2,Si,2.0,0.169117,0.00345926,3.45926e-05,10000
proton,0.3,Si,0.5,0.273502,0.00368639,3.68639e-05,10000
proton,0.3,Si,0.75,0.273492,0.00246006,2.46006e-05,10000
proton,0.3,Si,1.0,0.273469,0.00459118,4.59118e-05,10000
proton,0.3,Si,1.25,0.273513,0.00246074,2.46074e-05,10000
proton,0.3,Si,1.5,0.273425,0.00460419,4.60419e-05,10000
proton,0.3,Si,1.75,0.273489,0.00248504,2.48504e-05,10000
proton,0.3,Si,2.0,0.273507,0.00368541,3.68541e-05,10000
proton,0.4,Si,0.5,0.376676,0.0024823,2.4823e-05,10000
proton,0.4,Si,0.75,0.376664,0.00249071,2.49071e-05,10000
proton,0.4,Si,1.0,0.376652,0.00245655,2.45655e-05,10000
proton,0.4,Si,1.25,0.376676,0.00451379,4.51379e-05,10000
proton,0.4,Si,1.5,0.376684,0.00253282,2.53282e-05,10000
proton,0.4,Si,1.75,0.376662,0.00248953,2.48953e-05,10000
proton,0.4,Si,2.0,0.376634,0.00448458,4.48458e-05,10000
proton,0.5,Si,0.5,0.479125,0.00248096,2.48096e-05,10000
proton,0.5,Si,0.75,0.479149,0.00247767,2.47767e-05,10000
proton,0.5,Si,1.0,0.479195,0.00244995,2.44995e-05,10000
proton,0.5,Si,1.25,0.479126,0.0024595,2.4595e-05,10000
proton,0.5,Si,1.5,0.479149,0.0024164,2.4164e-05,10000
proton,0.5,Si,1.75,0.479166,0.0024182,2.4182e-05,10000
proton,0.5,Si,2.0,0.479177,0.00246054,2.46054e-05,10000
proton,0.6,Si,0.5,0.581126,0.00250716,2.50716e-05,10000
proton,0.6,Si,0.75,0.581127,0.00245107,2.45107e-05,10000
proton,0.6,Si,1.0,0.581166,0.00246876,2.46876e-05,10000
proton,0.6,Si,1.25,0.581134,0.00249621,2.49621e-05,10000
proton,0.6,Si,1.5,0.581171,0.00248648,2.48648e-05,10000
proton,0.6,Si,1.75,0.581169,0.002495,2.495e-05,10000
proton,0.6,Si,2.0,0.581153,0.00245002,2.45002e-05,10000
proton,0.7,Si,0.5,0.68275,0.00247238,2.47238e-05,10000
proton,0.7,Si,0.75,0.682686,0.00249171,2.49171e-05,10000
proton,0.7,Si,1.0,0.682727,0.00245841,2.45841e-05,10000
proton,0.7,Si,1.25,0.682685,0.00242153,2.42153e-05,10000
proton,0.7,Si,1.5,0.682773,0.0024848,2.4848e-05,10000
proton,0.7,Si,1.75,0.682779,0.00247751,2.47751e-05,10000
proton,0.7,Si,2.0,0.682763,0.00244707,2.44707e-05,10000
proton,0.7999999999999999,Si,0.5,0.78396,0.00493885,4.93885e-05,10000
proton,0.7999999999999999,Si,0.75,0.784026,0.00275461,2.75461e-05,10000
proton,0.7999999999999999,Si,1.0,0.783939,0.00545167,5.45167e-05,10000
proton,0.7999999999999999,Si,1.25,0.784058,0.00276263,2.76263e-05,10000
proton,0.7999999999999999,Si,1.5,0.78404,0.0027637,2.7637e-05,10000
proton,0.7999999999999999,Si,1.75,0.784019,0.00279225,2.79225e-05,10000
proton,0.7999999999999999,Si,2.0,0.784009,0.00275981,2.75981e-05,10000
proton,0.8999999999999999,Si,0.5,0.885079,0.00844056,8.44056e-05,10000
proton,0.8999999999999999,Si,0.75,0.885184,0.00272175,2.72175e-05,10000
proton,0.8999999999999999,Si,1.0,0.885041,0.0079594,7.9594e-05,10000
proton,0.8999999999999999,Si,1.25,0.885112,0.00269563,2.69563e-05,10000
proton,0.8999999999999999,Si,1.5,0.885115,0.00688063,6.88063e-05,10000
proton,0.8999999999999999,Si,1.75,0.885139,0.00270928,2.70928e-05,10000
proton,0.8999999999999999,Si,2.0,0.88501,0.0100647,0.000100647,10000
proton,0.9999999999999999,Si,0.5,0.98601,0.00270072,2.70072e-05,10000
proton,0.9999999999999999,Si,0.75,0.98603,0.00324469,3.24469e-05,10000
proton,0.9999999999999999,Si,1.0,0.986049,0.00267618,2.67618e-05,10000
proton,0.9999999999999999,Si,1.25,0.985913,0.0087463,8.7463e-05,10000
proton,0.9999999999999999,Si,1.5,0.985962,0.00478898,4.78898e-05,10000
proton,0.9999999999999999,Si,1.75,0.986043,0.0027195,2.7195e-05,10000
proton,0.9999999999999999,Si,2.0,0.985992,0.00268028,2.68028e-05,10000
proton,1.0999999999999999,Si,0.5,1.08673,0.010988,0.00010988,10000
proton,1.0999999999999999,Si,0.75,1.08685,0.00689634,6.89634e-05,10000
proton,1.0999999999999999,Si,1.0,1.08692,0.0026172,2.6172e-05,10000
proton,1.0999999999999999,Si,1.25,1.08685,0.0076302,7.6302e-05,10000
proton,1.0999999999999999,Si,1.5,1.08681,0.00826441,8.26441e-05,10000
proton,1.0999999999999999,Si,1.75,1.08693,0.00317272,3.17272e-05,10000
proton,1.0999999999999999,Si,2.0,1.08688,0.00263325,2.63325e-05,10000
proton,1.2,Si,0.5,1.18771,0.00257109,2.57109e-05,10000
proton,1.2,Si,0.75,1.18757,0.0114557,0.000114557,10000
proton,1.2,Si,1.0,1.18774,0.00256546,2.56546e-05,10000
proton,1.2,Si,1.25,1.18773,0.00255666,2.55666e-05,10000
proton,1.2,Si,1.5,1.18771,0.00255561,2.55561e-05,10000
proton,1.2,Si,1.75,1.18759,0.00984987,9.84987e-05,10000
proton,1.2,Si,2.0,1.18771,0.00260882,2.60882e-05,10000
proton,1.3,Si,0.5,1.28822,0.00256537,2.56537e-05,10000
proton,1.3,Si,0.75,1.28823,0.00257994,2.57994e-05,10000
proton,1.3,Si,1.0,1.28815,0.0025655,2.5655e-05,10000
proton,1.3,Si,1.25,1.28815,0.00262429,2.62429e-05,10000
proton,1.3,Si,1.5,1.28819,0.00257477,2.57477e-05,10000
proton,1.3,Si,1.75,1.2882,0.00257083,2.57083e-05,10000
proton,1.3,Si,2.0,1.28823,0.0025703,2.5703e-05,10000
proton,1.4,Si,0.5,1.38876,0.0025406,2.5406e-05,10000
proton,1.4,Si,0.75,1.38865,0.0121211,0.000121211,10000
proton,1.4,Si,1.0,1.38874,0.00255523,2.55523e-05,10000
proton,1.4,Si,1.25,1.38874,0.00256015,2.56015e-05,10000
proton,1.4,Si,1.5,1.38874,0.00253971,2.53971e-05,10000
proton,1.4,Si,1.75,1.38864,0.0141191,0.000141191,10000
proton,1.4,Si,2.0,1.38877,0.00250717,2.50717e-05,10000
proton,1.5,Si,0.5,1.48922,0.00254413,2.54413e-05,10000
proton,1.5,Si,0.75,1.48928,0.00251447,2.51447e-05,10000
proton,1.5,Si,1.0,1.48927,0.00251957,2.51957e-05,10000
proton,1.5,Si,1.25,1.48927,0.00247779,2.47779e-05,10000
proton,1.5,Si,1.5,1.48926,0.00252596,2.52596e-05,10000
proton,1.5,Si,1.75,1.48927,0.00462861,4.62861e-05,10000
proton,1.5,Si,2.0,1.48925,0.00249587,2.49587e-05,10000
proton,1.5999999999999999,Si,0.5,1.58969,0.00251788,2.51788e-05,10000
proton,1.5999999999999999,Si,0.75,1.58969,0.00248945,2.48945e-05,10000
proton,1.5999999999999999,Si,1.0,1.58958,0.0139713,0.000139713,10000
proton,1.5999999999999999,Si,1.25,1.58971,0.00249756,2.49756e-05,10000
proton,1.5999999999999999,Si,1.5,1.58972,0.00250384,2.50384e-05,10000
proton,1.5999999999999999,Si,1.75,1.58967,0.00253178,2.53178e-05,10000
proton,1.5999999999999999,Si,2.0,1.58973,0.0024681,2.4681e-05,10000
proton,1.7,Si,0.5,1.68993,0.0167558,0.000167558,10000
proton,1.7,Si,0.75,1.69002,0.00938723,9.38723e-05,10000
proton,1.7,Si,1.0,1.69004,0.0115718,0.000115718,10000
proton,1.7,Si,1.25,1.6901,0.0026389,2.6389e-05,10000
proton,1.7,Si,1.5,1.69009,0.00248888,2.48888e-05,10000
proton,1.7,Si,1.75,1.69013,0.00240488,2.40488e-05,10000
proton,1.7,Si,2.0,1.69015,0.00246494,2.46494e-05,10000
proton,1.8,Si,0.5,1.79025,0.0173084,0.000173084,10000
proton,1.8,Si,0.75,1.79031,0.0147653,0.000147653,10000
proton,1.8,Si,1.0,1.79023,0.0150445,0.000150445,10000
proton,1.8,Si,1.25,1.79045,0.00244693,2.44693e-05,10000
proton,1.8,Si,1.5,1.7905,0.00242741,2.42741e-05,10000
proton,1.8,Si,1.75,1.79044,0.00246759,2.46759e-05,10000
proton,1.8,Si,2.0,1.79036,0.0120364,0.000120364,10000
proton,1.9,Si,0.5,1.8908,0.0024563,2.4563e-05,10000
proton,1.9,Si,0.75,1.89083,0.00245073,2.45073e-05,10000
proton,1.9,Si,1.0,1.89086,0.00244345,2.44345e-05,10000
proton,1.9,Si,1.25,1.89068,0.00892774,8.92774e-05,10000
proton,1.9,Si,1.5,1.89086,0.00242207,2.42207e-05,10000
proton,1.9,Si,1.75,1.89085,0.00242529,2.42529e-05,10000
proton,1.9,Si,2.0,1.89082,0.00248138,2.48138e-05,10000
proton,2.0,Si,0.5,1.99103,0.0117711,0.000117711,10000
proton,2.0,Si,0.75,1.99114,0.00242671,2.42671e-05,10000
proton,2.0,Si,1.0,1.99106,0.00243742,2.43742e-05,10000
proton,2.0,Si,1.25,1.99119,0.00241665,2.41665e-05,10000
proton,2.0,Si,1.5,1.9912,0.00239769,2.39769e-05,10000
proton,2.0,Si,1.75,1.9911,0.00241832,2.41832e-05,10000
proton,2.0,Si,2.0,1.99109,0.00245419,2.45419e-05,10000
proton,2.0999999999999996,Si,0.5,2.09143,0.0024039,2.4039e-05,10000
proton,2.0999999999999996,Si,0.75,2.09137,0.00865794,8.65794e-05,10000
proton,2.0999999999999996,Si,1.0,2.09143,0.00240418,2.40418e-05,10000
proton,2.0999999999999996,Si,1.25,2.0914,0.00240425,2.40425e-05,10000
proton,2.0999999999999996,Si,1.5,2.09144,0.00241415,2.41415e-05,10000
proton,2.0999999999999996,Si,1.75,2.0914,0.00239919,2.39919e-05,10000
proton,2.0999999999999996,Si,2.0,2.09127,0.0176823,0.000176823,10000
proton,2.1999999999999997,Si,0.5,2.19168,0.00668337,6.68337e-05,10000
proton,2.1999999999999997,Si,0.75,2.19171,0.00237609,2.37609e-05,10000
proton,2.1999999999999997,Si,1.0,2.19172,0.00235352,2.35352e-05,10000
proton,2.1999999999999997,Si,1.25,2.19157,0.014367,0.00014367,10000
proton,2.1999999999999997,Si,1.5,2.19157,0.0143199,0.000143199,10000
proton,2.1999999999999997,Si,1.75,2.19155,0.0182194,0.000182194,10000
proton,2.1999999999999997,Si,2.0,2.19155,0.0155514,0.000155514,10000
proton,2.3,Si,0.5,2.29198,0.00239128,2.39128e-05,10000
proton,2.3,Si,0.75,2.29193,0.00237526,2.37526e-05,10000
proton,2.3,Si,1.0,2.29196,0.00256006,2.56006e-05,10000
proton,2.3,Si,1.25,2.29186,0.00909454,9.09454e-05,10000
proton,2.3,Si,1.5,2.29193,0.00239912,2.39912e-05,10000
proton,2.3,Si,1.75,2.29197,0.00232428,2.32428e-05,10000
proton,2.3,Si,2.0,2.2919,0.0056897,5.6897e-05,10000
proton,2.4,Si,0.5,2.39217,0.00240975,2.40975e-05,10000
proton,2.4,Si,0.75,2.3922,0.00235,2.35e-05,10000
proton,2.4,Si,1.0,2.39216,0.00240124,2.40124e-05,10000
proton,2.4,Si,1.25,2.39221,0.00236822,2.36822e-05,10000
proton,2.4,Si,1.5,2.39219,0.00238422,2.38422e-05,10000
proton,2.4,Si,1.75,2.39215,0.00234777,2.34777e-05,10000
proton,2.4,Si,2.0,2.39214,0.00631957,6.31957e-05,10000
proton,2.5,Si,0.5,2.49219,0.020929,0.00020929,10000
proton,2.5,Si,0.75,2.49238,0.00236118,2.36118e-05,10000
proton,2.5,Si,1.0,2.49242,0.00237042,2.37042e-05,10000
proton,2.5,Si,1.25,2.49243,0.00235421,2.35421e-05,10000
proton,2.5,Si,1.5,2.4924,0.00233782,2.33782e-05,10000
proton,2.5,Si,1.75,2.49242,0.00236016,2.36016e-05,10000
proton,2.5,Si,2.0,2.49238,0.00252291,2.52291e-05,10000
proton,2.6,Si,0.5,2.59262,0.0023936,2.3936e-05,10000
proton,2.6,Si,0.75,2.59264,0.00232498,2.32498e-05,10000
proton,2.6,Si,1.0,2.59252,0.011247,0.00011247,10000
proton,2.6,Si,1.25,2.59263,0.00237461,2.37461e-05,10000
proton,2.6,Si,1.5,2.59259,0.00238911,2.38911e-05,10000
proton,2.6,Si,1.75,2.5926,0.00239636,2.39636e-05,10000
proton,2.6,Si,2.0,2.5926,0.00233595,2.33595e-05,10000
proton,2.6999999999999997,Si,0.5,2.69248,0.0248904,0.000248904,10000
proton,2.6999999999999997,Si,0.75,2.69279,0.00235376,2.35376e-05,10000
proton,2.6999999999999997,Si,1.0,2.69282,0.00236187,2.36187e-05,10000
proton,2.6999999999999997,Si,1.25,2.69248,0.0225284,0.000225284,10000
proton,2.6999999999999997,Si,1.5,2.6928,0.00231989,2.31989e-05,10000
proton,2.6999999999999997,Si,1.75,2.6928,0.00241316,2.41316e-05,10000
proton,2.6999999999999997,Si,2.0,2.69282,0.00236753,2.36753e-05,10000
proton,2.8,Si,0.5,2.79299,0.00234975,2.34975e-05,10000
proton,2.8,Si,0.75,2.79303,0.0023299,2.3299e-05,10000
proton,2.8,Si,1.0,2.79301,0.00232616,2.32616e-05,10000
proton,2.8,Si,1.25,2.79295,0.00240242,2.40242e-05,10000
proton,2.8,Si,1.5,2.79296,0.00500265,5.00265e-05,10000
proton,2.8,Si,1.75,2.793,0.0023401,2.3401e-05,10000
proton,2.8,Si,2.0,2.79284,0.0143851,0.000143851,10000
proton,2.9,Si,0.5,2.89316,0.00236364,2.36364e-05,10000
proton,2.9,Si,0.75,2.89301,0.0146694,0.000146694,10000
proton,2.9,Si,1.0,2.89301,0.0144556,0.000144556,10000
proton,2.9,Si,1.25,2.89313,0.00236822,2.36822e-05,10000
proton,2.9,Si,1.5,2.89317,0.00234031,2.34031e-05,10000
proton,2.9,Si,1.75,2.89272,0.0309897,0.000309897,10000
proton,2.9,Si,2.0,2.89315,0.00242174,2.42174e-05,10000
proton,3.0,Si,0.5,2.99331,0.00234121,2.34121e-05,10000
proton,3.0,Si,0.75,2.99334,0.00231542,2.31542e-05,10000
proton,3.0,Si,1.0,2.99245,0.0480672,0.000480672,10000
proton,3.0,Si,1.25,2.99334,0.00235284,2.35284e-05,10000
proton,3.0,Si,1.5,2.99332,0.00234685,2.34685e-05,10000
proton,3.0,Si,1.75,2.99335,0.00234306,2.34306e-05,10000
proton,3.0,Si,2.0,2.99337,0.00231171,2.31171e-05,10000
proton,3.0999999999999996,Si,0.5,3.09332,0.0163898,0.000163898,10000
proton,3.0999999999999996,Si,0.75,3.09341,0.00919822,9.19822e-05,10000
proton,3.0999999999999996,Si,1.0,3.09349,0.00232716,2.32716e-05,10000
proton,3.0999999999999996,Si,1.25,3.09348,0.00233103,2.33103e-05,10000
proton,3.0999999999999996,Si,1.5,3.09349,0.00236455,2.36455e-05,10000
proton,3.0999999999999996,Si,1.75,3.09349,0.00232488,2.32488e-05,10000
proton,3.0999999999999996,Si,2.0,3.0935,0.00232,2.32e-05,10000
proton,3.1999999999999997,Si,0.5,3.19363,0.00229584,2.29584e-05,10000
proton,3.1999999999999997,Si,0.75,3.19364,0.00233275,2.33275e-05,10000
proton,3.1999999999999997,Si,1.0,3.19363,0.00229027,2.29027e-05,10000
proton,3.1999999999999997,Si,1.25,3.1934,0.0230903,0.000230903,10000
proton,3.1999999999999997,Si,1.5,3.19355,0.00426006,4.26006e-05,10000
proton,3.1999999999999997,Si,1.75,3.19344,0.0189115,0.000189115,10000
proton,3.1999999999999997,Si,2.0,3.19366,0.00232137,2.32137e-05,10000
proton,3.3,Si,0.5,3.29378,0.0023238,2.3238e-05,10000
proton,3.3,Si,0.75,3.29375,0.00235271,2.35271e-05,10000
proton,3.3,Si,1.0,3.29375,0.00233523,2.33523e-05,10000
proton,3.3,Si,1.25,3.29372,0.00235539,2.35539e-05,10000
proton,3.3,Si,1.5,3.29345,0.0274702,0.000274702,10000
proton,3.3,Si,1.75,3.29378,0.00233722,2.33722e-05,10000
proton,3.3,Si,2.0,3.29378,0.00232548,2.32548e-05,10000
proton,3.4,Si,0.5,3.39388,0.00227253,2.27253e-05,10000
proton,3.4,Si,0.75,3.3939,0.00228299,2.28299e-05,10000
proton,3.4,Si,1.0,3.39376,0.0153634,0.000153634,10000
proton,3.4,Si,1.25,3.39386,0.00369237,3.69237e-05,10000
proton,3.4,Si,1.5,3.39383,0.0132923,0.000132923,10000
proton,3.4,Si,1.75,3.3937,0.0196652,0.000196652,10000
proton,3.4,Si,2.0,3.39392,0.00229928,2.29928e-05,10000
proton,3.5,Si,0.5,3.49403,0.00230097,2.30097e-05,10000
proton,3.5,Si,0.75,3.4937,0.0322643,0.000322643,10000
proton,3.5,Si,1.0,3.49377,0.0211385,0.000211385,10000
proton,3.5,Si,1.25,3.49401,0.00230341,2.30341e-05,10000
proton,3.5,Si,1.5,3.494,0.00233367,2.33367e-05,10000
proton,3.5,Si,1.75,3.49399,0.00233985,2.33985e-05,10000
proton,3.5,Si,2.0,3.4938,0.0209674,0.000209674,10000
proton,3.5999999999999996,Si,0.5,3.59385,0.0268393,0.000268393,10000
proton,3.5999999999999996,Si,0.75,3.59416,0.00260651,2.60651e-05,10000
proton,3.5999999999999996,Si,1.0,3.59417,0.00230178,2.30178e-05,10000
proton,3.5999999999999996,Si,1.25,3.59416,0.00228392,2.28392e-05,10000
proton,3.5999999999999996,Si,1.5,3.59412,0.0022923,2.2923e-05,10000
proton,3.5999999999999996,Si,1.75,3.59413,0.00231698,2.31698e-05,10000
proton,3.5999999999999996,Si,2.0,3.59366,0.0344627,0.000344627,10000
proton,3.6999999999999997,Si,0.5,3.69427,0.00231546,2.31546e-05,10000
proton,3.6999999999999997,Si,0.75,3.69396,0.0313527,0.000313527,10000
proton,3.6999999999999997,Si,1.0,3.69427,0.00232491,2.32491e-05,10000
proton,3.6999999999999997,Si,1.25,3.69423,0.00232161,2.32161e-05,10000
proton,3.6999999999999997,Si,1.5,3.69419,0.0121924,0.000121924,10000
proton,3.6999999999999997,Si,1.75,3.69423,0.00231159,2.31159e-05,10000
proton,3.6999999999999997,Si,2.0,3.69403,0.0168943,0.000168943,10000
proton,3.8,Si,0.5,3.79438,0.00228121,2.28121e-05,10000
proton,3.8,Si,0.75,3.79437,0.00227699,2.27699e-05,10000
proton,3.8,Si,1.0,3.79396,0.0307669,0.000307669,10000
proton,3.8,Si,1.25,3.79437,0.00230424,2.30424e-05,10000
proton,3.8,Si,1.5,3.79436,0.00228736,2.28736e-05,10000
proton,3.8,Si,1.75,3.79438,0.00232398,2.32398e-05,10000
proton,3.8,Si,2.0,3.79437,0.00224827,2.24827e-05,10000
proton,3.9,Si,0.5,3.89453,0.0022809,2.2809e-05,10000
proton,3.9,Si,0.75,3.89446,0.00233087,2.33087e-05,10000
proton,3.9,Si,1.0,3.8945,0.0022763,2.2763e-05,10000
proton,3.9,Si,1.25,3.89448,0.00229428,2.29428e-05,10000
proton,3.9,Si,1.5,3.89444,0.00234101,2.34101e-05,10000
proton,3.9,Si,1.75,3.89444,0.00226561,2.26561e-05,10000
proton,3.9,Si,2.0,3.89448,0.00229989,2.29989e-05,10000
proton,3.9999999999999996,Si,0.5,3.99458,0.00229368,2.29368e-05,10000
proton,3.9999999999999996,Si,0.75,3.99434,0.0250559,0.000250559,10000
proton,3.9999999999999996,Si,1.0,3.99439,0.0169934,0.000169934,10000
proton,3.9999999999999996,Si,1.25,3.99431,0.0235346,0.000235346,10000
proton,3.9999999999999996,Si,1.5,3.99459,0.00229037,2.29037e-05,10000
proton,3.9999999999999996,Si,1.75,3.99444,0.0128955,0.000128955,10000
proton,3.9999999999999996,Si,2.0,3.99454,0.00231558,2.31558e-05,10000
proton,4.1,Si,0.5,4.0942,0.0330148,0.000330148,10000
proton,4.1,Si,0.75,4.09412,0.0339666,0.000339666,10000
proton,4.1,Si,1.0,4.09465,0.00227646,2.27646e-05,10000
proton,4.1,Si,1.25,4.09466,0.00229585,2.29585e-05,10000
proton,4.1,Si,1.5,4.09463,0.00232416,2.32416e-05,10000
proton,4.1,Si,1.75,4.09464,0.00233274,2.33274e-05,10000
proton,4.1,Si,2.0,4.09472,0.00226212,2.26212e-05,10000
proton,4.199999999999999,Si,0.5,4.1945,0.0290082,0.000290082,10000
proton,4.199999999999999,Si,0.75,4.19474,0.00286514,2.86514e-05,10000
proton,4.199999999999999,Si,1.0,4.19477,0.00227073,2.27073e-05,10000
proton,4.199999999999999,Si,1.25,4.19475,0.00229708,2.29708e-05,10000
proton,4.199999999999999,Si,1.5,4.19474,0.00233055,2.33055e-05,10000
proton,4.199999999999999,Si,1.75,4.19472,0.00229687,2.29687e-05,10000
proton,4.199999999999999,Si,2.0,4.19475,0.00226612,2.26612e-05,10000
proton,4.299999999999999,Si,0.5,4.29482,0.00230075,2.30075e-05,10000
proton,4.299999999999999,Si,0.75,4.29485,0.00231562,2.31562e-05,10000
proton,4.299999999999999,Si,1.0,4.29475,0.0104424,0.000104424,10000
proton,4.299999999999999,Si,1.25,4.29434,0.0377693,0.000377693,10000
proton,4.299999999999999,Si,1.5,4.29483,0.00233843,2.33843e-05,10000
proton,4.299999999999999,Si,1.75,4.29456,0.0299318,0.000299318,10000
proton,4.299999999999999,Si,2.0,4.29487,0.00223936,2.23936e-05,10000
proton,4.3999999999999995,Si,0.5,4.39492,0.00229092,2.29092e-05,10000
proton,4.3999999999999995,Si,0.75,4.39494,0.00225285,2.25285e-05,10000
proton,4.3999999999999995,Si,1.0,4.39492,0.00231294,2.31294e-05,10000
proton,4.3999999999999995,Si,1.25,4.39454,0.0276954,0.000276954,10000
proton,4.3999999999999995,Si,1.5,4.39497,0.00253994,2.53994e-05,10000
proton,4.3999999999999995,Si,1.75,4.3949,0.00233894,2.33894e-05,10000
proton,4.3999999999999995,Si,2.0,4.39492,0.00227964,2.27964e-05,10000
proton,4.499999999999999,Si,0.5,4.49502,0.00227946,2.27946e-05,10000
proton,4.499999999999999,Si,0.75,4.49501,0.002251,2.251e-05,10000
proton,4.499999999999999,Si,1.0,4.49436,0.0395561,0.000395561,10000
proton,4.499999999999999,Si,1.25,4.49489,0.00971269,9.71269e-05,10000
proton,4.499999999999999,Si,1.5,4.49503,0.00227532,2.27532e-05,10000
proton,4.499999999999999,Si,1.75,4.49497,0.00235014,2.35014e-05,10000
proton,4.499999999999999,Si,2.0,4.49504,0.0022482,2.2482e-05,10000
proton,4.6,Si,0.5,4.59512,0.00224702,2.24702e-05,10000
proton,4.6,Si,0.75,4.59493,0.0174526,0.000174526,10000
proton,4.6,Si,1.0,4.59515,0.00220132,2.20132e-05,10000
proton,4.6,Si,1.25,4.59416,0.0559553,0.000559553,10000
proton,4.6,Si,1.5,4.59509,0.00226744,2.26744e-05,10000
proton,4.6,Si,1.75,4.59469,0.0281377,0.000281377,10000
proton,4.6,Si,2.0,4.59509,0.00226991,2.26991e-05,10000
proton,4.699999999999999,Si,0.5,4.69505,0.011205,0.00011205,10000
proton,4.699999999999999,Si,0.75,4.69518,0.00229836,2.29836e-05,10000
proton,4.699999999999999,Si,1.0,4.69522,0.00218706,2.18706e-05,10000
proton,4.699999999999999,Si,1.25,4.69519,0.00222694,2.22694e-05,10000
proton,4.699999999999999,Si,1.5,4.6949,0.0236879,0.000236879,10000
proton,4.699999999999999,Si,1.75,4.69472,0.0424471,0.000424471,10000
proton,4.699999999999999,Si,2.0,4.69463,0.0349864,0.000349864,10000
proton,4.799999999999999,Si,0.5,4.79527,0.00225309,2.25309e-05,10000
proton,4.799999999999999,Si,0.75,4.7953,0.00222136,2.22136e-05,10000
proton,4.799999999999999,Si,1.0,4.79509,0.0177542,0.000177542,10000
proton,4.799999999999999,Si,1.25,4.79525,0.00230009,2.30009e-05,10000
proton,4.799999999999999,Si,1.5,4.79521,0.00231746,2.31746e-05,10000
proton,4.799999999999999,Si,1.75,4.79505,0.0171576,0.000171576,10000
proton,4.799999999999999,Si,2.0,4.79506,0.0192668,0.000192668,10000
proton,4.8999999999999995,Si,0.5,4.89498,0.0358759,0.000358759,10000
proton,4.8999999999999995,Si,0.75,4.89534,0.00224731,2.24731e-05,10000
proton,4.8999999999999995,Si,1.0,4.89536,0.00224082,2.24082e-05,10000
proton,4.8999999999999995,Si,1.25,4.89531,0.00225567,2.25567e-05,10000
proton,4.8999999999999995,Si,1.5,4.8953,0.00247428,2.47428e-05,10000
proton,4.8999999999999995,Si,1.75,4.89514,0.0160915,0.000160915,10000
proton,4.8999999999999995,Si,2.0,4.8953,0.00361312,3.61312e-05,10000
proton,4.999999999999999,Si,0.5,4.99537,0.00230934,2.30934e-05,10000
proton,4.999999999999999,Si,0.75,4.99543,0.00222025,2.22025e-05,10000
proton,4.999999999999999,Si,1.0,4.99487,0.0403909,0.000403909,10000
proton,4.999999999999999,Si,1.25,4.99518,0.0197481,0.000197481,10000
proton,4.999999999999999,Si,1.5,4.99541,0.00227018,2.27018e-05,10000
proton,4.999999999999999,Si,1.75,4.99541,0.00221398,2.21398e-05,10000
proton,4.999999999999999,Si,2.0,4.99534,0.0023229,2.3229e-05,10000
proton,5.1,Si,0.5,5.09546,0.00327912,3.27912e-05,10000
proton,5.1,Si,0.75,5.0955,0.00222033,2.22033e-05,10000
proton,5.1,Si,1.0,5.09509,0.0391557,0.000391557,10000
proton,5.1,Si,1.25,5.09513,0.0223317,0.000223317,10000
proton,5.1,Si,1.5,5.09536,0.00781819,7.81819e-05,10000
proton,5.1,Si,1.75,5.09542,0.00229884,2.29884e-05,10000
proton,5.1,Si,2.0,5.09545,0.00227091,2.27091e-05,10000
proton,5.199999999999999,Si,0.5,5.19554,0.00222344,2.22344e-05,10000
proton,5.199999999999999,Si,0.75,5.19536,0.0199098,0.000199098,10000
proton,5.199999999999999,Si,1.0,5.19554,0.00227453,2.27453e-05,10000
proton,5.199999999999999,Si,1.25,5.19508,0.0348061,0.000348061,10000
proton,5.199999999999999,Si,1.5,5.1953,0.016393,0.00016393,10000
proton,5.199999999999999,Si,1.75,5.19511,0.0423375,0.000423375,10000
proton,5.199999999999999,Si,2.0,5.19528,0.0233924,0.000233924,10000
proton,5.299999999999999,Si,0.5,5.29559,0.00227253,2.27253e-05,10000
proton,5.299999999999999,Si,0.75,5.29558,0.00223086,2.23086e-05,10000
proton,5.299999999999999,Si,1.0,5.29564,0.00222281,2.22281e-05,10000
proton,5.299999999999999,Si,1.25,5.29562,0.00220829,2.20829e-05,10000
proton,5.299999999999999,Si,1.5,5.29538,0.0205284,0.000205284,10000
proton,5.299999999999999,Si,1.75,5.29558,0.002287,2.287e-05,10000
proton,5.299999999999999,Si,2.0,5.29553,0.0034089,3.4089e-05,10000
proton,5.3999999999999995,Si,0.5,5.39565,0.0022329,2.2329e-05,10000
proton,5.3999999999999995,Si,0.75,5.39542,0.0274572,0.000274572,10000
proton,5.3999999999999995,Si,1.0,5.39567,0.00226409,2.26409e-05,10000
proton,5.3999999999999995,Si,1.25,5.39506,0.0356161,0.000356161,10000
proton,5.3999999999999995,Si,1.5,5.39516,0.0482762,0.000482762,10000
proton,5.3999999999999995,Si,1.75,5.39557,0.0100599,0.000100599,10000
proton,5.3999999999999995,Si,2.0,5.39545,0.0187159,0.000187159,10000
proton,5.499999999999999,Si,0.5,5.49527,0.0439353,0.000439353,10000
proton,5.499999999999999,Si,0.75,5.49479,0.0641467,0.000641467,10000
proton,5.499999999999999,Si,1.0,5.49555,0.0163576,0.000163576,10000
proton,5.499999999999999,Si,1.25,5.49578,0.0021565,2.1565e-05,10000
proton,5.499999999999999,Si,1.5,5.49519,0.0308518,0.000308518,10000
proton,5.499999999999999,Si,1.75,5.4952,0.0510854,0.000510854,10000
proton,5.499999999999999,Si,2.0,5.49569,0.00227901,2.27901e-05,10000
proton,5.599999999999999,Si,0.5,5.59578,0.00225574,2.25574e-05,10000
proton,5.599999999999999,Si,0.75,5.59574,0.00230265,2.30265e-05,10000
proton,5.599999999999999,Si,1.0,5.59548,0.03004,0.0003004,10000
proton,5.599999999999999,Si,1.25,5.59576,0.00224993,2.24993e-05,10000
proton,5.599999999999999,Si,1.5,5.59578,0.00221422,2.21422e-05,10000
proton,5.599999999999999,Si,1.75,5.59566,0.0138706,0.000138706,10000
proton,5.599999999999999,Si,2.0,5.59547,0.0298726,0.000298726,10000
proton,5.699999999999999,Si,0.5,5.69546,0.0266669,0.000266669,10000
proton,5.699999999999999,Si,0.75,5.69573,0.0105964,0.000105964,10000
proton,5.699999999999999,Si,1.0,5.69562,0.0165753,0.000165753,10000
proton,5.699999999999999,Si,1.25,5.69507,0.0487768,0.000487768,10000
proton,5.699999999999999,Si,1.5,5.69581,0.00227281,2.27281e-05,10000
proton,5.699999999999999,Si,1.75,5.69583,0.00226816,2.26816e-05,10000
proton,5.699999999999999,Si,2.0,5.6958,0.00225638,2.25638e-05,10000
proton,5.799999999999999,Si,0.5,5.79588,0.00221084,2.21084e-05,10000
proton,5.799999999999999,Si,0.75,5.79568,0.0157242,0.000157242,10000
proton,5.799999999999999,Si,1.0,5.79586,0.00229044,2.29044e-05,10000
proton,5.799999999999999,Si,1.25,5.79568,0.0162603,0.000162603,10000
proton,5.799999999999999,Si,1.5,5.79586,0.00315105,3.15105e-05,10000
proton,5.799999999999999,Si,1.75,5.79568,0.0128253,0.000128253,10000
proton,5.799999999999999,Si,2.0,5.79463,0.0628539,0.000628539,10000
proton,5.8999999999999995,Si,0.5,5.89558,0.038185,0.00038185,10000
proton,5.8999999999999995,Si,0.75,5.8958,0.0116731,0.000116731,10000
proton,5.8999999999999995,Si,1.0,5.89593,0.00224977,2.24977e-05,10000
proton,5.8999999999999995,Si,1.25,5.89591,0.00640814,6.40814e-05,10000
proton,5.8999999999999995,Si,1.5,5.89575,0.0174461,0.000174461,10000
proton,5.8999999999999995,Si,1.75,5.89594,0.00223173,2.23173e-05,10000
proton,5.8999999999999995,Si,2.0,5.89594,0.00222675,2.22675e-05,10000
proton,5.999999999999999,Si,0.5,5.99597,0.00225529,2.25529e-05,10000
proton,5.999999999999999,Si,0.75,5.99579,0.0193538,0.000193538,10000
proton,5.999999999999999,Si,1.0,5.99593,0.00691752,6.91752e-05,10000
proton,5.999999999999999,Si,1.25,5.99575,0.0268995,0.000268995,10000
proton,5.999999999999999,Si,1.5,5.99588,0.00722729,7.22729e-05,10000
proton,5.999999999999999,Si,1.75,5.99597,0.00227216,2.27216e-05,10000
proton,5.999999999999999,Si,2.0,5.99599,0.00227106,2.27106e-05,10000
proton,6.099999999999999,Si,0.5,6.09605,0.00219116,2.19116e-05,10000
proton,6.099999999999999,Si,0.75,6.09605,0.00223156,2.23156e-05,10000
proton,6.099999999999999,Si,1.0,6.09589,0.0124056,0.000124056,10000
proton,6.099999999999999,Si,1.25,6.09474,0.0762568,0.000762568,10000
proton,6.099999999999999,Si,1.5,6.09608,0.00217864,2.17864e-05,10000
proton,6.099999999999999,Si,1.75,6.09532,0.0534167,0.000534167,10000
proton,6.099999999999999,Si,2.0,6.09552,0.0505834,0.000505834,10000
proton,6.199999999999999,Si,0.5,6.19464,0.0800375,0.000800375,10000
proton,6.199999999999999,Si,0.75,6.19608,0.00220552,2.20552e-05,10000
proton,6.199999999999999,Si,1.0,6.19605,0.00227169,2.27169e-05,10000
proton,6.199999999999999,Si,1.25,6.19595,0.0106794,0.000106794,10000
proton,6.199999999999999,Si,1.5,6.1961,0.00226571,2.26571e-05,10000
proton,6.199999999999999,Si,1.75,6.19583,0.0242465,0.000242465,10000
proton,6.199999999999999,Si,2.0,6.19553,0.0543718,0.000543718,10000
proton,6.299999999999999,Si,0.5,6.29594,0.0166187,0.000166187,10000
proton,6.299999999999999,Si,0.75,6.29612,0.00381485,3.81485e-05,10000
proton,6.299999999999999,Si,1.0,6.29486,0.0773715,0.000773715,10000
proton,6.299999999999999,Si,1.25,6.29568,0.0335269,0.000335269,10000
proton,6.299999999999999,Si,1.5,6.29612,0.0026638,2.6638e-05,10000
proton,6.299999999999999,Si,1.75,6.29533,0.0476324,0.000476324,10000
proton,6.299999999999999,Si,2.0,6.29551,0.0430053,0.000430053,10000
proton,6.3999999999999995,Si,0.5,6.396,0.0193963,0.000193963,10000
proton,6.3999999999999995,Si,0.75,6.39575,0.0402705,0.000402705,10000
proton,6.3999999999999995,Si,1.0,6.39525,0.0615183,0.000615183,10000
proton,6.3999999999999995,Si,1.25,6.39587,0.0310579,0.000310579,10000
proton,6.3999999999999995,Si,1.5,6.39549,0.0499488,0.000499488,10000
proton,6.3999999999999995,Si,1.75,6.39579,0.0360464,0.000360464,10000
proton,6.3999999999999995,Si,2.0,6.39618,0.00396208,3.96208e-05,10000
proton,6.499999999999999,Si,0.5,6.49621,0.00223716,2.23716e-05,10000
proton,6.499999999999999,Si,0.75,6.49551,0.0430863,0.000430863,10000
proton,6.499999999999999,Si,1.0,6.49516,0.0667288,0.000667288,10000
proton,6.499999999999999,Si,1.25,6.49619,0.00526029,5.26029e-05,10000
proton,6.499999999999999,Si,1.5,6.49621,0.00225888,2.25888e-05,10000
proton,6.499999999999999,Si,1.75,6.49621,0.00227376,2.27376e-05,10000
proton,6.499999999999999,Si,2.0,6.49602,0.0217842,0.000217842,10000
proton,6.599999999999999,Si,0.5,6.59595,0.0310567,0.000310567,10000
proton,6.599999999999999,Si,0.75,6.59623,0.00229801,2.29801e-05,10000
proton,6.599999999999999,Si,1.0,6.59554,0.0434524,0.000434524,10000
proton,6.599999999999999,Si,1.25,6.59592,0.0254744,0.000254744,10000
proton,6.599999999999999,Si,1.5,6.59612,0.0142808,0.000142808,10000
proton,6.599999999999999,Si,1.75,6.59586,0.0368076,0.000368076,10000
proton,6.599999999999999,Si,2.0,6.59561,0.045207,0.00045207,10000
proton,6.699999999999999,Si,0.5,6.69601,0.0299267,0.000299267,10000
proton,6.699999999999999,Si,0.75,6.69612,0.0200438,0.000200438,10000
proton,6.699999999999999,Si,1.0,6.69607,0.0236755,0.000236755,10000
proton,6.699999999999999,Si,1.25,6.69564,0.0491231,0.000491231,10000
proton,6.699999999999999,Si,1.5,6.69629,0.00222952,2.22952e-05,10000
proton,6.699999999999999,Si,1.75,6.69572,0.0347919,0.000347919,10000
proton,6.699999999999999,Si,2.0,6.69568,0.0383073,0.000383073,10000
proton,6.799999999999999,Si,0.5,6.79568,0.0510277,0.000510277,10000
proton,6.799999999999999,Si,0.75,6.79629,0.00231984,2.31984e-05,10000
proton,6.799999999999999,Si,1.0,6.79559,0.0444158,0.000444158,10000
proton,6.799999999999999,Si,1.25,6.79633,0.0022626,2.2626e-05,10000
proton,6.799999999999999,Si,1.5,6.79636,0.00217928,2.17928e-05,10000
proton,6.799999999999999,Si,1.75,6.79577,0.0540381,0.000540381,10000
proton,6.799999999999999,Si,2.0,6.79554,0.0576069,0.000576069,10000
proton,6.8999999999999995,Si,0.5,6.89619,0.0190291,0.000190291,10000
proton,6.8999999999999995,Si,0.75,6.89618,0.0215152,0.000215152,10000
proton,6.8999999999999995,Si,1.0,6.89586,0.0505673,0.000505673,10000
proton,6.8999999999999995,Si,1.25,6.89636,0.00228061,2.28061e-05,10000
proton,6.8999999999999995,Si,1.5,6.89583,0.0419646,0.000419646,10000
proton,6.8999999999999995,Si,1.75,6.89595,0.0315245,0.000315245,10000
proton,6.8999999999999995,Si,2.0,6.89549,0.0680441,0.000680441,10000
proton,6.999999999999999,Si,0.5,6.99642,0.00221479,2.21479e-05,10000
proton,6.999999999999999,Si,0.75,6.99639,0.00224867,2.24867e-05,10000
proton,6.999999999999999,Si,1.0,6.99496,0.0661485,0.000661485,10000
proton,6.999999999999999,Si,1.25,6.99613,0.0210332,0.000210332,10000
proton,6.999999999999999,Si,1.5,6.99592,0.0475993,0.000475993,10000
proton,6.999999999999999,Si,1.75,6.99501,0.0806242,0.000806242,10000
proton,6.999999999999999,Si,2.0,6.99506,0.0832534,0.000832534,10000
proton,7.099999999999999,Si,0.5,7.09628,0.0174374,0.000174374,10000
proton,7.099999999999999,Si,0.75,7.09592,0.0388417,0.000388417,10000
proton,7.099999999999999,Si,1.0,7.09571,0.0568334,0.000568334,10000
proton,7.099999999999999,Si,1.25,7.09589,0.0583047,0.000583047,10000
proton,7.099999999999999,Si,1.5,7.0963,0.0133602,0.000133602,10000
proton,7.099999999999999,Si,1.75,7.09578,0.0535281,0.000535281,10000
proton,7.099999999999999,Si,2.0,7.09526,0.0778136,0.000778136,10000
proton,7.199999999999999,Si,0.5,7.19544,0.070518,0.00070518,10000
proton,7.199999999999999,Si,0.75,7.19577,0.0479595,0.000479595,10000
proton,7.199999999999999,Si,1.0,7.19616,0.0331703,0.000331703,10000
proton,7.199999999999999,Si,1.25,7.19541,0.0668441,0.000668441,10000
proton,7.199999999999999,Si,1.5,7.1961,0.0308239,0.000308239,10000
proton,7.199999999999999,Si,1.75,7.19581,0.0441078,0.000441078,10000
proton,7.199999999999999,Si,2.0,7.1956,0.0647108,0.000647108,10000
proton,7.299999999999999,Si,0.5,7.29585,0.0628169,0.000628169,10000
proton,7.299999999999999,Si,0.75,7.29653,0.00225569,2.25569e-05,10000
proton,7.299999999999999,Si,1.0,7.29568,0.0698431,0.000698431,10000
proton,7.299999999999999,Si,1.25,7.29588,0.0465718,0.000465718,10000
proton,7.299999999999999,Si,1.5,7.29654,0.00219926,2.19926e-05,10000
proton,7.299999999999999,Si,1.75,7.29535,0.0622242,0.000622242,10000
proton,7.299999999999999,Si,2.0,7.29551,0.0563435,0.000563435,10000
proton,7.3999999999999995,Si,0.5,7.39538,0.0681647,0.000681647,10000
proton,7.3999999999999995,Si,0.75,7.39592,0.0635779,0.000635779,10000
proton,7.3999999999999995,Si,1.0,7.39608,0.033504,0.00033504,10000
proton,7.3999999999999995,Si,1.25,7.39543,0.0789456,0.000789456,10000
proton,7.3999999999999995,Si,1.5,7.3962,0.0372422,0.000372422,10000
proton,7.3999999999999995,Si,1.75,7.39549,0.0623043,0.000623043,10000
proton,7.3999999999999995,Si,2.0,7.39547,0.0773011,0.000773011,10000
proton,7.499999999999999,Si,0.5,7.49542,0.0686186,0.000686186,10000
proton,7.499999999999999,Si,0.75,7.49659,0.0022728,2.2728e-05,10000
proton,7.499999999999999,Si,1.0,7.49495,0.0872933,0.000872933,10000
proton,7.499999999999999,Si,1.25,7.4955,0.065881,0.00065881,10000
proton,7.499999999999999,Si,1.5,7.49442,0.0999383,0.000999383,10000
proton,7.499999999999999,Si,1.75,7.49553,0.0641333,0.000641333,10000
proton,7.499999999999999,Si,2.0,7.4955,0.049092,0.00049092,10000
proton,7.599999999999999,Si,0.5,7.59533,0.0796256,0.000796256,10000
proton,7.599999999999999,Si,0.75,7.59624,0.0327652,0.000327652,10000
proton,7.599999999999999,Si,1.0,7.59627,0.0349827,0.000349827,10000
proton,7.599999999999999,Si,1.25,7.59593,0.0430738,0.000430738,10000
proton,7.599999999999999,Si,1.5,7.5959,0.0400102,0.000400102,10000
proton,7.599999999999999,Si,1.75,7.59593,0.051907,0.00051907,10000
proton,7.599999999999999,Si,2.0,7.59539,0.0807365,0.000807365,10000
proton,7.699999999999999,Si,0.5,7.69616,0.037587,0.00037587,10000
proton,7.699999999999999,Si,0.75,7.69593,0.0580306,0.000580306,10000
proton,7.699999999999999,Si,1.0,7.69511,0.0809,0.000809,10000
proton,7.699999999999999,Si,1.25,7.69582,0.0638856,0.000638856,10000
proton,7.699999999999999,Si,1.5,7.69445,0.114521,0.00114521,10000
proton,7.699999999999999,Si,1.75,7.69555,0.0715893,0.000715893,10000
proton,7.699999999999999,Si,2.0,7.69466,0.0950537,0.000950537,10000
proton,7.799999999999999,Si,0.5,7.7939,0.11203,0.0011203,10000
proton,7.799999999999999,Si,0.75,7.79601,0.042838,0.00042838,10000
proton,7.799999999999999,Si,1.0,7.79567,0.0545879,0.000545879,10000
proton,7.799999999999999,Si,1.25,7.79516,0.0720027,0.000720027,10000
proton,7.799999999999999,Si,1.5,7.79581,0.065626,0.00065626,10000
proton,7.799999999999999,Si,1.75,7.79605,0.0660883,0.000660883,10000
proton,7.799999999999999,Si,2.0,7.79346,0.128495,0.00128495,10000
proton,7.899999999999999,Si,0.5,7.89547,0.0774548,0.000774548,10000
proton,7.899999999999999,Si,0.75,7.89456,0.104281,0.00104281,10000
proton,7.899999999999999,Si,1.0,7.89565,0.0766253,0.000766253,10000
proton,7.899999999999999,Si,1.25,7.89381,0.116672,0.00116672,10000
proton,7.899999999999999,Si,1.5,7.89457,0.107785,0.00107785,10000
proton,7.899999999999999,Si,1.75,7.89369,0.108525,0.00108525,10000
proton,7.899999999999999,Si,2.0,7.89507,0.0888387,0.000888387,10000
proton,7.999999999999999,Si,0.5,7.99446,0.0677095,0.000677095,10000
proton,7.999999999999999,Si,0.75,7.99523,0.0880209,0.000880209,10000
proton,7.999999999999999,Si,1.0,7.99502,0.0968499,0.000968499,10000
proton,7.999999999999999,Si,1.25,7.99627,0.040926,0.00040926,10000
proton,7.999999999999999,Si,1.5,7.99637,0.0288385,0.000288385,10000
proton,7.999999999999999,Si,1.75,7.9959,0.0662344,0.000662344,10000
proton,7.999999999999999,Si,2.0,7.99515,0.0833823,0.000833823,10000
proton,8.1,Si,0.5,8.03936,0.162526,0.00162526,10000
proton,8.1,Si,0.75,8.09556,0.0767103,0.000767103,10000
proton,8.1,Si,1.0,8.09496,0.084739,0.00084739,10000
proton,8.1,Si,1.25,8.09493,0.0890556,0.000890556,10000
proton,8.1,Si,1.5,8.0954,0.0693973,0.000693973,10000
proton,8.1,Si,1.75,8.09529,0.0905959,0.000905959,10000
proton,8.1,Si,2.0,8.09526,0.0816937,0.000816937,10000
proton,8.2,Si,0.5,7.76069,0.328493,0.00328493,10000
proton,8.2,Si,0.75,8.19641,0.0322031,0.000322031,10000
proton,8.2,Si,1.0,8.196,0.063895,0.00063895,10000
proton,8.2,Si,1.25,8.19406,0.106934,0.00106934,10000
proton,8.2,Si,1.5,8.19633,0.0498289,0.000498289,10000
proton,8.2,Si,1.75,8.19441,0.104245,0.00104245,10000
proton,8.2,Si,2.0,8.19508,0.0872559,0.000872559,10000
proton,8.299999999999999,Si,0.5,7.33318,0.28227,0.0028227,10000
proton,8.299999999999999,Si,0.75,8.29381,0.125729,0.00125729,10000
proton,8.299999999999999,Si,1.0,8.29451,0.103282,0.00103282,10000
proton,8.299999999999999,Si,1.25,8.29541,0.089804,0.00089804,10000
proton,8.299999999999999,Si,1.5,8.29577,0.0756745,0.000756745,10000
proton,8.299999999999999,Si,1.75,8.29551,0.0783886,0.000783886,10000
proton,8.299999999999999,Si,2.0,8.29492,0.0938253,0.000938253,10000
proton,8.399999999999999,Si,0.5,7.02312,0.258689,0.00258689,10000
proton,8.399999999999999,Si,0.75,8.3953,0.0982267,0.000982267,10000
proton,8.399999999999999,Si,1.0,8.39585,0.0599944,0.000599944,10000
proton,8.399999999999999,Si,1.25,8.394,0.11993,0.0011993,10000
proton,8.399999999999999,Si,1.5,8.39562,0.0590134,0.000590134,10000
proton,8.399999999999999,Si,1.75,8.39466,0.107611,0.00107611,10000
proton,8.399999999999999,Si,2.0,8.39557,0.0589127,0.000589127,10000
proton,8.499999999999998,Si,0.5,6.78365,0.22888,0.0022888,10000
proton,8.499999999999998,Si,0.75,8.49513,0.0961442,0.000961442,10000
proton,8.499999999999998,Si,1.0,8.49555,0.0642192,0.000642192,10000
proton,8.499999999999998,Si,1.25,8.49603,0.0651081,0.000651081,10000
proton,8.499999999999998,Si,1.5,8.49425,0.113339,0.00113339,10000
proton,8.499999999999998,Si,1.75,8.4957,0.0682182,0.000682182,10000
proton,8.499999999999998,Si,2.0,8.49512,0.103605,0.00103605,10000
proton,8.6,Si,0.5,6.58222,0.215426,0.00215426,10000
proton,8.6,Si,0.75,8.59638,0.0349903,0.000349903,10000
proton,8.6,Si,1.0,8.59551,0.0780262,0.000780262,10000
proton,8.6,Si,1.25,8.59284,0.150401,0.00150401,10000
proton,8.6,Si,1.5,8.59467,0.105123,0.00105123,10000
proton,8.6,Si,1.75,8.59476,0.0938722,0.000938722,10000
proton,8.6,Si,2.0,8.59327,0.146156,0.00146156,10000
proton,8.7,Si,0.5,6.40405,0.214637,0.00214637,10000
proton,8.7,Si,0.75,8.69352,0.113894,0.00113894,10000
proton,8.7,Si,1.0,8.695,0.0976237,0.000976237,10000
proton,8.7,Si,1.25,8.69353,0.132224,0.00132224,10000
proton,8.7,Si,1.5,8.69477,0.0981585,0.000981585,10000
proton,8.7,Si,1.75,8.69472,0.0945093,0.000945093,10000
proton,8.7,Si,2.0,8.69545,0.0845195,0.000845195,10000
proton,8.799999999999999,Si,0.5,6.24571,0.206884,0.00206884,10000
proton,8.799999999999999,Si,0.75,8.79569,0.0719009,0.000719009,10000
proton,8.799999999999999,Si,1.0,8.79397,0.120776,0.00120776,10000
proton,8.799999999999999,Si,1.25,8.79343,0.137824,0.00137824,10000
proton,8.799999999999999,Si,1.5,8.79426,0.111296,0.00111296,10000
proton,8.799999999999999,Si,1.75,8.79463,0.0922071,0.000922071,10000
proton,8.799999999999999,Si,2.0,8.79557,0.0685515,0.000685515,10000
proton,8.899999999999999,Si,0.5,6.10648,0.203526,0.00203526,10000
proton,8.899999999999999,Si,0.75,8.89474,0.103756,0.00103756,10000
proton,8.899999999999999,Si,1.0,8.896,0.0573914,0.000573914,10000
proton,8.899999999999999,Si,1.25,8.8954,0.0877257,0.000877257,10000
proton,8.899999999999999,Si,1.5,8.89394,0.13863,0.0013863,10000
proton,8.899999999999999,Si,1.75,8.89471,0.11001,0.0011001,10000
proton,8.899999999999999,Si,2.0,8.89512,0.0918102,0.000918102,10000
proton,8.999999999999998,Si,0.5,5.97752,0.203536,0.00203536,10000
proton,8.999999999999998,Si,0.75,8.99548,0.0790069,0.000790069,10000
proton,8.999999999999998,Si,1.0,8.99438,0.121593,0.00121593,10000
proton,8.999999999999998,Si,1.25,8.99329,0.135937,0.00135937,10000
proton,8.999999999999998,Si,1.5,8.99571,0.0816123,0.000816123,10000
proton,8.999999999999998,Si,1.75,8.99448,0.129282,0.00129282,10000
proton,8.999999999999998,Si,2.0,8.99428,0.130895,0.00130895,10000
proton,9.1,Si,0.5,5.85298,0.192546,0.00192546,10000
proton,9.1,Si,0.75,9.09507,0.0865086,0.000865086,10000
proton,9.1,Si,1.0,9.09396,0.143814,0.00143814,10000
proton,9.1,Si,1.25,9.09424,0.116488,0.00116488,10000
proton,9.1,Si,1.5,9.09245,0.159286,0.00159286,10000
proton,9.1,Si,1.75,9.09375,0.141776,0.00141776,10000
proton,9.1,Si,2.0,9.09659,0.0335288,0.000335288,10000
proton,9.2,Si,0.5,5.74367,0.204137,0.00204137,10000
proton,9.2,Si,0.75,9.19415,0.12718,0.0012718,10000
proton,9.2,Si,1.0,9.19387,0.122602,0.00122602,10000
proton,9.2,Si,1.25,9.19375,0.125146,0.00125146,10000
proton,9.2,Si,1.5,9.19518,0.0916232,0.000916232,10000
proton,9.2,Si,1.75,9.19324,0.142531,0.00142531,10000
proton,9.2,Si,2.0,9.19326,0.132807,0.00132807,10000
proton,9.299999999999999,Si,0.5,5.63898,0.206228,0.00206228,10000
proton,9.299999999999999,Si,0.75,9.29531,0.0860127,0.000860127,10000
proton,9.299999999999999,Si,1.0,9.29449,0.114119,0.00114119,10000
proton,9.299999999999999,Si,1.25,9.29185,0.174751,0.00174751,10000
proton,9.299999999999999,Si,1.5,9.29138,0.173878,0.00173878,10000
proton,9.299999999999999,Si,1.75,9.29444,0.121957,0.00121957,10000
proton,9.299999999999999,Si,2.0,9.29482,0.0956213,0.000956213,10000
proton,9.399999999999999,Si,0.5,5.54151,0.199612,0.00199612,10000
proton,9.399999999999999,Si,0.75,9.39179,0.168959,0.00168959,10000
proton,9.399999999999999,Si,1.0,9.39298,0.159454,0.00159454,10000
proton,9.399999999999999,Si,1.25,9.39606,0.083062,0.00083062,10000
proton,9.399999999999999,Si,1.5,9.39485,0.102663,0.00102663,10000
proton,9.399999999999999,Si,1.75,9.39564,0.0810151,0.000810151,10000
proton,9.399999999999999,Si,2.0,9.39238,0.158533,0.00158533,10000
proton,9.499999999999998,Si,0.5,5.44637,0.170576,0.00170576,10000
proton,9.499999999999998,Si,0.75,9.49378,0.153221,0.00153221,10000
proton,9.499999999999998,Si,1.0,9.49521,0.0908644,0.000908644,10000
proton,9.499999999999998,Si,1.25,9.49409,0.13899,0.0013899,10000
proton,9.499999999999998,Si,1.5,9.49362,0.11421,0.0011421,10000
proton,9.499999999999998,Si,1.75,9.49296,0.148645,0.00148645,10000
proton,9.499999999999998,Si,2.0,9.49331,0.144775,0.00144775,10000
proton,9.6,Si,0.5,5.36062,0.204526,0.00204526,10000
proton,9.6,Si,0.75,9.59449,0.121357,0.00121357,10000
proton,9.6,Si,1.0,9.59543,0.0865657,0.000865657,10000
proton,9.6,Si,1.25,9.59413,0.128612,0.00128612,10000
proton,9.6,Si,1.5,9.59441,0.115721,0.00115721,10000
proton,9.6,Si,1.75,9.59395,0.118877,0.00118877,10000
proton,9.6,Si,2.0,9.59569,0.0730167,0.000730167,10000
proton,9.7,Si,0.5,5.27987,0.192975,0.00192975,10000
proton,9.7,Si,0.75,9.69254,0.155784,0.00155784,10000
proton,9.7,Si,1.0,9.6952,0.0953789,0.000953789,10000
proton,9.7,Si,1.25,9.692,0.176242,0.00176242,10000
proton,9.7,Si,1.5,9.69524,0.0892095,0.000892095,10000
proton,9.7,Si,1.75,9.6927,0.165999,0.00165999,10000
proton,9.7,Si,2.0,9.69287,0.144291,0.00144291,10000
proton,9.799999999999999,Si,0.5,5.20304,0.208969,0.00208969,10000
proton,9.799999999999999,Si,0.75,9.79212,0.152004,0.00152004,10000
proton,9.799999999999999,Si,1.0,9.7943,0.117341,0.00117341,10000
proton,9.799999999999999,Si,1.25,9.7938,0.134356,0.00134356,10000
proton,9.799999999999999,Si,1.5,9.79109,0.181352,0.00181352,10000
proton,9.799999999999999,Si,1.75,9.79221,0.162451,0.00162451,10000
proton,9.799999999999999,Si,2.0,9.7927,0.162654,0.00162654,10000
proton,9.899999999999999,Si,0.5,5.12418,0.201459,0.00201459,10000
proton,9.899999999999999,Si,0.75,9.89232,0.171256,0.00171256,10000
proton,9.899999999999999,Si,1.0,9.89496,0.112928,0.00112928,10000
proton,9.899999999999999,Si,1.25,9.89154,0.183821,0.00183821,10000
proton,9.899999999999999,Si,1.5,9.89272,0.146682,0.00146682,10000
proton,9.899999999999999,Si,1.75,9.89303,0.139408,0.00139408,10000
proton,9.899999999999999,Si,2.0,9.89216,0.155372,0.00155372,10000
proton,9.999999999999998,Si,0.5,5.05796,0.201108,0.00201108,10000
proton,9.999999999999998,Si,0.75,9.99228,0.160119,0.00160119,10000
proton,9.999999999999998,Si,1.0,9.99322,0.162347,0.00162347,10000
proton,9.999999999999998,Si,1.25,9.99307,0.141848,0.00141848,10000
proton,9.999999999999998,Si,1.5,9.99401,0.124141,0.00124141,10000
proton,9.999999999999998,Si,1.75,9.99009,0.198849,0.00198849,10000
proton,9.999999999999998,Si,2.0,9.99348,0.137963,0.00137963,10000
proton,10.1,Si,0.5,4.98803,0.202412,0.00202412,10000
proton,10.1,Si,0.75,10.0911,0.167045,0.00167045,10000
proton,10.1,Si,1.0,10.0936,0.149947,0.00149947,10000
proton,10.1,Si,1.25,10.0923,0.168347,0.00168347,10000
proton,10.1,Si,1.5,10.0917,0.160396,0.00160396,10000
proton,10.1,Si,1.75,10.0926,0.155742,0.00155742,10000
proton,10.1,Si,2.0,10.0933,0.147155,0.00147155,10000
proton,10.2,Si,0.5,4.92548,0.25444,0.0025444,10000
proton,10.2,Si,0.75,10.1622,0.185543,0.00185543,10000
proton,10.2,Si,1.0,10.1947,0.130428,0.00130428,10000
proton,10.2,Si,1.25,10.1943,0.132076,0.00132076,10000
proton,10.2,Si,1.5,10.1927,0.157285,0.00157285,10000
proton,10.2,Si,1.75,10.1918,0.16481,0.0016481,10000
proton,10.2,Si,2.0,10.1925,0.167855,0.00167855,10000
proton,10.299999999999999,Si,0.5,4.85638,0.247343,0.00247343,10000
proton,10.299999999999999,Si,0.75,10.0185,0.366059,0.00366059,10000
proton,10.299999999999999,Si,1.0,10.2931,0.155281,0.00155281,10000
proton,10.299999999999999,Si,1.25,10.2921,0.176955,0.00176955,10000
proton,10.299999999999999,Si,1.5,10.2947,0.122183,0.00122183,10000
proton,10.299999999999999,Si,1.75,10.2899,0.194623,0.00194623,10000
proton,10.299999999999999,Si,2.0,10.2901,0.179394,0.00179394,10000
proton,10.399999999999999,Si,0.5,4.79767,0.232659,0.00232659,10000
proton,10.399999999999999,Si,0.75,9.58078,0.473051,0.00473051,10000
proton,10.399999999999999,Si,1.0,10.3932,0.135694,0.00135694,10000
proton,10.399999999999999,Si,1.25,10.3906,0.214528,0.00214528,10000
proton,10.399999999999999,Si,1.5,10.3909,0.186976,0.00186976,10000
proton,10.399999999999999,Si,1.75,10.392,0.181921,0.00181921,10000
proton,10.399999999999999,Si,2.0,10.3904,0.21433,0.0021433,10000
proton,10.499999999999998,Si,0.5,4.74,0.245409,0.00245409,10000
proton,10.499999999999998,Si,0.75,9.17121,0.396674,0.00396674,10000
proton,10.499999999999998,Si,1.0,10.4897,0.195965,0.00195965,10000
proton,10.499999999999998,Si,1.25,10.4917,0.17636,0.0017636,10000
proton,10.499999999999998,Si,1.5,10.4929,0.159944,0.00159944,10000
proton,10.499999999999998,Si,1.75,10.4917,0.178302,0.00178302,10000
proton,10.499999999999998,Si,2.0,10.4921,0.178134,0.00178134,10000
proton,10.6,Si,0.5,4.68227,0.256108,0.00256108,10000
proton,10.6,Si,0.75,8.85973,0.33671,0.0033671,10000
proton,10.6,Si,1.0,10.5934,0.143484,0.00143484,10000
proton,10.6,Si,1.25,10.5912,0.18803,0.0018803,10000
proton,10.6,Si,1.5,10.5905,0.20391,0.0020391,10000
proton,10.6,Si,1.75,10.5941,0.112864,0.00112864,10000
proton,10.6,Si,2.0,10.5939,0.132879,0.00132879,10000
proton,10.7,Si,0.5,4.6284,0.250314,0.00250314,10000
proton,10.7,Si,0.75,8.60753,0.325773,0.00325773,10000
proton,10.7,Si,1.0,10.69,0.208418,0.00208418,10000
proton,10.7,Si,1.25,10.6932,0.154057,0.00154057,10000
proton,10.7,Si,1.5,10.6909,0.182509,0.00182509,10000
proton,10.7,Si,1.75,10.6931,0.153127,0.00153127,10000
proton,10.7,Si,2.0,10.6911,0.187947,0.00187947,10000
proton,10.799999999999999,Si,0.5,4.57169,0.230609,0.00230609,10000
proton,10.799999999999999,Si,0.75,8.39332,0.290472,0.00290472,10000
proton,10.799999999999999,Si,1.0,10.7944,0.113502,0.00113502,10000
proton,10.799999999999999,Si,1.25,10.793,0.145753,0.00145753,10000
proton,10.799999999999999,Si,1.5,10.7912,0.18628,0.0018628,10000
proton,10.799999999999999,Si,1.75,10.7912,0.181861,0.00181861,10000
proton,10.799999999999999,Si,2.0,10.7909,0.193498,0.00193498,10000
proton,10.899999999999999,Si,0.5,4.51976,0.237359,0.00237359,10000
proton,10.899999999999999,Si,0.75,8.20253,0.318886,0.00318886,10000
proton,10.899999999999999,Si,1.0,10.8895,0.207582,0.00207582,10000
proton,10.899999999999999,Si,1.25,10.8903,0.215127,0.00215127,10000
proton,10.899999999999999,Si,1.5,10.8886,0.213302,0.00213302,10000
proton,10.899999999999999,Si,1.75,10.8915,0.188871,0.00188871,10000
proton,10.899999999999999,Si,2.0,10.8886,0.232925,0.00232925,10000
proton,10.999999999999998,Si,0.5,4.47462,0.245645,0.00245645,10000
proton,10.999999999999998,Si,0.75,8.02056,0.292313,0.00292313,10000
proton,10.999999999999998,Si,1.0,10.9886,0.230312,0.00230312,10000
proton,10.999999999999998,Si,1.25,10.9878,0.245231,0.00245231,10000
proton,10.999999999999998,Si,1.5,10.9904,0.200062,0.00200062,10000
proton,10.999999999999998,Si,1.75,10.9922,0.167599,0.00167599,10000
proton,10.999999999999998,Si,2.0,10.9937,0.13647,0.0013647,10000
proton,11.099999999999998,Si,0.5,4.42644,0.272541,0.00272541,10000
proton,11.099999999999998,Si,0.75,7.86487,0.305903,0.00305903,10000
proton,11.099999999999998,Si,1.0,11.0886,0.231235,0.00231235,10000
proton,11.099999999999998,Si,1.25,11.0921,0.187931,0.00187931,10000
proton,11.099999999999998,Si,1.5,11.0943,0.11065,0.0011065,10000
proton,11.099999999999998,Si,1.75,11.0881,0.255369,0.00255369,10000
proton,11.099999999999998,Si,2.0,11.0889,0.23236,0.0023236,10000
proton,11.2,Si,0.5,4.37935,0.262111,0.00262111,10000
proton,11.2,Si,0.75,7.71335,0.283673,0.00283673,10000
proton,11.2,Si,1.0,11.1892,0.236672,0.00236672,10000
proton,11.2,Si,1.25,11.1924,0.19214,0.0019214,10000
proton,11.2,Si,1.5,11.1919,0.195539,0.00195539,10000
proton,11.2,Si,1.75,11.1897,0.213098,0.00213098,10000
proton,11.2,Si,2.0,11.1897,0.21664,0.0021664,10000
proton,11.299999999999999,Si,0.5,4.33288,0.262777,0.00262777,10000
proton,11.299999999999999,Si,0.75,7.58322,0.289951,0.00289951,10000
proton,11.299999999999999,Si,1.0,11.2908,0.194707,0.00194707,10000
proton,11.299999999999999,Si,1.25,11.2909,0.202383,0.00202383,10000
proton,11.299999999999999,Si,1.5,11.293,0.164667,0.00164667,10000
proton,11.299999999999999,Si,1.75,11.2876,0.251148,0.00251148,10000
proton,11.299999999999999,Si,2.0,11.2884,0.240028,0.00240028,10000
proton,11.399999999999999,Si,0.5,4.28816,0.239272,0.00239272,10000
proton,11.399999999999999,Si,0.75,7.45953,0.31098,0.0031098,10000
proton,11.399999999999999,Si,1.0,11.3922,0.17609,0.0017609,10000
proton,11.399999999999999,Si,1.25,11.3915,0.176917,0.00176917,10000
proton,11.399999999999999,Si,1.5,11.3876,0.252468,0.00252468,10000
proton,11.399999999999999,Si,1.75,11.3889,0.245709,0.00245709,10000
proton,11.399999999999999,Si,2.0,11.3895,0.210535,0.00210535,10000
proton,11.499999999999998,Si,0.5,4.25075,0.307606,0.00307606,10000
proton,11.499999999999998,Si,0.75,7.34367,0.293998,0.00293998,10000
proton,11.499999999999998,Si,1.0,11.4909,0.19281,0.0019281,10000
proton,11.499999999999998,Si,1.25,11.4916,0.207421,0.00207421,10000
proton,11.499999999999998,Si,1.5,11.4892,0.227399,0.00227399,10000
proton,11.499999999999998,Si,1.75,11.4935,0.14066,0.0014066,10000
proton,11.499999999999998,Si,2.0,11.4931,0.178283,0.00178283,10000
proton,11.599999999999998,Si,0.5,4.2058,0.259939,0.00259939,10000
proton,11.599999999999998,Si,0.75,7.22643,0.286192,0.00286192,10000
proton,11.599999999999998,Si,1.0,11.5879,0.250707,0.00250707,10000
proton,11.599999999999998,Si,1.25,11.5885,0.23886,0.0023886,10000
proton,11.599999999999998,Si,1.5,11.5922,0.163649,0.00163649,10000
proton,11.599999999999998,Si,1.75,11.5892,0.230259,0.00230259,10000
proton,11.599999999999998,Si,2.0,11.5905,0.201951,0.00201951,10000
proton,11.7,Si,0.5,4.16709,0.288456,0.00288456,10000
proton,11.7,Si,0.75,7.12409,0.300202,0.00300202,10000
proton,11.7,Si,1.0,11.687,0.267877,0.00267877,10000
proton,11.7,Si,1.25,11.6916,0.199989,0.00199989,10000
proton,11.7,Si,1.5,11.6868,0.256889,0.00256889,10000
proton,11.7,Si,1.75,11.6838,0.303229,0.00303229,10000
proton,11.7,Si,2.0,11.689,0.230098,0.00230098,10000
proton,11.799999999999999,Si,0.5,4.127,0.31351,0.0031351,10000
proton,11.799999999999999,Si,0.75,7.01578,0.260474,0.00260474,10000
proton,11.799999999999999,Si,1.0,11.7856,0.273528,0.00273528,10000
proton,11.799999999999999,Si,1.25,11.788,0.24237,0.0024237,10000
proton,11.799999999999999,Si,1.5,11.788,0.244647,0.00244647,10000
proton,11.799999999999999,Si,1.75,11.7905,0.200368,0.00200368,10000
proton,11.799999999999999,Si,2.0,11.7872,0.255935,0.00255935,10000
proton,11.899999999999999,Si,0.5,4.09346,0.34709,0.0034709,10000
proton,11.899999999999999,Si,0.75,6.93002,0.314781,0.00314781,10000
proton,11.899999999999999,Si,1.0,11.8857,0.260177,0.00260177,10000
proton,11.899999999999999,Si,1.25,11.8915,0.187332,0.00187332,10000
proton,11.899999999999999,Si,1.5,11.8841,0.307003,0.00307003,10000
proton,11.899999999999999,Si,1.75,11.8901,0.231729,0.00231729,10000
proton,11.899999999999999,Si,2.0,11.8887,0.240888,0.00240888,10000
proton,11.999999999999998,Si,0.5,4.05086,0.295131,0.00295131,10000
proton,11.999999999999998,Si,0.75,6.83669,0.304214,0.00304214,10000
proton,11.999999999999998,Si,1.0,11.9687,0.255323,0.00255323,10000
proton,11.999999999999998,Si,1.25,11.9887,0.229275,0.00229275,10000
proton,11.999999999999998,Si,1.5,11.9883,0.245317,0.00245317,10000
proton,11.999999999999998,Si,1.75,11.9849,0.2813,0.002813,10000
proton,11.999999999999998,Si,2.0,11.9918,0.196678,0.00196678,10000
proton,12.099999999999998,Si,0.5,4.01409,0.322628,0.00322628,10000
proton,12.099999999999998,Si,0.75,6.74975,0.325411,0.00325411,10000
proton,12.099999999999998,Si,1.0,11.9191,0.403062,0.00403062,10000
proton,12.099999999999998,Si,1.25,12.086,0.237554,0.00237554,10000
proton,12.099999999999998,Si,1.5,12.0881,0.23489,0.0023489,10000
proton,12.099999999999998,Si,1.75,12.0904,0.19753,0.0019753,10000
proton,12.099999999999998,Si,2.0,12.0859,0.274336,0.00274336,10000
proton,12.2,Si,0.5,3.97727,0.269219,0.00269219,10000
proton,12.2,Si,0.75,6.66506,0.308396,0.00308396,10000
proton,12.2,Si,1.0,11.5781,0.566836,0.00566836,10000
proton,12.2,Si,1.25,12.1868,0.257957,0.00257957,10000
proton,12.2,Si,1.5,12.1892,0.242976,0.00242976,10000
proton,12.2,Si,1.75,12.1901,0.196997,0.00196997,10000
proton,12.2,Si,2.0,12.1855,0.300571,0.00300571,10000
proton,12.299999999999999,Si,0.5,3.94706,0.354302,0.00354302,10000
proton,12.299999999999999,Si,0.75,6.57881,0.282581,0.00282581,10000
proton,12.299999999999999,Si,1.0,11.1112,0.536794,0.00536794,10000
proton,12.299999999999999,Si,1.25,12.2856,0.268449,0.00268449,10000
proton,12.299999999999999,Si,1.5,12.2889,0.239681,0.00239681,10000
proton,12.299999999999999,Si,1.75,12.2878,0.273947,0.00273947,10000
proton,12.299999999999999,Si,2.0,12.289,0.231078,0.00231078,10000
proton,12.399999999999999,Si,0.5,3.9062,0.277579,0.00277579,10000
proton,12.399999999999999,Si,0.75,6.50359,0.331778,0.00331778,10000
proton,12.399999999999999,Si,1.0,10.7208,0.477666,0.00477666,10000
proton,12.399999999999999,Si,1.25,12.3899,0.232798,0.00232798,10000
proton,12.399999999999999,Si,1.5,12.3837,0.308112,0.00308112,10000
proton,12.399999999999999,Si,1.75,12.3874,0.268176,0.00268176,10000
proton,12.399999999999999,Si,2.0,12.3916,0.173227,0.00173227,10000
proton,12.499999999999998,Si,0.5,3.8848,0.405736,0.00405736,10000
proton,12.499999999999998,Si,0.75,6.42819,0.281133,0.00281133,10000
proton,12.499999999999998,Si,1.0,10.4157,0.447746,0.00447746,10000
proton,12.499999999999998,Si,1.25,12.4854,0.286058,0.00286058,10000
proton,12.499999999999998,Si,1.5,12.4919,0.205736,0.00205736,10000
proton,12.499999999999998,Si,1.75,12.4874,0.273597,0.00273597,10000
proton,12.499999999999998,Si,2.0,12.4845,0.298914,0.00298914,10000
proton,12.599999999999998,Si,0.5,3.84259,0.280802,0.00280802,10000
proton,12.599999999999998,Si,0.75,6.35743,0.311388,0.00311388,10000
proton,12.599999999999998,Si,1.0,10.1669,0.399473,0.00399473,10000
proton,12.599999999999998,Si,1.25,12.5852,0.297614,0.00297614,10000
proton,12.599999999999998,Si,1.5,12.5854,0.304725,0.00304725,10000
proton,12.599999999999998,Si,1.75,12.5901,0.206239,0.00206239,10000
proton,12.599999999999998,Si,2.0,12.586,0.281553,0.00281553,10000
proton,12.7,Si,0.5,3.81165,0.301183,0.00301183,10000
proton,12.7,Si,0.75,6.2855,0.321223,0.00321223,10000
proton,12.7,Si,1.0,9.93598,0.386777,0.00386777,10000
proton,12.7,Si,1.25,12.6864,0.273974,0.00273974,10000
proton,12.7,Si,1.5,12.6876,0.259227,0.00259227,10000
proton,12.7,Si,1.75,12.6911,0.191742,0.00191742,10000
proton,12.7,Si,2.0,12.6866,0.260549,0.00260549,10000
proton,12.799999999999999,Si,0.5,3.77926,0.307371,0.00307371,10000
proton,12.799999999999999,Si,0.75,6.22074,0.322619,0.00322619,10000
proton,12.799999999999999,Si,1.0,9.73124,0.382935,0.00382935,10000
proton,12.799999999999999,Si,1.25,12.7871,0.28141,0.0028141,10000
proton,12.799999999999999,Si,1.5,12.787,0.25572,0.0025572,10000
proton,12.799999999999999,Si,1.75,12.7882,0.254989,0.00254989,10000
proton,12.799999999999999,Si,2.0,12.7829,0.310383,0.00310383,10000
proton,12.899999999999999,Si,0.5,3.75009,0.318909,0.00318909,10000
proton,12.899999999999999,Si,0.75,6.1597,0.351802,0.00351802,10000
proton,12.899999999999999,Si,1.0,9.55261,0.358419,0.00358419,10000
proton,12.899999999999999,Si,1.25,12.8841,0.30763,0.0030763,10000
proton,12.899999999999999,Si,1.5,12.8843,0.316287,0.00316287,10000
proton,12.899999999999999,Si,1.75,12.8832,0.299498,0.00299498,10000
proton,12.899999999999999,Si,2.0,12.8893,0.235581,0.00235581,10000
proton,12.999999999999998,Si,0.5,3.71826,0.265691,0.00265691,10000
proton,12.999999999999998,Si,0.75,6.09089,0.314394,0.00314394,10000
proton,12.999999999999998,Si,1.0,9.37933,0.385016,0.00385016,10000
proton,12.999999999999998,Si,1.25,12.9847,0.311923,0.00311923,10000
proton,12.999999999999998,Si,1.5,12.9815,0.341361,0.00341361,10000
proton,12.999999999999998,Si,1.75,12.9901,0.22088,0.0022088,10000
proton,12.999999999999998,Si,2.0,12.9864,0.265014,0.00265014,10000
proton,13.099999999999998,Si,0.5,3.69016,0.296533,0.00296533,10000
proton,13.099999999999998,Si,0.75,6.03044,0.323627,0.00323627,10000
proton,13.099999999999998,Si,1.0,9.22213,0.394118,0.00394118,10000
proton,13.099999999999998,Si,1.25,13.0876,0.260059,0.00260059,10000
proton,13.099999999999998,Si,1.5,13.0874,0.26506,0.0026506,10000
proton,13.099999999999998,Si,1.75,13.0848,0.305998,0.00305998,10000
proton,13.099999999999998,Si,2.0,13.0812,0.329706,0.00329706,10000
proton,13.2,Si,0.5,3.66448,0.360189,0.00360189,10000
proton,13.2,Si,0.75,5.9753,0.401941,0.00401941,10000
proton,13.2,Si,1.0,9.08156,0.370382,0.00370382,10000
proton,13.2,Si,1.25,13.1871,0.275414,0.00275414,10000
proton,13.2,Si,1.5,13.1805,0.367607,0.00367607,10000
proton,13.2,Si,1.75,13.1827,0.349686,0.00349686,10000
proton,13.2,Si,2.0,13.1802,0.345883,0.00345883,10000
proton,13.299999999999999,Si,0.5,3.63046,0.271794,0.00271794,10000
proton,13.299999999999999,Si,0.75,5.92716,0.459649,0.00459649,10000
proton,13.299999999999999,Si,1.0,8.93517,0.35661,0.0035661,10000
proton,13.299999999999999,Si,1.25,13.2919,0.188005,0.00188005,10000
proton,13.299999999999999,Si,1.5,13.2856,0.291585,0.00291585,10000
proton,13.299999999999999,Si,1.75,13.276,0.392697,0.00392697,10000
proton,13.299999999999999,Si,2.0,13.2863,0.283874,0.00283874,10000
proton,13.399999999999999,Si,0.5,3.60695,0.351754,0.00351754,10000
proton,13.399999999999999,Si,0.75,5.86138,0.413115,0.00413115,10000
proton,13.399999999999999,Si,1.0,8.80402,0.38249,0.0038249,10000
proton,13.399999999999999,Si,1.25,13.3837,0.313181,0.00313181,10000
proton,13.399999999999999,Si,1.5,13.3854,0.29981,0.0029981,10000
proton,13.399999999999999,Si,1.75,13.3858,0.266206,0.00266206,10000
proton,13.399999999999999,Si,2.0,13.3872,0.278676,0.00278676,10000
proton,13.499999999999998,Si,0.5,3.58073,0.371569,0.00371569,10000
proton,13.499999999999998,Si,0.75,5.80204,0.376678,0.00376678,10000
proton,13.499999999999998,Si,1.0,8.6824,0.40047,0.0040047,10000
proton,13.499999999999998,Si,1.25,13.4869,0.261841,0.00261841,10000
proton,13.499999999999998,Si,1.5,13.4748,0.412796,0.00412796,10000
proton,13.499999999999998,Si,1.75,13.4881,0.256645,0.00256645,10000
proton,13.499999999999998,Si,2.0,13.4894,0.222381,0.00222381,10000
proton,13.599999999999998,Si,0.5,3.55682,0.370972,0.00370972,10000
proton,13.599999999999998,Si,0.75,5.74627,0.357268,0.00357268,10000
proton,13.599999999999998,Si,1.0,8.5727,0.376196,0.00376196,10000
proton,13.599999999999998,Si,1.25,13.5703,0.337712,0.00337712,10000
proton,13.599999999999998,Si,1.5,13.5762,0.389587,0.00389587,10000
proton,13.599999999999998,Si,1.75,13.5819,0.315738,0.00315738,10000
proton,13.599999999999998,Si,2.0,13.584,0.309272,0.00309272,10000
proton,13.7,Si,0.5,3.52509,0.319243,0.00319243,10000
proton,13.7,Si,0.75,5.69369,0.39087,0.0039087,10000
proton,13.7,Si,1.0,8.4566,0.390681,0.00390681,10000
proton,13.7,Si,1.25,13.5777,0.421914,0.00421914,10000
proton,13.7,Si,1.5,13.6833,0.313121,0.00313121,10000
proton,13.7,Si,1.75,13.6842,0.309919,0.00309919,10000
proton,13.7,Si,2.0,13.6879,0.257798,0.00257798,10000
proton,13.799999999999999,Si,0.5,3.49532,0.300858,0.00300858,10000
proton,13.799999999999999,Si,0.75,5.6394,0.367683,0.00367683,10000
proton,13.799999999999999,Si,1.0,8.34911,0.402167,0.00402167,10000
proton,13.799999999999999,Si,1.25,13.3367,0.603709,0.00603709,10000
proton,13.799999999999999,Si,1.5,13.7853,0.281687,0.00281687,10000
proton,13.799999999999999,Si,1.75,13.7862,0.297125,0.00297125,10000
proton,13.799999999999999,Si,2.0,13.7854,0.299544,0.00299544,10000
proton,13.899999999999999,Si,0.5,3.47572,0.348819,0.00348819,10000
proton,13.899999999999999,Si,0.75,5.59835,0.436848,0.00436848,10000
proton,13.899999999999999,Si,1.0,8.24405,0.363704,0.00363704,10000
proton,13.899999999999999,Si,1.25,12.8896,0.681583,0.00681583,10000
proton,13.899999999999999,Si,1.5,13.8836,0.313522,0.00313522,10000
proton,13.899999999999999,Si,1.75,13.8783,0.367477,0.00367477,10000
proton,13.899999999999999,Si,2.0,13.8772,0.38442,0.0038442,10000
proton,13.999999999999998,Si,0.5,3.44292,0.306181,0.00306181,10000
proton,13.999999999999998,Si,0.75,5.5415,0.382521,0.00382521,10000
proton,13.999999999999998,Si,1.0,8.14263,0.381778,0.00381778,10000
proton,13.999999999999998,Si,1.25,12.4411,0.58105,0.0058105,10000
proton,13.999999999999998,Si,1.5,13.9778,0.390788,0.00390788,10000
proton,13.999999999999998,Si,1.75,13.9821,0.33153,0.0033153,10000
proton,13.999999999999998,Si,2.0,13.9799,0.344417,0.00344417,10000
proton,14.099999999999998,Si,0.5,3.42035,0.30936,0.0030936,10000
proton,14.099999999999998,Si,0.75,5.50088,0.433026,0.00433026,10000
proton,14.099999999999998,Si,1.0,8.05459,0.387568,0.00387568,10000
proton,14.099999999999998,Si,1.25,12.0608,0.545521,0.00545521,10000
proton,14.099999999999998,Si,1.5,14.0763,0.370648,0.00370648,10000
proton,14.099999999999998,Si,1.75,14.0758,0.408655,0.00408655,10000
proton,14.099999999999998,Si,2.0,14.0834,0.309469,0.00309469,10000
proton,14.2,Si,0.5,3.39899,0.372726,0.00372726,10000
proton,14.2,Si,0.75,5.45025,0.381158,0.00381158,10000
proton,14.2,Si,1.0,7.96575,0.425484,0.00425484,10000
proton,14.2,Si,1.25,11.7735,0.490897,0.00490897,10000
proton,14.2,Si,1.5,14.1763,0.380439,0.00380439,10000
proton,14.2,Si,1.75,14.179,0.361694,0.00361694,10000
proton,14.2,Si,2.0,14.1741,0.427092,0.00427092,10000
proton,14.299999999999999,Si,0.5,3.37448,0.388914,0.00388914,10000
proton,14.299999999999999,Si,0.75,5.40365,0.359566,0.00359566,10000
proton,14.299999999999999,Si,1.0,7.8753,0.414467,0.00414467,10000
proton,14.299999999999999,Si,1.25,11.5081,0.477027,0.00477027,10000
proton,14.299999999999999,Si,1.5,14.2837,0.308657,0.00308657,10000
proton,14.299999999999999,Si,1.75,14.2801,0.362165,0.00362165,10000
proton,14.299999999999999,Si,2.0,14.2783,0.389043,0.00389043,10000
proton,14.399999999999999,Si,0.5,3.34889,0.367454,0.00367454,10000
proton,14.399999999999999,Si,0.75,5.3606,0.410426,0.00410426,10000
proton,14.399999999999999,Si,1.0,7.80363,0.467439,0.00467439,10000
proton,14.399999999999999,Si,1.25,11.2735,0.476904,0.00476904,10000
proton,14.399999999999999,Si,1.5,14.3849,0.321964,0.00321964,10000
proton,14.399999999999999,Si,1.75,14.38,0.343516,0.00343516,10000
proton,14.399999999999999,Si,2.0,14.3793,0.374296,0.00374296,10000
proton,14.499999999999998,Si,0.5,3.32705,0.393947,0.00393947,10000
proton,14.499999999999998,Si,0.75,5.31878,0.412106,0.00412106,10000
proton,14.499999999999998,Si,1.0,7.70932,0.419847,0.00419847,10000
proton,14.499999999999998,Si,1.25,11.0752,0.452378,0.00452378,10000
proton,14.499999999999998,Si,1.5,14.4816,0.323267,0.00323267,10000
proton,14.499999999999998,Si,1.75,14.4798,0.353651,0.00353651,10000
proton,14.499999999999998,Si,2.0,14.4788,0.376491,0.00376491,10000
proton,14.599999999999998,Si,0.5,3.29791,0.3289,0.003289,10000
proton,14.599999999999998,Si,0.75,5.27488,0.398466,0.00398466,10000
proton,14.599999999999998,Si,1.0,7.63725,0.461587,0.00461587,10000
proton,14.599999999999998,Si,1.25,10.8818,0.419955,0.00419955,10000
proton,14.599999999999998,Si,1.5,14.5785,0.391157,0.00391157,10000
proton,14.599999999999998,Si,1.75,14.5754,0.419366,0.00419366,10000
proton,14.599999999999998,Si,2.0,14.5759,0.408192,0.00408192,10000
proton,14.7,Si,0.5,3.27207,0.273938,0.00273938,10000
proton,14.7,Si,0.75,5.23729,0.477219,0.00477219,10000
proton,14.7,Si,1.0,7.54975,0.387425,0.00387425,10000
proton,14.7,Si,1.25,10.7018,0.46347,0.0046347,10000
proton,14.7,Si,1.5,14.6801,0.349077,0.00349077,10000
proton,14.7,Si,1.75,14.6781,0.40549,0.0040549,10000
proton,14.7,Si,2.0,14.6772,0.384125,0.00384125,10000
proton,14.799999999999999,Si,0.5,3.25723,0.362899,0.00362899,10000
proton,14.799999999999999,Si,0.75,5.19819,0.474944,0.00474944,10000
proton,14.799999999999999,Si,1.0,7.48253,0.43337,0.0043337,10000
proton,14.799999999999999,Si,1.25,10.545,0.450747,0.00450747,10000
proton,14.799999999999999,Si,1.5,14.7775,0.380282,0.00380282,10000
proton,14.799999999999999,Si,1.75,14.7818,0.34814,0.0034814,10000
proton,14.799999999999999,Si,2.0,14.7816,0.34494,0.0034494,10000
proton,14.899999999999999,Si,0.5,3.23528,0.389118,0.00389118,10000
proton,14.899999999999999,Si,0.75,5.15265,0.400281,0.00400281,10000
proton,14.899999999999999,Si,1.0,7.41621,0.451871,0.00451871,10000
proton,14.899999999999999,Si,1.25,10.3829,0.439997,0.00439997,10000
proton,14.899999999999999,Si,1.5,14.8741,0.431287,0.00431287,10000
proton,14.899999999999999,Si,1.75,14.8813,0.333332,0.00333332,10000
proton,14.899999999999999,Si,2.0,14.8726,0.452368,0.00452368,10000
proton,14.999999999999998,Si,0.5,3.20954,0.307055,0.00307055,10000
proton,14.999999999999998,Si,0.75,5.11693,0.446954,0.00446954,10000
proton,14.999999999999998,Si,1.0,7.34751,0.477027,0.00477027,10000
proton,14.999999999999998,Si,1.25,10.2421,0.468096,0.00468096,10000
proton,14.999999999999998,Si,1.5,14.9752,0.383538,0.00383538,10000
proton,14.999999999999998,Si,1.75,14.9808,0.35961,0.0035961,10000
proton,14.999999999999998,Si,2.0,14.9761,0.414166,0.00414166,10000
proton,15.099999999999998,Si,0.5,3.1886,0.32375,0.0032375,10000
proton,15.099999999999998,Si,0.75,5.08087,0.452685,0.00452685,10000
proton,15.099999999999998,Si,1.0,7.26533,0.389313,0.00389313,10000
proton,15.099999999999998,Si,1.25,10.0981,0.450261,0.00450261,10000
proton,15.099999999999998,Si,1.5,15.05,0.461862,0.00461862,10000
proton,15.099999999999998,Si,1.75,15.0695,0.467245,0.00467245,10000
proton,15.099999999999998,Si,2.0,15.0767,0.411567,0.00411567,10000
proton,15.199999999999998,Si,0.5,3.16416,0.243058,0.00243058,10000
proton,15.199999999999998,Si,0.75,5.03959,0.420044,0.00420044,10000
proton,15.199999999999998,Si,1.0,7.21616,0.495979,0.00495979,10000
proton,15.199999999999998,Si,1.25,9.97451,0.442394,0.00442394,10000
proton,15.199999999999998,Si,1.5,15.0346,0.553504,0.00553504,10000
proton,15.199999999999998,Si,1.75,15.1727,0.43791,0.0043791,10000
proton,15.199999999999998,Si,2.0,15.1719,0.462971,0.00462971,10000
proton,15.299999999999999,Si,0.5,3.14978,0.379582,0.00379582,10000
proton,15.299999999999999,Si,0.75,5.002,0.457079,0.00457079,10000
proton,15.299999999999999,Si,1.0,7.15074,0.486966,0.00486966,10000
proton,15.299999999999999,Si,1.25,9.85788,0.47117,0.0047117,10000
proton,15.299999999999999,Si,1.5,14.7975,0.698684,0.00698684,10000
proton,15.299999999999999,Si,1.75,15.2759,0.430464,0.00430464,10000
proton,15.299999999999999,Si,2.0,15.2789,0.378775,0.00378775,10000
proton,15.399999999999999,Si,0.5,3.12657,0.329881,0.00329881,10000
proton,15.399999999999999,Si,0.75,4.9706,0.527051,0.00527051,10000
proton,15.399999999999999,Si,1.0,7.09055,0.500565,0.00500565,10000
proton,15.399999999999999,Si,1.25,9.72289,0.45564,0.0045564,10000
proton,15.399999999999999,Si,1.5,14.3371,0.77838,0.0077838,10000
proton,15.399999999999999,Si,1.75,15.3754,0.430881,0.00430881,10000
proton,15.399999999999999,Si,2.0,15.3694,0.507435,0.00507435,10000
proton,15.499999999999998,Si,0.5,3.11343,0.410402,0.00410402,10000
proton,15.499999999999998,Si,0.75,4.93055,0.425681,0.00425681,10000
proton,15.499999999999998,Si,1.0,7.0186,0.446989,0.00446989,10000
proton,15.499999999999998,Si,1.25,9.614,0.449539,0.00449539,10000
proton,15.499999999999998,Si,1.5,13.8647,0.722955,0.00722955,10000
proton,15.499999999999998,Si,1.75,15.4689,0.492946,0.00492946,10000
proton,15.499999999999998,Si,2.0,15.4662,0.532646,0.00532646,10000
proton,15.599999999999998,Si,0.5,3.08582,0.309853,0.00309853,10000
proton,15.599999999999998,Si,0.75,4.89823,0.501647,0.00501647,10000
proton,15.599999999999998,Si,1.0,6.96214,0.470821,0.00470821,10000
proton,15.599999999999998,Si,1.25,9.5093,0.492398,0.00492398,10000
proton,15.599999999999998,Si,1.5,13.4774,0.659046,0.00659046,10000
proton,15.599999999999998,Si,1.75,15.5694,0.508874,0.00508874,10000
proton,15.599999999999998,Si,2.0,15.5653,0.536441,0.00536441,10000
proton,15.699999999999998,Si,0.5,3.06761,0.328783,0.00328783,10000
proton,15.699999999999998,Si,0.75,4.86235,0.473128,0.00473128,10000
proton,15.699999999999998,Si,1.0,6.90617,0.510916,0.00510916,10000
proton,15.699999999999998,Si,1.25,9.39699,0.453144,0.00453144,10000
proton,15.699999999999998,Si,1.5,13.1508,0.598718,0.00598718,10000
proton,15.699999999999998,Si,1.75,15.6722,0.435924,0.00435924,10000
proton,15.699999999999998,Si,2.0,15.6757,0.431623,0.00431623,10000
proton,15.799999999999999,Si,0.5,3.04618,0.299714,0.00299714,10000
proton,15.799999999999999,Si,0.75,4.82617,0.4267,0.004267,10000
proton,15.799999999999999,Si,1.0,6.85,0.489124,0.00489124,10000
proton,15.799999999999999,Si,1.25,9.30371,0.464757,0.00464757,10000
proton,15.799999999999999,Si,1.5,12.8682,0.577429,0.00577429,10000
proton,15.799999999999999,Si,1.75,15.7751,0.435245,0.00435245,10000
proton,15.799999999999999,Si,2.0,15.768,0.515403,0.00515403,10000
proton,15.899999999999999,Si,0.5,3.03241,0.355115,0.00355115,10000
proton,15.899999999999999,Si,0.75,4.79011,0.436482,0.00436482,10000
proton,15.899999999999999,Si,1.0,6.79201,0.480503,0.00480503,10000
proton,15.899999999999999,Si,1.25,9.20189,0.44505,0.0044505,10000
proton,15.899999999999999,Si,1.5,12.6395,0.54569,0.0054569,10000
proton,15.899999999999999,Si,1.75,15.8674,0.50023,0.0050023,10000
proton,15.899999999999999,Si,2.0,15.863,0.544363,0.00544363,10000
proton,15.999999999999998,Si,0.5,3.01598,0.330723,0.00330723,10000
proton,15.999999999999998,Si,0.75,4.75627,0.426391,0.00426391,10000
proton,15.999999999999998,Si,1.0,6.74029,0.478018,0.00478018,10000
proton,15.999999999999998,Si,1.25,9.11264,0.481345,0.00481345,10000
proton,15.999999999999998,Si,1.5,12.4016,0.564744,0.00564744,10000
proton,15.999999999999998,Si,1.75,15.9742,0.428743,0.00428743,10000
proton,15.999999999999998,Si,2.0,15.9657,0.523446,0.00523446,10000
proton,16.099999999999998,Si,0.5,3.00029,0.380621,0.00380621,10000
proton,16.099999999999998,Si,0.75,4.71948,0.387649,0.00387649,10000
proton,16.099999999999998,Si,1.0,6.69465,0.565116,0.00565116,10000
proton,16.099999999999998,Si,1.25,9.02204,0.490967,0.00490967,10000
proton,16.099999999999998,Si,1.5,12.2088,0.50955,0.0050955,10000
proton,16.099999999999998,Si,1.75,16.0734,0.465542,0.00465542,10000
proton,16.099999999999998,Si,2.0,16.0735,0.471628,0.00471628,10000
proton,16.2,Si,0.5,2.97797,0.340976,0.00340976,10000
proton,16.2,Si,0.75,4.71006,0.584143,0.00584143,10000
proton,16.2,Si,1.0,6.63734,0.529308,0.00529308,10000
proton,16.2,Si,1.25,8.94056,0.51941,0.0051941,10000
proton,16.2,Si,1.5,12.015,0.523361,0.00523361,10000
proton,16.2,Si,1.75,16.1715,0.47719,0.0047719,10000
proton,16.2,Si,2.0,16.1671,0.535005,0.00535005,10000
proton,16.3,Si,0.5,2.96203,0.32559,0.0032559,10000
proton,16.3,Si,0.75,4.66339,0.456513,0.00456513,10000
proton,16.3,Si,1.0,6.58662,0.526178,0.00526178,10000
proton,16.3,Si,1.25,8.849,0.526329,0.00526329,10000
proton,16.3,Si,1.5,11.8246,0.520326,0.00520326,10000
proton,16.3,Si,1.75,16.2622,0.539285,0.00539285,10000
proton,16.3,Si,2.0,16.2779,0.378545,0.00378545,10000
proton,16.4,Si,0.5,2.95049,0.433028,0.00433028,10000
proton,16.4,Si,0.75,4.63332,0.444965,0.00444965,10000
proton,16.4,Si,1.0,6.54104,0.556601,0.00556601,10000
proton,16.4,Si,1.25,8.76911,0.53023,0.0053023,10000
proton,16.4,Si,1.5,11.6734,0.559975,0.00559975,10000
proton,16.4,Si,1.75,16.3627,0.51249,0.0051249,10000
proton,16.4,Si,2.0,16.3654,0.543867,0.00543867,10000
proton,16.5,Si,0.5,2.9304,0.339851,0.00339851,10000
proton,16.5,Si,0.75,4.61032,0.525174,0.00525174,10000
proton,16.5,Si,1.0,6.49123,0.576377,0.00576377,10000
proton,16.5,Si,1.25,8.69152,0.594751,0.00594751,10000
proton,16.5,Si,1.5,11.5067,0.539435,0.00539435,10000
proton,16.5,Si,1.75,16.4183,0.59899,0.0059899,10000
proton,16.5,Si,2.0,16.4671,0.523505,0.00523505,10000
proton,16.6,Si,0.5,2.91162,0.352335,0.00352335,10000
proton,16.6,Si,0.75,4.58815,0.635176,0.00635176,10000
proton,16.6,Si,1.0,6.4501,0.596283,0.00596283,10000
proton,16.6,Si,1.25,8.61018,0.515676,0.00515676,10000
proton,16.6,Si,1.5,11.3607,0.507753,0.00507753,10000
proton,16.6,Si,1.75,16.3638,0.675826,0.00675826,10000
proton,16.6,Si,2.0,16.571,0.451506,0.00451506,10000
proton,16.7,Si,0.5,2.90077,0.438742,0.00438742,10000
proton,16.7,Si,0.75,4.54504,0.497694,0.00497694,10000
proton,16.7,Si,1.0,6.3973,0.548056,0.00548056,10000
proton,16.7,Si,1.25,8.54221,0.563756,0.00563756,10000
proton,16.7,Si,1.5,11.2277,0.544778,0.00544778,10000
proton,16.7,Si,1.75,16.0906,0.82737,0.0082737,10000
proton,16.7,Si,2.0,16.6552,0.625648,0.00625648,10000
proton,16.8,Si,0.5,2.87831,0.315503,0.00315503,10000
proton,16.8,Si,0.75,4.51628,0.448138,0.00448138,10000
proton,16.8,Si,1.0,6.34846,0.539308,0.00539308,10000
proton,16.8,Si,1.25,8.46151,0.583449,0.00583449,10000
proton,16.8,Si,1.5,11.1075,0.563465,0.00563465,10000
proton,16.8,Si,1.75,15.6237,0.933125,0.00933125,10000
proton,16.8,Si,2.0,16.7707,0.49857,0.0049857,10000
proton,16.9,Si,0.5,2.8634,0.316043,0.00316043,10000
proton,16.9,Si,0.75,4.48517,0.455099,0.00455099,10000
proton,16.9,Si,1.0,6.30014,0.555757,0.00555757,10000
proton,16.9,Si,1.25,8.38669,0.542999,0.00542999,10000
proton,16.9,Si,1.5,10.9668,0.532768,0.00532768,10000
proton,16.9,Si,1.75,15.1449,0.83438,0.0083438,10000
proton,16.9,Si,2.0,16.867,0.517125,0.00517125,10000
proton,17.0,Si,0.5,2.85534,0.481811,0.00481811,10000
proton,17.0,Si,0.75,4.46297,0.51974,0.0051974,10000
proton,17.0,Si,1.0,6.25688,0.546339,0.00546339,10000
proton,17.0,Si,1.25,8.32242,0.58876,0.0058876,10000
proton,17.0,Si,1.5,10.8394,0.530966,0.00530966,10000
proton,17.0,Si,1.75,14.7365,0.768992,0.00768992,10000
proton,17.0,Si,2.0,16.9604,0.579613,0.00579613,10000
proton,17.1,Si,0.5,2.83823,0.401834,0.00401834,10000
proton,17.1,Si,0.75,4.43341,0.484537,0.00484537,10000
proton,17.1,Si,1.0,6.21142,0.521936,0.00521936,10000
proton,17.1,Si,1.25,8.25699,0.586107,0.00586107,10000
proton,17.1,Si,1.5,10.733,0.549335,0.00549335,10000
proton,17.1,Si,1.75,14.4046,0.691747,0.00691747,10000
proton,17.1,Si,2.0,17.0661,0.537697,0.00537697,10000
proton,17.2,Si,0.5,2.81154,0.278783,0.00278783,10000
proton,17.2,Si,0.75,4.40435,0.445645,0.00445645,10000
proton,17.2,Si,1.0,6.17203,0.545416,0.00545416,10000
proton,17.2,Si,1.25,8.19051,0.60423,0.0060423,10000
proton,17.2,Si,1.5,10.6091,0.544367,0.00544367,10000
proton,17.2,Si,1.75,14.1118,0.680546,0.00680546,10000
proton,17.2,Si,2.0,17.1624,0.572886,0.00572886,10000
proton,17.3,Si,0.5,2.80541,0.465316,0.00465316,10000
proton,17.3,Si,0.75,4.37405,0.406082,0.00406082,10000
proton,17.3,Si,1.0,6.13897,0.611133,0.00611133,10000
proton,17.3,Si,1.25,8.11922,0.579264,0.00579264,10000
proton,17.3,Si,1.5,10.5108,0.586854,0.00586854,10000
proton,17.3,Si,1.75,13.8586,0.629362,0.00629362,10000
proton,17.3,Si,2.0,17.2572,0.608613,0.00608613,10000
proton,17.4,Si,0.5,2.78459,0.342061,0.00342061,10000
proton,17.4,Si,0.75,4.34393,0.360471,0.00360471,10000
proton,17.4,Si,1.0,6.09759,0.626439,0.00626439,10000
proton,17.4,Si,1.25,8.04996,0.529764,0.00529764,10000
proton,17.4,Si,1.5,10.4035,0.564043,0.00564043,10000
proton,17.4,Si,1.75,13.6219,0.673945,0.00673945,10000
proton,17.4,Si,2.0,17.3668,0.518464,0.00518464,10000
proton,17.5,Si,0.5,2.7699,0.355202,0.00355202,10000
proton,17.5,Si,0.75,4.32233,0.463129,0.00463129,10000
proton,17.5,Si,1.0,6.04204,0.502581,0.00502581,10000
proton,17.5,Si,1.25,7.98533,0.546854,0.00546854,10000
proton,17.5,Si,1.5,10.3019,0.582112,0.00582112,10000
proton,17.5,Si,1.75,13.4065,0.660295,0.00660295,10000
proton,17.5,Si,2.0,17.4639,0.553678,0.00553678,10000
proton,17.6,Si,0.5,2.76554,0.479802,0.00479802,10000
proton,17.6,Si,0.75,4.30558,0.481677,0.00481677,10000
proton,17.6,Si,1.0,6.00945,0.592715,0.00592715,10000
proton,17.6,Si,1.25,7.93674,0.602675,0.00602675,10000
proton,17.6,Si,1.5,10.2104,0.594051,0.00594051,10000
proton,17.6,Si,1.75,13.2116,0.681809,0.00681809,10000
proton,17.6,Si,2.0,17.5514,0.654833,0.00654833,10000
proton,17.7,Si,0.5,2.74313,0.411972,0.00411972,10000
proton,17.7,Si,0.75,4.27663,0.461637,0.00461637,10000
proton,17.7,Si,1.0,5.9684,0.563455,0.00563455,10000
proton,17.7,Si,1.25,7.87226,0.560896,0.00560896,10000
proton,17.7,Si,1.5,10.1119,0.602397,0.00602397,10000
proton,17.7,Si,1.75,13.029,0.606501,0.00606501,10000
proton,17.7,Si,2.0,17.6471,0.625436,0.00625436,10000
proton,17.8,Si,0.5,2.72458,0.282736,0.00282736,10000
proton,17.8,Si,0.75,4.24361,0.366174,0.00366174,10000
proton,17.8,Si,1.0,5.9312,0.525878,0.00525878,10000
proton,17.8,Si,1.25,7.81941,0.614145,0.00614145,10000
proton,17.8,Si,1.5,10.0194,0.621172,0.00621172,10000
proton,17.8,Si,1.75,12.8505,0.617887,0.00617887,10000
proton,17.8,Si,2.0,17.7021,0.662086,0.00662086,10000
proton,17.9,Si,0.5,2.71364,0.299125,0.00299125,10000
proton,17.9,Si,0.75,4.22372,0.447496,0.00447496,10000
proton,17.9,Si,1.0,5.88933,0.546897,0.00546897,10000
proton,17.9,Si,1.25,7.76368,0.633121,0.00633121,10000
proton,17.9,Si,1.5,9.93973,0.642654,0.00642654,10000
proton,17.9,Si,1.75,12.7023,0.599711,0.00599711,10000
proton,17.9,Si,2.0,17.6197,0.791598,0.00791598,10000
proton,18.0,Si,0.5,2.69666,0.345516,0.00345516,10000
proton,18.0,Si,0.75,4.20775,0.520211,0.00520211,10000
proton,18.0,Si,1.0,5.85446,0.57026,0.0057026,10000
proton,18.0,Si,1.25,7.70779,0.632581,0.00632581,10000
proton,18.0,Si,1.5,9.84215,0.575368,0.00575368,10000
proton,18.0,Si,1.75,12.5249,0.632765,0.00632765,10000
proton,18.0,Si,2.0,17.3431,0.8778,0.008778,10000
proton,18.1,Si,0.5,2.68133,0.274524,0.00274524,10000
proton,18.1,Si,0.75,4.18625,0.525948,0.00525948,10000
proton,18.1,Si,1.0,5.81682,0.554796,0.00554796,10000
proton,18.1,Si,1.25,7.657,0.684244,0.00684244,10000
proton,18.1,Si,1.5,9.75536,0.643316,0.00643316,10000
proton,18.1,Si,1.75,12.3849,0.607923,0.00607923,10000
proton,18.1,Si,2.0,16.8817,1.00564,0.0100564,10000
proton,18.2,Si,0.5,2.67446,0.420499,0.00420499,10000
proton,18.2,Si,0.75,4.15873,0.471384,0.00471384,10000
proton,18.2,Si,1.0,5.78685,0.612368,0.00612368,10000
proton,18.2,Si,1.25,7.58783,0.56731,0.0056731,10000
proton,18.2,Si,1.5,9.66809,0.55782,0.0055782,10000
proton,18.2,Si,1.75,12.244,0.600266,0.00600266,10000
proton,18.2,Si,2.0,16.4108,0.917544,0.00917544,10000
proton,18.3,Si,0.5,2.65789,0.395551,0.00395551,10000
proton,18.3,Si,0.75,4.14602,0.572736,0.00572736,10000
proton,18.3,Si,1.0,5.73917,0.525215,0.00525215,10000
proton,18.3,Si,1.25,7.55042,0.683854,0.00683854,10000
proton,18.3,Si,1.5,9.60401,0.677537,0.00677537,10000
proton,18.3,Si,1.75,12.1184,0.624967,0.00624967,10000
proton,18.3,Si,2.0,15.9645,0.95164,0.0095164,10000
proton,18.4,Si,0.5,2.64714,0.318796,0.00318796,10000
proton,18.4,Si,0.75,4.12153,0.533743,0.00533743,10000
proton,18.4,Si,1.0,5.71402,0.596045,0.00596045,10000
proton,18.4,Si,1.25,7.49244,0.679984,0.00679984,10000
proton,18.4,Si,1.5,9.52858,0.651084,0.00651084,10000
proton,18.4,Si,1.75,11.9907,0.653539,0.00653539,10000
proton,18.4,Si,2.0,15.6241,0.828851,0.00828851,10000
proton,18.5,Si,0.5,2.63331,0.33091,0.0033091,10000
proton,18.5,Si,0.75,4.09301,0.471082,0.00471082,10000
proton,18.5,Si,1.0,5.68868,0.633183,0.00633183,10000
proton,18.5,Si,1.25,7.44406,0.666767,0.00666767,10000
proton,18.5,Si,1.5,9.4519,0.678491,0.00678491,10000
proton,18.5,Si,1.75,11.8661,0.655555,0.00655555,10000
proton,18.5,Si,2.0,15.3221,0.74963,0.0074963,10000
proton,18.6,Si,0.5,2.61816,0.333622,0.00333622,10000
proton,18.6,Si,0.75,4.07516,0.512995,0.00512995,10000
proton,18.6,Si,1.0,5.64931,0.599984,0.00599984,10000
proton,18.6,Si,1.25,7.39536,0.7133,0.007133,10000
proton,18.6,Si,1.5,9.36456,0.598883,0.00598883,10000
proton,18.6,Si,1.75,11.7387,0.602278,0.00602278,10000
proton,18.6,Si,2.0,15.0601,0.747637,0.00747637,10000
proton,18.7,Si,0.5,2.60255,0.253298,0.00253298,10000
proton,18.7,Si,0.75,4.04941,0.486084,0.00486084,10000
proton,18.7,Si,1.0,5.60443,0.5078,0.005078,10000
proton,18.7,Si,1.25,7.35318,0.687841,0.00687841,10000
proton,18.7,Si,1.5,9.30963,0.721456,0.00721456,10000
proton,18.7,Si,1.75,11.6224,0.64364,0.0064364,10000
proton,18.7,Si,2.0,14.8032,0.724247,0.00724247,10000
proton,18.8,Si,0.5,2.59159,0.273786,0.00273786,10000
proton,18.8,Si,0.75,4.0278,0.4864,0.004864,10000
proton,18.8,Si,1.0,5.58186,0.566934,0.00566934,10000
proton,18.8,Si,1.25,7.29441,0.633228,0.00633228,10000
proton,18.8,Si,1.5,9.23112,0.622089,0.00622089,10000
proton,18.8,Si,1.75,11.51,0.616432,0.00616432,10000
proton,18.8,Si,2.0,14.5849,0.731356,0.00731356,10000
proton,18.9,Si,0.5,2.59496,0.536911,0.00536911,10000
proton,18.9,Si,0.75,4.00904,0.504897,0.00504897,10000
proton,18.9,Si,1.0,5.54945,0.561048,0.00561048,10000
proton,18.9,Si,1.25,7.24675,0.627879,0.00627879,10000
proton,18.9,Si,1.5,9.16579,0.697185,0.00697185,10000
proton,18.9,Si,1.75,11.4061,0.619431,0.00619431,10000
proton,18.9,Si,2.0,14.3751,0.713874,0.00713874,10000
proton,19.0,Si,0.5,2.5688,0.320431,0.00320431,10000
proton,19.0,Si,0.75,3.9804,0.400036,0.00400036,10000
proton,19.0,Si,1.0,5.51431,0.531667,0.00531667,10000
proton,19.0,Si,1.25,7.19124,0.57805,0.0057805,10000
proton,19.0,Si,1.5,9.09666,0.697709,0.00697709,10000
proton,19.0,Si,1.75,11.3045,0.631934,0.00631934,10000
proton,19.0,Si,2.0,14.1866,0.722396,0.00722396,10000
proton,19.1,Si,0.5,2.5626,0.357883,0.00357883,10000
proton,19.1,Si,0.75,3.96655,0.422193,0.00422193,10000
proton,19.1,Si,1.0,5.47878,0.464091,0.00464091,10000
proton,19.1,Si,1.25,7.15911,0.672834,0.00672834,10000
proton,19.1,Si,1.5,9.02332,0.662194,0.00662194,10000
proton,19.1,Si,1.75,11.1996,0.659047,0.00659047,10000
proton,19.1,Si,2.0,14.0017,0.68646,0.0068646,10000
proton,19.2,Si,0.5,2.54804,0.355081,0.00355081,10000
proton,19.2,Si,0.75,3.94637,0.482114,0.00482114,10000
proton,19.2,Si,1.0,5.45201,0.568301,0.00568301,10000
proton,19.2,Si,1.25,7.11873,0.740862,0.00740862,10000
proton,19.2,Si,1.5,8.96329,0.673217,0.00673217,10000
proton,19.2,Si,1.75,11.1147,0.6791,0.006791,10000
proton,19.2,Si,2.0,13.8218,0.711997,0.00711997,10000
proton,19.3,Si,0.5,2.53241,0.285845,0.00285845,10000
proton,19.3,Si,0.75,3.93395,0.554714,0.00554714,10000
proton,19.3,Si,1.0,5.42355,0.52434,0.0052434,10000
proton,19.3,Si,1.25,7.06084,0.590303,0.00590303,10000
proton,19.3,Si,1.5,8.91177,0.758299,0.00758299,10000
proton,19.3,Si,1.75,11.0188,0.695041,0.00695041,10000
proton,19.3,Si,2.0,13.6741,0.728162,0.00728162,10000
proton,19.4,Si,0.5,2.52237,0.336484,0.00336484,10000
proton,19.4,Si,0.75,3.91777,0.518826,0.00518826,10000
proton,19.4,Si,1.0,5.40375,0.610803,0.00610803,10000
proton,19.4,Si,1.25,7.03463,0.741409,0.00741409,10000
proton,19.4,Si,1.5,8.83297,0.623723,0.00623723,10000
proton,19.4,Si,1.75,10.925,0.704094,0.00704094,10000
proton,19.4,Si,2.0,13.5102,0.672103,0.00672103,10000
proton,19.5,Si,0.5,2.50835,0.265661,0.00265661,10000
proton,19.5,Si,0.75,3.89104,0.445857,0.00445857,10000
proton,19.5,Si,1.0,5.36514,0.567526,0.00567526,10000
proton,19.5,Si,1.25,6.98813,0.733337,0.00733337,10000
proton,19.5,Si,1.5,8.77551,0.694028,0.00694028,10000
proton,19.5,Si,1.75,10.8227,0.638888,0.00638888,10000
proton,19.5,Si,2.0,13.3649,0.728814,0.00728814,10000
proton,19.6,Si,0.5,2.49976,0.352489,0.00352489,10000
proton,19.6,Si,0.75,3.87363,0.539403,0.00539403,10000
proton,19.6,Si,1.0,5.3464,0.606805,0.00606805,10000
proton,19.6,Si,1.25,6.94131,0.653668,0.00653668,10000
proton,19.6,Si,1.5,8.71402,0.698209,0.00698209,10000
proton,19.6,Si,1.75,10.7531,0.699217,0.00699217,10000
proton,19.6,Si,2.0,13.2384,0.748921,0.00748921,10000
proton,19.7,Si,0.5,2.49924,0.483363,0.00483363,10000
proton,19.7,Si,0.75,3.85349,0.497164,0.00497164,10000
proton,19.7,Si,1.0,5.31771,0.584035,0.00584035,10000
proton,19.7,Si,1.25,6.89119,0.583629,0.00583629,10000
proton,19.7,Si,1.5,8.66737,0.723614,0.00723614,10000
proton,19.7,Si,1.75,10.6668,0.679844,0.00679844,10000
proton,19.7,Si,2.0,13.0917,0.714495,0.00714495,10000
proton,19.8,Si,0.5,2.47855,0.349514,0.00349514,10000
proton,19.8,Si,0.75,3.82857,0.437633,0.00437633,10000
proton,19.8,Si,1.0,5.27571,0.51332,0.0051332,10000
proton,19.8,Si,1.25,6.86574,0.684217,0.00684217,10000
proton,19.8,Si,1.5,8.59902,0.696532,0.00696532,10000
proton,19.8,Si,1.75,10.6029,0.799825,0.00799825,10000
proton,19.8,Si,2.0,12.9554,0.738143,0.00738143,10000
proton,19.9,Si,0.5,2.46814,0.359064,0.00359064,10000
proton,19.9,Si,0.75,3.81252,0.457129,0.00457129,10000
proton,19.9,Si,1.0,5.26606,0.66099,0.0066099,10000
proton,19.9,Si,1.25,6.82061,0.647552,0.00647552,10000
proton,19.9,Si,1.5,8.55612,0.747994,0.00747994,10000
proton,19.9,Si,1.75,10.5022,0.759468,0.00759468,10000
proton,19.9,Si,2.0,12.8324,0.712808,0.00712808,10000
proton,20.0,Si,0.5,2.46255,0.405999,0.00405999,10000
proton,20.0,Si,0.75,3.79147,0.379633,0.00379633,10000
proton,20.0,Si,1.0,5.22549,0.54314,0.0054314,10000
proton,20.0,Si,1.25,6.78334,0.682375,0.00682375,10000
proton,20.0,Si,1.5,8.49804,0.756378,0.00756378,10000
proton,20.0,Si,1.75,10.4293,0.785242,0.00785242,10000
proton,20.0,Si,2.0,12.7177,0.754082,0.00754082,10000
